Order_ID,Order_Date,Customer_ID,Product_ID,Quantity,Discount,Product_Name,Category,Sub_Category,List_Price,Unit_Cost,Sales,Profit,Profit_Margin,Segment,City,State
O50000,2025-03-26,C1170,P2014,1.0,0.05,Chairs Product 15,Furniture,Chairs,12221.58,8595.65,11610.5,3014.85,0.2597,Corporate,Salem,Delhi
O50001,2025-10-09,C1024,P2003,1.0,0.15,Chairs Product 4,Furniture,Chairs,72789.1,60628.14,61870.74,1242.6,0.0201,Consumer,Kochi,Maharashtra
O50002,2025-11-24,C1250,P2062,3.0,0.15,Storage Product 63,Furniture,Storage,2688.9,1752.13,6856.7,1600.31,0.2334,Consumer,Chennai,Delhi
O50003,2025-10-31,C1252,P2039,2.0,0.15,Chairs Product 40,Furniture,Chairs,31822.56,23868.26,54098.35,6361.83,0.1176,Home Office,Chennai,Maharashtra
O50004,2025-04-27,C1386,P2008,2.0,0.1,Paper Product 9,Office Supplies,Paper,12546.55,8779.06,22583.79,5025.67,0.2225,Consumer,Pune,Maharashtra
O50005,2025-08-09,C1206,P2008,4.0,0.05,Paper Product 9,Office Supplies,Paper,12546.55,8779.06,47676.89,12560.65,0.2635,Consumer,Pune,Delhi
O50006,2025-06-03,C1028,P2025,3.0,0.25,Storage Product 26,Furniture,Storage,43441.32,34057.56,97742.97,-4429.71,-0.0453,Corporate,Chennai,Tamil Nadu
O50007,2025-06-02,C1116,P2003,1.0,0.25,Chairs Product 4,Furniture,Chairs,72789.1,60628.14,54591.82,-6036.32,-0.1106,Corporate,Pune,Telangana
O50008,2025-01-12,C1490,P2015,1.0,0.1,Tables Product 16,Furniture,Tables,38551.13,28836.5,34696.02,5859.52,0.1689,Consumer,Pune,Telangana
O50009,2025-05-13,C1415,P2014,5.0,0.2,Chairs Product 15,Furniture,Chairs,12221.58,8595.65,48886.32,5908.07,0.1209,Consumer,Hyderabad,Telangana
O50010,2025-10-31,C1281,P2051,5.0,0.1,Chairs Product 52,Furniture,Chairs,34641.74,21896.2,155887.83,46406.83,0.2977,Consumer,Kochi,Karnataka
O50011,2025-10-20,C1379,P2068,4.0,0.1,Binders Product 69,Office Supplies,Binders,73518.62,55006.72,264667.03,44640.15,0.1687,Consumer,Chennai,Karnataka
O50012,2025-10-27,C1143,P2004,1.0,0.05,Stationery Product 5,Office Supplies,Stationery,22154.95,19379.22,21047.2,1667.98,0.0792,Consumer,Delhi,Telangana
O50013,2025-08-16,C1024,P2019,4.0,0.1,Chairs Product 20,Furniture,Chairs,44904.0,24841.99,161654.4,62286.44,0.3853,Consumer,Kochi,Maharashtra
O50014,2025-09-28,C1309,P2078,3.0,0.15,Tables Product 79,Furniture,Tables,6133.72,4595.0,15640.99,1855.99,0.1187,Consumer,Pune,Kerala
O50015,2025-02-12,C1155,P2017,2.0,0.0,Stationery Product 18,Office Supplies,Stationery,38596.4,22564.5,77192.8,32063.8,0.4154,Consumer,Hyderabad,Tamil Nadu
O50016,2025-12-09,C1072,P2001,1.0,0.1,Tables Product 2,Furniture,Tables,61893.98,38740.54,55704.58,16964.04,0.3045,Consumer,Mumbai,Maharashtra
O50017,2025-11-22,C1119,P2012,3.0,0.2,Laptops Product 13,Technology,Laptops,16281.82,11596.34,39076.37,4287.35,0.1097,Consumer,Hyderabad,Maharashtra
O50018,2025-10-29,C1311,P2003,1.0,0.15,Chairs Product 4,Furniture,Chairs,72789.1,60628.14,61870.74,1242.6,0.0201,Consumer,Salem,Telangana
O50019,2025-12-30,C1320,P2041,5.0,0.15,Laptops Product 42,Technology,Laptops,17089.78,12912.68,72631.56,8068.16,0.1111,Consumer,Kochi,Telangana
O50020,2025-01-21,C1092,P2073,4.0,0.25,Tables Product 74,Furniture,Tables,74076.28,51453.16,222228.84,16416.2,0.0739,Corporate,Pune,Karnataka
O50021,2025-04-17,C1085,P2060,5.0,0.0,Laptops Product 61,Technology,Laptops,51237.86,42856.01,256189.3,41909.25,0.1636,Consumer,Coimbatore,Tamil Nadu
O50022,2025-12-02,C1335,P2007,2.0,0.15,Storage Product 8,Furniture,Storage,77465.02,47348.43,131690.53,36993.67,0.2809,Consumer,Hyderabad,Kerala
O50023,2025-10-30,C1424,P2066,5.0,0.2,Stationery Product 67,Office Supplies,Stationery,54754.87,39098.68,219019.48,23526.08,0.1074,Consumer,Salem,Karnataka
O50024,2025-04-27,C1498,P2062,1.0,0.15,Storage Product 63,Furniture,Storage,2688.9,1752.13,2285.56,533.43,0.2334,Home Office,Salem,Kerala
O50025,2025-05-04,C1363,P2008,5.0,0.1,Paper Product 9,Office Supplies,Paper,12546.55,8779.06,56459.48,12564.18,0.2225,Consumer,Hyderabad,Tamil Nadu
O50026,2025-10-08,C1434,P2010,1.0,0.05,Phones Product 11,Technology,Phones,49447.03,40193.38,46974.68,6781.3,0.1444,Consumer,Madurai,Maharashtra
O50027,2025-10-19,C1117,P2041,2.0,0.2,Laptops Product 42,Technology,Laptops,17089.78,12912.68,27343.65,1518.29,0.0555,Consumer,Hyderabad,Tamil Nadu
O50028,2025-07-22,C1232,P2012,5.0,0.1,Laptops Product 13,Technology,Laptops,16281.82,11596.34,73268.19,15286.49,0.2086,Consumer,Salem,Karnataka
O50029,2025-02-20,C1198,P2035,4.0,0.2,Phones Product 36,Technology,Phones,2743.0,1741.9,8777.6,1810.0,0.2062,Home Office,Bengaluru,Karnataka
O50030,2025-09-28,C1205,P2012,4.0,0.15,Laptops Product 13,Technology,Laptops,16281.82,11596.34,55358.19,8972.83,0.1621,Consumer,Coimbatore,Maharashtra
O50031,2025-11-20,C1412,P2011,4.0,0.15,Tables Product 12,Furniture,Tables,47986.68,36009.74,163154.71,19115.75,0.1172,Home Office,Kochi,Maharashtra
O50032,2025-10-04,C1338,P2036,5.0,0.2,Tables Product 37,Furniture,Tables,76874.21,52831.76,307496.84,43338.04,0.1409,Consumer,Salem,Maharashtra
O50033,2025-05-21,C1146,P2073,5.0,0.15,Tables Product 74,Furniture,Tables,74076.28,51453.16,314824.19,57558.39,0.1828,Corporate,Salem,Telangana
O50034,2025-10-02,C1449,P2072,5.0,0.1,Accessories Product 73,Technology,Accessories,59154.4,49684.38,266194.8,17772.9,0.0668,Consumer,Mumbai,Delhi
O50035,2025-10-17,C1424,P2051,1.0,0.1,Chairs Product 52,Furniture,Chairs,34641.74,21896.2,31177.57,9281.37,0.2977,Consumer,Salem,Karnataka
O50036,2025-11-30,C1428,P2070,2.0,0.2,Phones Product 71,Technology,Phones,79953.27,45246.36,127925.23,37432.51,0.2926,Consumer,Coimbatore,Delhi
O50037,2025-02-21,C1270,P2001,4.0,0.1,Tables Product 2,Furniture,Tables,61893.98,38740.54,222818.33,67856.17,0.3045,Corporate,Hyderabad,Delhi
O50038,2025-01-27,C1386,P2055,1.0,0.1,Binders Product 56,Office Supplies,Binders,16705.54,9805.04,15034.99,5229.95,0.3479,Consumer,Pune,Maharashtra
O50039,2025-06-06,C1138,P2059,4.0,0.0,Chairs Product 60,Furniture,Chairs,38547.8,29927.33,154191.2,34481.88,0.2236,Consumer,Delhi,Kerala
O50040,2025-08-27,C1180,P2022,1.0,0.25,Accessories Product 23,Technology,Accessories,16308.47,12700.29,12231.35,-468.94,-0.0383,Consumer,Madurai,Maharashtra
O50041,2025-06-05,C1429,P2039,5.0,0.0,Chairs Product 40,Furniture,Chairs,31822.56,23868.26,159112.8,39771.5,0.25,Consumer,Chennai,Karnataka
O50042,2025-10-18,C1029,P2063,4.0,0.15,Binders Product 64,Office Supplies,Binders,58712.04,35437.77,199620.94,57869.86,0.2899,Consumer,Chennai,Maharashtra
O50043,2025-05-16,C1056,P2022,5.0,0.1,Accessories Product 23,Technology,Accessories,16308.47,12700.29,73388.11,9886.66,0.1347,Consumer,Chennai,Karnataka
O50044,2025-05-24,C1231,P2028,4.0,0.1,Tables Product 29,Furniture,Tables,62771.45,44486.02,225977.22,48033.14,0.2126,Consumer,Hyderabad,Telangana
O50045,2025-04-16,C1145,P2077,3.0,0.15,Laptops Product 78,Technology,Laptops,47839.89,34926.79,121991.72,17211.35,0.1411,Consumer,Mumbai,Delhi
O50046,2025-06-07,C1434,P2050,1.0,0.0,Phones Product 51,Technology,Phones,26671.88,18619.55,26671.88,8052.33,0.3019,Consumer,Madurai,Maharashtra
O50047,2025-05-26,C1383,P2068,3.0,0.15,Binders Product 69,Office Supplies,Binders,73518.62,55006.72,187472.48,22452.32,0.1198,Home Office,Kochi,Kerala
O50048,2025-01-02,C1047,P2030,1.0,0.2,Chairs Product 31,Furniture,Chairs,38498.53,28996.9,30798.82,1801.92,0.0585,Consumer,Delhi,Karnataka
O50049,2025-03-18,C1193,P2049,2.0,0.2,Accessories Product 50,Technology,Accessories,36467.03,22897.52,58347.25,12552.21,0.2151,Corporate,Salem,Tamil Nadu
O50050,2025-05-12,C1223,P2019,4.0,0.05,Chairs Product 20,Furniture,Chairs,44904.0,24841.99,170635.2,71267.24,0.4177,Consumer,Bengaluru,Delhi
O50051,2025-03-31,C1135,P2054,2.0,0.25,Chairs Product 55,Furniture,Chairs,56519.23,39410.95,84778.84,5956.94,0.0703,Consumer,Chennai,Maharashtra
O50052,2025-12-11,C1021,P2001,2.0,0.15,Tables Product 2,Furniture,Tables,61893.98,38740.54,105219.77,27738.69,0.2636,Consumer,Chennai,Maharashtra
O50053,2025-12-16,C1005,P2024,1.0,0.2,Storage Product 25,Furniture,Storage,71728.84,53529.53,57383.07,3853.54,0.0672,Consumer,Hyderabad,Karnataka
O50054,2025-09-20,C1203,P2012,3.0,0.1,Laptops Product 13,Technology,Laptops,16281.82,11596.34,43960.91,9171.89,0.2086,Home Office,Hyderabad,Tamil Nadu
O50055,2025-12-17,C1238,P2069,5.0,0.15,Binders Product 70,Office Supplies,Binders,31690.99,24240.66,134686.71,13483.41,0.1001,Corporate,Mumbai,Tamil Nadu
O50056,2025-04-18,C1184,P2066,1.0,0.25,Stationery Product 67,Office Supplies,Stationery,54754.87,39098.68,41066.15,1967.47,0.0479,Consumer,Chennai,Tamil Nadu
O50057,2025-03-15,C1359,P2057,5.0,0.25,Laptops Product 58,Technology,Laptops,10032.16,7014.74,37620.6,2546.9,0.0677,Consumer,Hyderabad,Telangana
O50058,2025-02-08,C1291,P2074,2.0,0.1,Paper Product 75,Office Supplies,Paper,63885.75,44320.26,114994.35,26353.83,0.2292,Consumer,Salem,Tamil Nadu
O50059,2025-06-08,C1334,P2063,5.0,0.05,Binders Product 64,Office Supplies,Binders,58712.04,35437.77,278882.19,101693.34,0.3646,Consumer,Chennai,Telangana
O50060,2025-03-12,C1219,P2068,3.0,0.1,Binders Product 69,Office Supplies,Binders,73518.62,55006.72,198500.27,33480.11,0.1687,Corporate,Madurai,Karnataka
O50061,2025-11-08,C1115,P2058,1.0,0.1,Paper Product 59,Office Supplies,Paper,8533.72,6340.06,7680.35,1340.29,0.1745,Home Office,Salem,Delhi
O50062,2025-08-29,C1312,P2059,3.0,0.1,Chairs Product 60,Furniture,Chairs,38547.8,29927.33,104079.06,14297.07,0.1374,Consumer,Chennai,Kerala
O50063,2025-10-25,C1048,P2061,3.0,0.05,Storage Product 62,Furniture,Storage,41881.88,27770.86,119363.36,36050.78,0.302,Consumer,Delhi,Delhi
O50064,2025-02-05,C1172,P2015,1.0,0.2,Tables Product 16,Furniture,Tables,38551.13,28836.5,30840.9,2004.4,0.065,Consumer,Bengaluru,Karnataka
O50065,2025-03-25,C1081,P2067,3.0,0.0,Storage Product 68,Furniture,Storage,45777.6,25636.72,137332.8,60422.64,0.44,Corporate,Coimbatore,Kerala
O50066,2025-09-20,C1321,P2014,4.0,0.15,Chairs Product 15,Furniture,Chairs,12221.58,8595.65,41553.37,7170.77,0.1726,Corporate,Pune,Karnataka
O50067,2025-11-06,C1332,P2054,4.0,0.05,Chairs Product 55,Furniture,Chairs,56519.23,39410.95,214773.07,57129.27,0.266,Consumer,Delhi,Tamil Nadu
O50068,2025-06-21,C1044,P2034,4.0,0.1,Stationery Product 35,Office Supplies,Stationery,6797.66,4643.32,24471.58,5898.3,0.241,Consumer,Kochi,Kerala
O50069,2025-06-22,C1334,P2054,5.0,0.0,Chairs Product 55,Furniture,Chairs,56519.23,39410.95,282596.15,85541.4,0.3027,Consumer,Chennai,Telangana
O50070,2025-12-28,C1019,P2013,3.0,0.05,Phones Product 14,Technology,Phones,26276.26,19570.22,74887.34,16176.68,0.216,Consumer,Chennai,Maharashtra
O50071,2025-02-16,C1447,P2048,1.0,0.2,Storage Product 49,Furniture,Storage,47196.49,35282.94,37757.19,2474.25,0.0655,Corporate,Chennai,Delhi
O50072,2025-05-21,C1220,P2006,1.0,0.2,Laptops Product 7,Technology,Laptops,57279.45,42140.92,45823.56,3682.64,0.0804,Corporate,Mumbai,Telangana
O50073,2025-04-28,C1122,P2029,5.0,0.05,Phones Product 30,Technology,Phones,35257.0,27824.57,167470.75,28347.9,0.1693,Consumer,Bengaluru,Karnataka
O50074,2025-10-04,C1233,P2048,1.0,0.1,Storage Product 49,Furniture,Storage,47196.49,35282.94,42476.84,7193.9,0.1694,Consumer,Salem,Kerala
O50075,2025-08-02,C1220,P2015,4.0,0.1,Tables Product 16,Furniture,Tables,38551.13,28836.5,138784.07,23438.07,0.1689,Corporate,Mumbai,Telangana
O50076,2025-08-08,C1322,P2050,3.0,0.2,Phones Product 51,Technology,Phones,26671.88,18619.55,64012.51,8153.86,0.1274,Corporate,Pune,Tamil Nadu
O50077,2025-01-26,C1338,P2071,1.0,0.2,Paper Product 72,Office Supplies,Paper,79468.95,63440.16,63575.16,135.0,0.0021,Consumer,Salem,Maharashtra
O50078,2025-01-09,C1002,P2079,1.0,0.1,Tables Product 80,Furniture,Tables,60819.74,43495.05,54737.77,11242.72,0.2054,Corporate,Mumbai,Telangana
O50079,2025-09-28,C1181,P2041,2.0,0.15,Laptops Product 42,Technology,Laptops,17089.78,12912.68,29052.63,3227.27,0.1111,Consumer,Salem,Tamil Nadu
O50080,2025-01-10,C1205,P2016,2.0,0.2,Laptops Product 17,Technology,Laptops,60637.62,52413.59,97020.19,-7806.99,-0.0805,Consumer,Coimbatore,Maharashtra
O50081,2025-05-01,C1319,P2062,2.0,0.0,Storage Product 63,Furniture,Storage,2688.9,1752.13,5377.8,1873.54,0.3484,Consumer,Coimbatore,Karnataka
O50082,2025-05-05,C1039,P2044,3.0,0.1,Stationery Product 45,Office Supplies,Stationery,33218.58,19028.06,89690.17,32605.99,0.3635,Consumer,Kochi,Delhi
O50083,2025-06-19,C1058,P2076,4.0,0.25,Phones Product 77,Technology,Phones,31874.96,24846.67,95624.88,-3761.8,-0.0393,Consumer,Pune,Tamil Nadu
O50084,2025-03-13,C1438,P2006,4.0,0.15,Laptops Product 7,Technology,Laptops,57279.45,42140.92,194750.13,26186.45,0.1345,Corporate,Pune,Delhi
O50085,2025-06-01,C1061,P2026,4.0,0.15,Binders Product 27,Office Supplies,Binders,50136.78,40537.07,170465.05,8316.77,0.0488,Consumer,Madurai,Karnataka
O50086,2025-07-27,C1131,P2009,3.0,0.1,Storage Product 10,Furniture,Storage,50209.76,29789.99,135566.35,46196.38,0.3408,Consumer,Delhi,Delhi
O50087,2025-02-18,C1059,P2033,3.0,0.1,Accessories Product 34,Technology,Accessories,18507.84,16264.51,49971.17,1177.64,0.0236,Consumer,Coimbatore,Delhi
O50088,2025-06-03,C1371,P2035,2.0,0.1,Phones Product 36,Technology,Phones,2743.0,1741.9,4937.4,1453.6,0.2944,Consumer,Salem,Maharashtra
O50089,2025-12-13,C1330,P2024,1.0,0.15,Storage Product 25,Furniture,Storage,71728.84,53529.53,60969.51,7439.98,0.122,Consumer,Bengaluru,Maharashtra
O50090,2025-10-20,C1121,P2005,5.0,0.1,Tables Product 6,Furniture,Tables,18627.38,11555.02,83823.21,26048.11,0.3108,Home Office,Mumbai,Telangana
O50091,2025-03-09,C1478,P2023,5.0,0.15,Binders Product 24,Office Supplies,Binders,13648.36,7977.57,58005.53,18117.68,0.3123,Home Office,Madurai,Maharashtra
O50092,2025-02-19,C1106,P2017,1.0,0.2,Stationery Product 18,Office Supplies,Stationery,38596.4,22564.5,30877.12,8312.62,0.2692,Consumer,Kochi,Tamil Nadu
O50093,2025-06-01,C1095,P2005,2.0,0.05,Tables Product 6,Furniture,Tables,18627.38,11555.02,35392.02,12281.98,0.347,Consumer,Bengaluru,Telangana
O50094,2025-01-19,C1346,P2028,1.0,0.1,Tables Product 29,Furniture,Tables,62771.45,44486.02,56494.3,12008.28,0.2126,Corporate,Coimbatore,Telangana
O50095,2025-04-10,C1413,P2024,1.0,0.1,Storage Product 25,Furniture,Storage,71728.84,53529.53,64555.96,11026.43,0.1708,Consumer,Mumbai,Karnataka
O50096,2025-03-01,C1234,P2054,5.0,0.15,Chairs Product 55,Furniture,Chairs,56519.23,39410.95,240206.73,43151.98,0.1796,Consumer,Chennai,Tamil Nadu
O50097,2025-06-16,C1385,P2045,2.0,0.05,Tables Product 46,Furniture,Tables,69698.77,48576.61,132427.66,35274.44,0.2664,Corporate,Kochi,Kerala
O50098,2025-07-21,C1061,P2023,3.0,0.15,Binders Product 24,Office Supplies,Binders,13648.36,7977.57,34803.32,10870.61,0.3123,Consumer,Madurai,Karnataka
O50099,2025-12-11,C1255,P2074,5.0,0.2,Paper Product 75,Office Supplies,Paper,63885.75,44320.26,255543.0,33941.7,0.1328,Consumer,Salem,Telangana
O50100,2025-05-26,C1048,P2025,3.0,0.1,Storage Product 26,Furniture,Storage,43441.32,34057.56,117291.56,15118.88,0.1289,Consumer,Delhi,Delhi
O50101,2025-06-13,C1392,P2027,2.0,0.25,Storage Product 28,Furniture,Storage,6685.15,5650.89,10027.72,-1274.06,-0.1271,Consumer,Bengaluru,Maharashtra
O50102,2025-08-30,C1347,P2002,1.0,0.3,Accessories Product 3,Technology,Accessories,76083.83,45638.81,53258.68,7619.87,0.1431,Consumer,Delhi,Telangana
O50103,2025-03-10,C1158,P2074,4.0,0.05,Paper Product 75,Office Supplies,Paper,63885.75,44320.26,242765.85,65484.81,0.2697,Consumer,Delhi,Tamil Nadu
O50104,2025-06-24,C1123,P2037,4.0,0.05,Paper Product 38,Office Supplies,Paper,27871.02,18741.67,105909.88,30943.2,0.2922,Consumer,Bengaluru,Maharashtra
O50105,2025-02-18,C1481,P2060,2.0,0.25,Laptops Product 61,Technology,Laptops,51237.86,42856.01,76856.79,-8855.23,-0.1152,Corporate,Delhi,Telangana
O50106,2025-04-18,C1316,P2077,4.0,0.25,Laptops Product 78,Technology,Laptops,47839.89,34926.79,143519.67,3812.51,0.0266,Consumer,Chennai,Telangana
O50107,2025-08-14,C1206,P2050,3.0,0.0,Phones Product 51,Technology,Phones,26671.88,18619.55,80015.64,24156.99,0.3019,Consumer,Pune,Delhi
O50108,2025-06-10,C1047,P2047,4.0,0.0,Chairs Product 48,Furniture,Chairs,77562.16,49266.25,310248.64,113183.64,0.3648,Consumer,Delhi,Karnataka
O50109,2025-04-29,C1408,P2020,2.0,0.05,Phones Product 21,Technology,Phones,42879.1,36071.45,81470.29,9327.39,0.1145,Home Office,Bengaluru,Maharashtra
O50110,2025-05-29,C1419,P2053,2.0,0.3,Accessories Product 54,Technology,Accessories,58991.24,45367.54,82587.74,-8147.34,-0.0987,Corporate,Mumbai,Telangana
O50111,2025-05-30,C1135,P2055,3.0,0.05,Binders Product 56,Office Supplies,Binders,16705.54,9805.04,47610.79,18195.67,0.3822,Consumer,Chennai,Maharashtra
O50112,2025-10-20,C1200,P2058,4.0,0.1,Paper Product 59,Office Supplies,Paper,8533.72,6340.06,30721.39,5361.15,0.1745,Corporate,Mumbai,Maharashtra
O50113,2025-05-23,C1249,P2071,4.0,0.2,Paper Product 72,Office Supplies,Paper,79468.95,63440.16,254300.64,540.0,0.0021,Home Office,Hyderabad,Karnataka
O50114,2025-06-09,C1313,P2050,1.0,0.0,Phones Product 51,Technology,Phones,26671.88,18619.55,26671.88,8052.33,0.3019,Home Office,Madurai,Maharashtra
O50115,2025-01-11,C1356,P2019,5.0,0.15,Chairs Product 20,Furniture,Chairs,44904.0,24841.99,190842.0,66632.05,0.3491,Consumer,Pune,Karnataka
O50116,2025-05-18,C1367,P2058,2.0,0.05,Paper Product 59,Office Supplies,Paper,8533.72,6340.06,16214.07,3533.95,0.218,Home Office,Hyderabad,Kerala
O50117,2025-03-19,C1428,P2070,1.0,0.2,Phones Product 71,Technology,Phones,79953.27,45246.36,63962.62,18716.26,0.2926,Consumer,Coimbatore,Delhi
O50118,2025-03-18,C1317,P2008,2.0,0.1,Paper Product 9,Office Supplies,Paper,12546.55,8779.06,22583.79,5025.67,0.2225,Consumer,Chennai,Maharashtra
O50119,2025-09-11,C1294,P2000,1.0,0.15,Laptops Product 1,Technology,Laptops,13340.82,10836.58,11339.7,503.12,0.0444,Consumer,Kochi,Kerala
O50120,2025-09-15,C1479,P2028,5.0,0.15,Tables Product 29,Furniture,Tables,62771.45,44486.02,266778.66,44348.56,0.1662,Consumer,Madurai,Kerala
O50121,2025-11-16,C1313,P2062,1.0,0.05,Storage Product 63,Furniture,Storage,2688.9,1752.13,2554.46,802.33,0.3141,Home Office,Madurai,Maharashtra
O50122,2025-10-18,C1499,P2071,2.0,0.0,Paper Product 72,Office Supplies,Paper,79468.95,63440.16,158937.9,32057.58,0.2017,Home Office,Mumbai,Tamil Nadu
O50123,2025-09-20,C1208,P2055,4.0,0.1,Binders Product 56,Office Supplies,Binders,16705.54,9805.04,60139.94,20919.78,0.3479,Consumer,Kochi,Delhi
O50124,2025-03-26,C1354,P2067,2.0,0.1,Storage Product 68,Furniture,Storage,45777.6,25636.72,82399.68,31126.24,0.3777,Consumer,Pune,Delhi
O50125,2025-05-26,C1484,P2034,3.0,0.2,Stationery Product 35,Office Supplies,Stationery,6797.66,4643.32,16314.38,2384.42,0.1462,Corporate,Coimbatore,Maharashtra
O50126,2025-11-19,C1210,P2002,3.0,0.2,Accessories Product 3,Technology,Accessories,76083.83,45638.81,182601.19,45684.76,0.2502,Consumer,Chennai,Tamil Nadu
O50127,2025-02-11,C1191,P2006,3.0,0.1,Laptops Product 7,Technology,Laptops,57279.45,42140.92,154654.51,28231.75,0.1825,Home Office,Coimbatore,Delhi
O50128,2025-05-05,C1043,P2026,3.0,0.15,Binders Product 27,Office Supplies,Binders,50136.78,40537.07,127848.79,6237.58,0.0488,Home Office,Madurai,Maharashtra
O50129,2025-06-16,C1028,P2000,5.0,0.15,Laptops Product 1,Technology,Laptops,13340.82,10836.58,56698.48,2515.58,0.0444,Corporate,Chennai,Tamil Nadu
O50130,2025-08-29,C1058,P2079,4.0,0.2,Tables Product 80,Furniture,Tables,60819.74,43495.05,194623.17,20642.97,0.1061,Consumer,Pune,Tamil Nadu
O50131,2025-10-07,C1070,P2070,4.0,0.1,Phones Product 71,Technology,Phones,79953.27,45246.36,287831.77,106846.33,0.3712,Corporate,Salem,Karnataka
O50132,2025-07-07,C1091,P2043,2.0,0.05,Tables Product 44,Furniture,Tables,14620.74,9187.52,27779.41,9404.37,0.3385,Corporate,Chennai,Maharashtra
O50133,2025-10-29,C1264,P2040,1.0,0.05,Tables Product 41,Furniture,Tables,52504.24,46067.43,49879.03,3811.6,0.0764,Home Office,Kochi,Maharashtra
O50134,2025-01-19,C1382,P2074,2.0,0.15,Paper Product 75,Office Supplies,Paper,63885.75,44320.26,108605.78,19965.26,0.1838,Corporate,Hyderabad,Maharashtra
O50135,2025-03-09,C1219,P2041,2.0,0.1,Laptops Product 42,Technology,Laptops,17089.78,12912.68,30761.6,4936.24,0.1605,Corporate,Madurai,Karnataka
O50136,2025-08-06,C1389,P2032,2.0,0.1,Stationery Product 33,Office Supplies,Stationery,3779.83,2280.57,6803.69,2242.55,0.3296,Corporate,Delhi,Karnataka
O50137,2025-04-12,C1412,P2049,2.0,0.0,Accessories Product 50,Technology,Accessories,36467.03,22897.52,72934.06,27139.02,0.3721,Home Office,Kochi,Maharashtra
O50138,2025-02-11,C1441,P2062,4.0,0.15,Storage Product 63,Furniture,Storage,2688.9,1752.13,9142.26,2133.74,0.2334,Home Office,Salem,Tamil Nadu
O50139,2025-10-15,C1400,P2036,1.0,0.05,Tables Product 37,Furniture,Tables,76874.21,52831.76,73030.5,20198.74,0.2766,Consumer,Delhi,Tamil Nadu
O50140,2025-06-16,C1399,P2058,2.0,0.05,Paper Product 59,Office Supplies,Paper,8533.72,6340.06,16214.07,3533.95,0.218,Corporate,Kochi,Maharashtra
O50141,2025-04-19,C1214,P2047,4.0,0.1,Chairs Product 48,Furniture,Chairs,77562.16,49266.25,279223.78,82158.78,0.2942,Corporate,Salem,Maharashtra
O50142,2025-02-05,C1478,P2004,2.0,0.05,Stationery Product 5,Office Supplies,Stationery,22154.95,19379.22,42094.4,3335.96,0.0792,Home Office,Madurai,Maharashtra
O50143,2025-08-20,C1386,P2047,3.0,0.15,Chairs Product 48,Furniture,Chairs,77562.16,49266.25,197783.51,49984.76,0.2527,Consumer,Pune,Maharashtra
O50144,2025-08-17,C1276,P2002,2.0,0.1,Accessories Product 3,Technology,Accessories,76083.83,45638.81,136950.89,45673.27,0.3335,Corporate,Pune,Tamil Nadu
O50145,2025-12-19,C1063,P2046,2.0,0.1,Chairs Product 47,Furniture,Chairs,53110.92,30880.61,95599.66,33838.44,0.354,Consumer,Delhi,Tamil Nadu
O50146,2025-06-13,C1345,P2061,5.0,0.15,Storage Product 62,Furniture,Storage,41881.88,27770.86,177997.99,39143.69,0.2199,Corporate,Salem,Tamil Nadu
O50147,2025-03-14,C1291,P2013,3.0,0.05,Phones Product 14,Technology,Phones,26276.26,19570.22,74887.34,16176.68,0.216,Consumer,Salem,Tamil Nadu
O50148,2025-05-16,C1489,P2062,1.0,0.05,Storage Product 63,Furniture,Storage,2688.9,1752.13,2554.46,802.33,0.3141,Home Office,Madurai,Delhi
O50149,2025-12-19,C1484,P2060,2.0,0.2,Laptops Product 61,Technology,Laptops,51237.86,42856.01,81980.58,-3731.44,-0.0455,Corporate,Coimbatore,Maharashtra
O50150,2025-03-11,C1244,P2030,1.0,0.1,Chairs Product 31,Furniture,Chairs,38498.53,28996.9,34648.68,5651.78,0.1631,Consumer,Salem,Kerala
O50151,2025-07-15,C1469,P2016,3.0,0.1,Laptops Product 17,Technology,Laptops,60637.62,52413.59,163721.57,6480.8,0.0396,Home Office,Coimbatore,Karnataka
O50152,2025-09-26,C1061,P2023,2.0,0.0,Binders Product 24,Office Supplies,Binders,13648.36,7977.57,27296.72,11341.58,0.4155,Consumer,Madurai,Karnataka
O50153,2025-02-18,C1425,P2022,5.0,0.1,Accessories Product 23,Technology,Accessories,16308.47,12700.29,73388.11,9886.66,0.1347,Consumer,Coimbatore,Karnataka
O50154,2025-11-12,C1331,P2049,4.0,0.15,Accessories Product 50,Technology,Accessories,36467.03,22897.52,123987.9,32397.82,0.2613,Corporate,Pune,Delhi
O50155,2025-05-10,C1169,P2077,5.0,0.15,Laptops Product 78,Technology,Laptops,47839.89,34926.79,203319.53,28685.58,0.1411,Corporate,Delhi,Telangana
O50156,2025-01-05,C1444,P2078,5.0,0.15,Tables Product 79,Furniture,Tables,6133.72,4595.0,26068.31,3093.31,0.1187,Corporate,Kochi,Kerala
O50157,2025-01-27,C1268,P2078,4.0,0.05,Tables Product 79,Furniture,Tables,6133.72,4595.0,23308.14,4928.14,0.2114,Consumer,Pune,Tamil Nadu
O50158,2025-06-09,C1266,P2069,4.0,0.05,Binders Product 70,Office Supplies,Binders,31690.99,24240.66,120425.76,23463.12,0.1948,Corporate,Delhi,Tamil Nadu
O50159,2025-05-29,C1053,P2026,4.0,0.2,Binders Product 27,Office Supplies,Binders,50136.78,40537.07,160437.7,-1710.58,-0.0107,Home Office,Chennai,Telangana
O50160,2025-09-21,C1015,P2014,2.0,0.25,Chairs Product 15,Furniture,Chairs,12221.58,8595.65,18332.37,1141.07,0.0622,Consumer,Coimbatore,Delhi
O50161,2025-08-18,C1007,P2049,1.0,0.05,Accessories Product 50,Technology,Accessories,36467.03,22897.52,34643.68,11746.16,0.3391,Home Office,Salem,Delhi
O50162,2025-07-19,C1103,P2035,1.0,0.1,Phones Product 36,Technology,Phones,2743.0,1741.9,2468.7,726.8,0.2944,Consumer,Chennai,Maharashtra
O50163,2025-02-19,C1058,P2007,4.0,0.05,Storage Product 8,Furniture,Storage,77465.02,47348.43,294367.08,104973.36,0.3566,Consumer,Pune,Tamil Nadu
O50164,2025-03-08,C1312,P2078,5.0,0.0,Tables Product 79,Furniture,Tables,6133.72,4595.0,30668.6,7693.6,0.2509,Consumer,Chennai,Kerala
O50165,2025-10-27,C1039,P2002,3.0,0.1,Accessories Product 3,Technology,Accessories,76083.83,45638.81,205426.34,68509.91,0.3335,Consumer,Kochi,Delhi
O50166,2025-02-27,C1236,P2061,4.0,0.05,Storage Product 62,Furniture,Storage,41881.88,27770.86,159151.14,48067.7,0.302,Consumer,Salem,Maharashtra
O50167,2025-09-16,C1442,P2046,5.0,0.15,Chairs Product 47,Furniture,Chairs,53110.92,30880.61,225721.41,71318.36,0.316,Consumer,Delhi,Tamil Nadu
O50168,2025-12-08,C1385,P2076,5.0,0.15,Phones Product 77,Technology,Phones,31874.96,24846.67,135468.58,11235.23,0.0829,Corporate,Kochi,Kerala
O50169,2025-11-22,C1093,P2060,2.0,0.05,Laptops Product 61,Technology,Laptops,51237.86,42856.01,97351.93,11639.91,0.1196,Consumer,Madurai,Delhi
O50170,2025-05-10,C1221,P2031,2.0,0.0,Phones Product 32,Technology,Phones,27150.59,16564.55,54301.18,21172.08,0.3899,Consumer,Madurai,Karnataka
O50171,2025-08-03,C1203,P2012,1.0,0.2,Laptops Product 13,Technology,Laptops,16281.82,11596.34,13025.46,1429.12,0.1097,Home Office,Hyderabad,Tamil Nadu
O50172,2025-06-21,C1137,P2000,1.0,0.05,Laptops Product 1,Technology,Laptops,13340.82,10836.58,12673.78,1837.2,0.145,Corporate,Mumbai,Karnataka
O50173,2025-09-15,C1299,P2033,3.0,0.15,Accessories Product 34,Technology,Accessories,18507.84,16264.51,47194.99,-1598.54,-0.0339,Consumer,Bengaluru,Maharashtra
O50174,2025-04-12,C1394,P2061,3.0,0.1,Storage Product 62,Furniture,Storage,41881.88,27770.86,113081.08,29768.5,0.2632,Consumer,Mumbai,Karnataka
O50175,2025-07-28,C1206,P2078,3.0,0.15,Tables Product 79,Furniture,Tables,6133.72,4595.0,15640.99,1855.99,0.1187,Consumer,Pune,Delhi
O50176,2025-10-18,C1335,P2077,3.0,0.1,Laptops Product 78,Technology,Laptops,47839.89,34926.79,129167.7,24387.33,0.1888,Consumer,Hyderabad,Kerala
O50177,2025-12-20,C1080,P2070,5.0,0.0,Phones Product 71,Technology,Phones,79953.27,45246.36,399766.35,173534.55,0.4341,Home Office,Salem,Karnataka
O50178,2025-10-13,C1217,P2030,5.0,0.05,Chairs Product 31,Furniture,Chairs,38498.53,28996.9,182868.02,37883.52,0.2072,Corporate,Hyderabad,Kerala
O50179,2025-04-26,C1001,P2063,1.0,0.05,Binders Product 64,Office Supplies,Binders,58712.04,35437.77,55776.44,20338.67,0.3646,Home Office,Chennai,Telangana
O50180,2025-09-21,C1177,P2024,2.0,0.1,Storage Product 25,Furniture,Storage,71728.84,53529.53,129111.91,22052.85,0.1708,Consumer,Madurai,Telangana
O50181,2025-05-30,C1395,P2037,2.0,0.15,Paper Product 38,Office Supplies,Paper,27871.02,18741.67,47380.73,9897.39,0.2089,Home Office,Salem,Telangana
O50182,2025-10-27,C1370,P2013,4.0,0.05,Phones Product 14,Technology,Phones,26276.26,19570.22,99849.79,21568.91,0.216,Consumer,Salem,Tamil Nadu
O50183,2025-02-05,C1345,P2007,5.0,0.0,Storage Product 8,Furniture,Storage,77465.02,47348.43,387325.1,150582.95,0.3888,Corporate,Salem,Tamil Nadu
O50184,2025-11-29,C1278,P2053,3.0,0.1,Accessories Product 54,Technology,Accessories,58991.24,45367.54,159276.35,23173.73,0.1455,Corporate,Madurai,Maharashtra
O50185,2025-10-14,C1145,P2001,3.0,0.15,Tables Product 2,Furniture,Tables,61893.98,38740.54,157829.65,41608.03,0.2636,Consumer,Mumbai,Delhi
O50186,2025-10-30,C1317,P2077,4.0,0.25,Laptops Product 78,Technology,Laptops,47839.89,34926.79,143519.67,3812.51,0.0266,Consumer,Chennai,Maharashtra
O50187,2025-11-07,C1223,P2055,2.0,0.15,Binders Product 56,Office Supplies,Binders,16705.54,9805.04,28399.42,8789.34,0.3095,Consumer,Bengaluru,Delhi
O50188,2025-07-27,C1368,P2060,3.0,0.1,Laptops Product 61,Technology,Laptops,51237.86,42856.01,138342.22,9774.19,0.0707,Consumer,Delhi,Karnataka
O50189,2025-04-16,C1383,P2021,2.0,0.15,Laptops Product 22,Technology,Laptops,6562.71,4469.1,11156.61,2218.41,0.1988,Home Office,Kochi,Kerala
O50190,2025-06-07,C1061,P2034,4.0,0.25,Stationery Product 35,Office Supplies,Stationery,6797.66,4643.32,20392.98,1819.7,0.0892,Consumer,Madurai,Karnataka
O50191,2025-05-01,C1293,P2015,2.0,0.2,Tables Product 16,Furniture,Tables,38551.13,28836.5,61681.81,4008.81,0.065,Consumer,Mumbai,Kerala
O50192,2025-02-24,C1238,P2049,2.0,0.1,Accessories Product 50,Technology,Accessories,36467.03,22897.52,65640.65,19845.61,0.3023,Corporate,Mumbai,Tamil Nadu
O50193,2025-01-12,C1194,P2042,2.0,0.05,Storage Product 43,Furniture,Storage,19092.63,15390.19,36276.0,5495.62,0.1515,Consumer,Coimbatore,Karnataka
O50194,2025-05-25,C1165,P2016,3.0,0.05,Laptops Product 17,Technology,Laptops,60637.62,52413.59,172817.22,15576.45,0.0901,Corporate,Madurai,Karnataka
O50195,2025-05-16,C1450,P2079,1.0,0.1,Tables Product 80,Furniture,Tables,60819.74,43495.05,54737.77,11242.72,0.2054,Corporate,Chennai,Karnataka
O50196,2025-01-03,C1221,P2057,5.0,0.15,Laptops Product 58,Technology,Laptops,10032.16,7014.74,42636.68,7562.98,0.1774,Consumer,Madurai,Karnataka
O50197,2025-05-24,C1060,P2001,2.0,0.1,Tables Product 2,Furniture,Tables,61893.98,38740.54,111409.16,33928.08,0.3045,Consumer,Pune,Tamil Nadu
O50198,2025-01-30,C1128,P2003,2.0,0.0,Chairs Product 4,Furniture,Chairs,72789.1,60628.14,145578.2,24321.92,0.1671,Consumer,Kochi,Tamil Nadu
O50199,2025-08-25,C1477,P2038,2.0,0.15,Binders Product 39,Office Supplies,Binders,69402.41,51424.61,117984.1,15134.88,0.1283,Consumer,Pune,Delhi
O50200,2025-10-06,C1172,P2005,1.0,0.2,Tables Product 6,Furniture,Tables,18627.38,11555.02,14901.9,3346.88,0.2246,Consumer,Bengaluru,Karnataka
O50201,2025-12-14,C1479,P2068,4.0,0.1,Binders Product 69,Office Supplies,Binders,73518.62,55006.72,264667.03,44640.15,0.1687,Consumer,Madurai,Kerala
O50202,2025-04-25,C1155,P2068,3.0,0.15,Binders Product 69,Office Supplies,Binders,73518.62,55006.72,187472.48,22452.32,0.1198,Consumer,Hyderabad,Tamil Nadu
O50203,2025-04-14,C1404,P2019,1.0,0.1,Chairs Product 20,Furniture,Chairs,44904.0,24841.99,40413.6,15571.61,0.3853,Consumer,Mumbai,Tamil Nadu
O50204,2025-04-28,C1377,P2063,2.0,0.2,Binders Product 64,Office Supplies,Binders,58712.04,35437.77,93939.26,23063.72,0.2455,Consumer,Coimbatore,Telangana
O50205,2025-01-05,C1109,P2015,1.0,0.2,Tables Product 16,Furniture,Tables,38551.13,28836.5,30840.9,2004.4,0.065,Consumer,Kochi,Kerala
O50206,2025-12-26,C1268,P2050,1.0,0.1,Phones Product 51,Technology,Phones,26671.88,18619.55,24004.69,5385.14,0.2243,Consumer,Pune,Tamil Nadu
O50207,2025-09-05,C1410,P2036,1.0,0.15,Tables Product 37,Furniture,Tables,76874.21,52831.76,65343.08,12511.32,0.1915,Consumer,Kochi,Maharashtra
O50208,2025-12-30,C1355,P2072,4.0,0.2,Accessories Product 73,Technology,Accessories,59154.4,49684.38,189294.08,-9443.44,-0.0499,Corporate,Hyderabad,Maharashtra
O50209,2025-11-17,C1390,P2068,5.0,0.1,Binders Product 69,Office Supplies,Binders,73518.62,55006.72,330833.79,55800.19,0.1687,Home Office,Mumbai,Maharashtra
O50210,2025-05-01,C1277,P2041,3.0,0.1,Laptops Product 42,Technology,Laptops,17089.78,12912.68,46142.41,7404.37,0.1605,Corporate,Salem,Telangana
O50211,2025-10-13,C1073,P2056,4.0,0.2,Phones Product 57,Technology,Phones,10100.77,6325.84,32322.46,7019.1,0.2172,Corporate,Chennai,Maharashtra
O50212,2025-05-29,C1486,P2065,4.0,0.05,Binders Product 66,Office Supplies,Binders,20647.93,15864.6,78462.13,15003.73,0.1912,Consumer,Madurai,Maharashtra
O50213,2025-03-25,C1436,P2008,5.0,0.1,Paper Product 9,Office Supplies,Paper,12546.55,8779.06,56459.48,12564.18,0.2225,Consumer,Salem,Karnataka
O50214,2025-08-19,C1462,P2063,4.0,0.2,Binders Product 64,Office Supplies,Binders,58712.04,35437.77,187878.53,46127.45,0.2455,Corporate,Chennai,Karnataka
O50215,2025-10-15,C1206,P2021,1.0,0.15,Laptops Product 22,Technology,Laptops,6562.71,4469.1,5578.3,1109.2,0.1988,Consumer,Pune,Delhi
O50216,2025-06-10,C1387,P2033,1.0,0.1,Accessories Product 34,Technology,Accessories,18507.84,16264.51,16657.06,392.55,0.0236,Consumer,Delhi,Maharashtra
O50217,2025-09-29,C1479,P2054,2.0,0.05,Chairs Product 55,Furniture,Chairs,56519.23,39410.95,107386.54,28564.64,0.266,Consumer,Madurai,Kerala
O50218,2025-02-07,C1278,P2028,4.0,0.1,Tables Product 29,Furniture,Tables,62771.45,44486.02,225977.22,48033.14,0.2126,Corporate,Madurai,Maharashtra
O50219,2025-08-14,C1374,P2037,2.0,0.1,Paper Product 38,Office Supplies,Paper,27871.02,18741.67,50167.84,12684.5,0.2528,Consumer,Delhi,Karnataka
O50220,2025-05-22,C1325,P2017,3.0,0.05,Stationery Product 18,Office Supplies,Stationery,38596.4,22564.5,109999.74,42306.24,0.3846,Corporate,Bengaluru,Tamil Nadu
O50221,2025-10-19,C1471,P2070,1.0,0.15,Phones Product 71,Technology,Phones,79953.27,45246.36,67960.28,22713.92,0.3342,Home Office,Chennai,Tamil Nadu
O50222,2025-05-31,C1339,P2064,3.0,0.05,Accessories Product 65,Technology,Accessories,53906.39,37542.43,153633.21,41005.92,0.2669,Consumer,Mumbai,Telangana
O50223,2025-04-24,C1356,P2000,5.0,0.1,Laptops Product 1,Technology,Laptops,13340.82,10836.58,60033.69,5850.79,0.0975,Consumer,Pune,Karnataka
O50224,2025-08-25,C1339,P2003,1.0,0.1,Chairs Product 4,Furniture,Chairs,72789.1,60628.14,65510.19,4882.05,0.0745,Consumer,Mumbai,Telangana
O50225,2025-03-07,C1203,P2003,3.0,0.3,Chairs Product 4,Furniture,Chairs,72789.1,60628.14,152857.11,-29027.31,-0.1899,Home Office,Hyderabad,Tamil Nadu
O50226,2025-12-27,C1160,P2026,5.0,0.1,Binders Product 27,Office Supplies,Binders,50136.78,40537.07,225615.51,22930.16,0.1016,Consumer,Pune,Telangana
O50227,2025-12-07,C1027,P2042,3.0,0.0,Storage Product 43,Furniture,Storage,19092.63,15390.19,57277.89,11107.32,0.1939,Consumer,Salem,Karnataka
O50228,2025-09-15,C1391,P2058,5.0,0.0,Paper Product 59,Office Supplies,Paper,8533.72,6340.06,42668.6,10968.3,0.2571,Consumer,Salem,Delhi
O50229,2025-09-06,C1256,P2031,5.0,0.15,Phones Product 32,Technology,Phones,27150.59,16564.55,115390.01,32567.26,0.2822,Home Office,Kochi,Telangana
O50230,2025-11-27,C1164,P2032,1.0,0.15,Stationery Product 33,Office Supplies,Stationery,3779.83,2280.57,3212.86,932.29,0.2902,Consumer,Bengaluru,Telangana
O50231,2025-11-19,C1062,P2027,2.0,0.1,Storage Product 28,Furniture,Storage,6685.15,5650.89,12033.27,731.49,0.0608,Corporate,Delhi,Maharashtra
O50232,2025-06-29,C1021,P2054,5.0,0.1,Chairs Product 55,Furniture,Chairs,56519.23,39410.95,254336.54,57281.79,0.2252,Consumer,Chennai,Maharashtra
O50233,2025-07-09,C1069,P2059,5.0,0.0,Chairs Product 60,Furniture,Chairs,38547.8,29927.33,192739.0,43102.35,0.2236,Home Office,Chennai,Kerala
O50234,2025-06-03,C1380,P2069,1.0,0.1,Binders Product 70,Office Supplies,Binders,31690.99,24240.66,28521.89,4281.23,0.1501,Consumer,Pune,Karnataka
O50235,2025-07-15,C1404,P2061,2.0,0.1,Storage Product 62,Furniture,Storage,41881.88,27770.86,75387.38,19845.66,0.2632,Consumer,Mumbai,Tamil Nadu
O50236,2025-11-07,C1095,P2079,4.0,0.05,Tables Product 80,Furniture,Tables,60819.74,43495.05,231115.01,57134.81,0.2472,Consumer,Bengaluru,Telangana
O50237,2025-09-19,C1162,P2033,4.0,0.05,Accessories Product 34,Technology,Accessories,18507.84,16264.51,70329.79,5271.75,0.075,Corporate,Delhi,Tamil Nadu
O50238,2025-05-23,C1078,P2055,2.0,0.05,Binders Product 56,Office Supplies,Binders,16705.54,9805.04,31740.53,12130.45,0.3822,Consumer,Bengaluru,Karnataka
O50239,2025-12-08,C1004,P2012,3.0,0.05,Laptops Product 13,Technology,Laptops,16281.82,11596.34,46403.19,11614.17,0.2503,Consumer,Kochi,Kerala
O50240,2025-11-12,C1315,P2055,1.0,0.15,Binders Product 56,Office Supplies,Binders,16705.54,9805.04,14199.71,4394.67,0.3095,Corporate,Mumbai,Maharashtra
O50241,2025-04-11,C1119,P2017,2.0,0.05,Stationery Product 18,Office Supplies,Stationery,38596.4,22564.5,73333.16,28204.16,0.3846,Consumer,Hyderabad,Maharashtra
O50242,2025-09-01,C1301,P2053,4.0,0.05,Accessories Product 54,Technology,Accessories,58991.24,45367.54,224166.71,42696.55,0.1905,Consumer,Hyderabad,Kerala
O50243,2025-01-12,C1177,P2076,5.0,0.05,Phones Product 77,Technology,Phones,31874.96,24846.67,151406.06,27172.71,0.1795,Consumer,Madurai,Telangana
O50244,2025-08-27,C1175,P2042,4.0,0.25,Storage Product 43,Furniture,Storage,19092.63,15390.19,57277.89,-4282.87,-0.0748,Consumer,Kochi,Maharashtra
O50245,2025-02-18,C1389,P2038,5.0,0.2,Binders Product 39,Office Supplies,Binders,69402.41,51424.61,277609.64,20486.59,0.0738,Corporate,Delhi,Karnataka
O50246,2025-02-11,C1216,P2060,1.0,0.05,Laptops Product 61,Technology,Laptops,51237.86,42856.01,48675.97,5819.96,0.1196,Consumer,Madurai,Delhi
O50247,2025-06-15,C1055,P2041,5.0,0.1,Laptops Product 42,Technology,Laptops,17089.78,12912.68,76904.01,12340.61,0.1605,Home Office,Hyderabad,Tamil Nadu
O50248,2025-03-23,C1365,P2078,2.0,0.05,Tables Product 79,Furniture,Tables,6133.72,4595.0,11654.07,2464.07,0.2114,Consumer,Delhi,Tamil Nadu
O50249,2025-10-18,C1186,P2017,5.0,0.1,Stationery Product 18,Office Supplies,Stationery,38596.4,22564.5,173683.8,60861.3,0.3504,Corporate,Mumbai,Delhi
O50250,2025-06-07,C1231,P2022,3.0,0.0,Accessories Product 23,Technology,Accessories,16308.47,12700.29,48925.41,10824.54,0.2212,Consumer,Hyderabad,Telangana
O50251,2025-08-04,C1254,P2053,2.0,0.15,Accessories Product 54,Technology,Accessories,58991.24,45367.54,100285.11,9550.03,0.0952,Consumer,Delhi,Karnataka
O50252,2025-06-07,C1412,P2029,1.0,0.1,Phones Product 30,Technology,Phones,35257.0,27824.57,31731.3,3906.73,0.1231,Home Office,Kochi,Maharashtra
O50253,2025-05-14,C1454,P2057,2.0,0.25,Laptops Product 58,Technology,Laptops,10032.16,7014.74,15048.24,1018.76,0.0677,Consumer,Pune,Kerala
O50254,2025-03-08,C1103,P2067,3.0,0.05,Storage Product 68,Furniture,Storage,45777.6,25636.72,130466.16,53556.0,0.4105,Consumer,Chennai,Maharashtra
O50255,2025-12-02,C1076,P2066,1.0,0.2,Stationery Product 67,Office Supplies,Stationery,54754.87,39098.68,43803.9,4705.22,0.1074,Corporate,Kochi,Telangana
O50256,2025-01-07,C1229,P2070,4.0,0.2,Phones Product 71,Technology,Phones,79953.27,45246.36,255850.46,74865.02,0.2926,Corporate,Coimbatore,Telangana
O50257,2025-01-14,C1401,P2017,3.0,0.05,Stationery Product 18,Office Supplies,Stationery,38596.4,22564.5,109999.74,42306.24,0.3846,Home Office,Hyderabad,Delhi
O50258,2025-03-14,C1257,P2006,1.0,0.1,Laptops Product 7,Technology,Laptops,57279.45,42140.92,51551.5,9410.58,0.1825,Corporate,Hyderabad,Delhi
O50259,2025-06-12,C1263,P2039,5.0,0.05,Chairs Product 40,Furniture,Chairs,31822.56,23868.26,151157.16,31815.86,0.2105,Consumer,Delhi,Delhi
O50260,2025-03-07,C1330,P2069,2.0,0.05,Binders Product 70,Office Supplies,Binders,31690.99,24240.66,60212.88,11731.56,0.1948,Consumer,Bengaluru,Maharashtra
O50261,2025-12-13,C1480,P2064,1.0,0.05,Accessories Product 65,Technology,Accessories,53906.39,37542.43,51211.07,13668.64,0.2669,Corporate,Bengaluru,Kerala
O50262,2025-05-10,C1181,P2067,2.0,0.15,Storage Product 68,Furniture,Storage,45777.6,25636.72,77821.92,26548.48,0.3411,Consumer,Salem,Tamil Nadu
O50263,2025-07-25,C1380,P2048,5.0,0.1,Storage Product 49,Furniture,Storage,47196.49,35282.94,212384.2,35969.5,0.1694,Consumer,Pune,Karnataka
O50264,2025-10-03,C1255,P2051,1.0,0.25,Chairs Product 52,Furniture,Chairs,34641.74,21896.2,25981.3,4085.1,0.1572,Consumer,Salem,Telangana
O50265,2025-09-13,C1037,P2028,4.0,0.05,Tables Product 29,Furniture,Tables,62771.45,44486.02,238531.51,60587.43,0.254,Consumer,Chennai,Maharashtra
O50266,2025-09-23,C1175,P2020,3.0,0.3,Phones Product 21,Technology,Phones,42879.1,36071.45,90046.11,-18168.24,-0.2018,Consumer,Kochi,Maharashtra
O50267,2025-01-25,C1026,P2077,1.0,0.05,Laptops Product 78,Technology,Laptops,47839.89,34926.79,45447.9,10521.11,0.2315,Consumer,Mumbai,Karnataka
O50268,2025-10-08,C1275,P2008,5.0,0.2,Paper Product 9,Office Supplies,Paper,12546.55,8779.06,50186.2,6290.9,0.1254,Consumer,Mumbai,Delhi
O50269,2025-09-10,C1139,P2046,1.0,0.1,Chairs Product 47,Furniture,Chairs,53110.92,30880.61,47799.83,16919.22,0.354,Home Office,Coimbatore,Kerala
O50270,2025-11-06,C1298,P2075,2.0,0.05,Binders Product 76,Office Supplies,Binders,43695.78,24115.72,83021.98,34790.54,0.4191,Corporate,Kochi,Maharashtra
O50271,2025-10-16,C1444,P2041,1.0,0.2,Laptops Product 42,Technology,Laptops,17089.78,12912.68,13671.82,759.14,0.0555,Corporate,Kochi,Kerala
O50272,2025-06-13,C1286,P2050,4.0,0.1,Phones Product 51,Technology,Phones,26671.88,18619.55,96018.77,21540.57,0.2243,Consumer,Coimbatore,Tamil Nadu
O50273,2025-04-05,C1090,P2055,1.0,0.15,Binders Product 56,Office Supplies,Binders,16705.54,9805.04,14199.71,4394.67,0.3095,Consumer,Salem,Kerala
O50274,2025-09-27,C1479,P2050,3.0,0.15,Phones Product 51,Technology,Phones,26671.88,18619.55,68013.29,12154.64,0.1787,Consumer,Madurai,Kerala
O50275,2025-11-17,C1060,P2069,1.0,0.1,Binders Product 70,Office Supplies,Binders,31690.99,24240.66,28521.89,4281.23,0.1501,Consumer,Pune,Tamil Nadu
O50276,2025-04-20,C1457,P2019,2.0,0.1,Chairs Product 20,Furniture,Chairs,44904.0,24841.99,80827.2,31143.22,0.3853,Consumer,Chennai,Maharashtra
O50277,2025-12-02,C1450,P2026,1.0,0.15,Binders Product 27,Office Supplies,Binders,50136.78,40537.07,42616.26,2079.19,0.0488,Corporate,Chennai,Karnataka
O50278,2025-11-06,C1364,P2037,4.0,0.0,Paper Product 38,Office Supplies,Paper,27871.02,18741.67,111484.08,36517.4,0.3276,Home Office,Hyderabad,Telangana
O50279,2025-08-26,C1346,P2071,5.0,0.15,Paper Product 72,Office Supplies,Paper,79468.95,63440.16,337743.04,20542.24,0.0608,Corporate,Coimbatore,Telangana
O50280,2025-01-25,C1162,P2064,1.0,0.25,Accessories Product 65,Technology,Accessories,53906.39,37542.43,40429.79,2887.36,0.0714,Corporate,Delhi,Tamil Nadu
O50281,2025-05-21,C1350,P2053,1.0,0.0,Accessories Product 54,Technology,Accessories,58991.24,45367.54,58991.24,13623.7,0.2309,Consumer,Chennai,Maharashtra
O50282,2025-04-27,C1142,P2023,3.0,0.05,Binders Product 24,Office Supplies,Binders,13648.36,7977.57,38897.83,14965.12,0.3847,Consumer,Mumbai,Kerala
O50283,2025-01-25,C1399,P2046,4.0,0.15,Chairs Product 47,Furniture,Chairs,53110.92,30880.61,180577.13,57054.69,0.316,Corporate,Kochi,Maharashtra
O50284,2025-03-20,C1252,P2070,5.0,0.1,Phones Product 71,Technology,Phones,79953.27,45246.36,359789.72,133557.92,0.3712,Home Office,Chennai,Maharashtra
O50285,2025-03-09,C1268,P2062,2.0,0.1,Storage Product 63,Furniture,Storage,2688.9,1752.13,4840.02,1335.76,0.276,Consumer,Pune,Tamil Nadu
O50286,2025-06-22,C1368,P2056,1.0,0.05,Phones Product 57,Technology,Phones,10100.77,6325.84,9595.73,3269.89,0.3408,Consumer,Delhi,Karnataka
O50287,2025-01-12,C1290,P2054,5.0,0.1,Chairs Product 55,Furniture,Chairs,56519.23,39410.95,254336.54,57281.79,0.2252,Consumer,Pune,Tamil Nadu
O50288,2025-10-15,C1499,P2059,2.0,0.05,Chairs Product 60,Furniture,Chairs,38547.8,29927.33,73240.82,13386.16,0.1828,Home Office,Mumbai,Tamil Nadu
O50289,2025-05-08,C1458,P2061,4.0,0.1,Storage Product 62,Furniture,Storage,41881.88,27770.86,150774.77,39691.33,0.2632,Consumer,Madurai,Delhi
O50290,2025-04-06,C1186,P2029,4.0,0.2,Phones Product 30,Technology,Phones,35257.0,27824.57,112822.4,1524.12,0.0135,Corporate,Mumbai,Delhi
O50291,2025-04-02,C1404,P2021,5.0,0.05,Laptops Product 22,Technology,Laptops,6562.71,4469.1,31172.87,8827.37,0.2832,Consumer,Mumbai,Tamil Nadu
O50292,2025-05-21,C1498,P2074,2.0,0.1,Paper Product 75,Office Supplies,Paper,63885.75,44320.26,114994.35,26353.83,0.2292,Home Office,Salem,Kerala
O50293,2025-01-31,C1437,P2028,4.0,0.3,Tables Product 29,Furniture,Tables,62771.45,44486.02,175760.06,-2184.02,-0.0124,Corporate,Kochi,Maharashtra
O50294,2025-11-30,C1458,P2040,5.0,0.15,Tables Product 41,Furniture,Tables,52504.24,46067.43,223143.02,-7194.13,-0.0322,Consumer,Madurai,Delhi
O50295,2025-01-20,C1413,P2041,4.0,0.2,Laptops Product 42,Technology,Laptops,17089.78,12912.68,54687.3,3036.58,0.0555,Consumer,Mumbai,Karnataka
O50296,2025-05-26,C1303,P2064,4.0,0.1,Accessories Product 65,Technology,Accessories,53906.39,37542.43,194063.0,43893.28,0.2262,Corporate,Delhi,Delhi
O50297,2025-11-12,C1290,P2030,4.0,0.2,Chairs Product 31,Furniture,Chairs,38498.53,28996.9,123195.3,7207.7,0.0585,Consumer,Pune,Tamil Nadu
O50298,2025-06-09,C1085,P2029,3.0,0.0,Phones Product 30,Technology,Phones,35257.0,27824.57,105771.0,22297.29,0.2108,Consumer,Coimbatore,Tamil Nadu
O50299,2025-12-15,C1165,P2017,2.0,0.05,Stationery Product 18,Office Supplies,Stationery,38596.4,22564.5,73333.16,28204.16,0.3846,Corporate,Madurai,Karnataka
O50300,2025-02-12,C1414,P2016,5.0,0.05,Laptops Product 17,Technology,Laptops,60637.62,52413.59,288028.7,25960.75,0.0901,Corporate,Delhi,Kerala
O50301,2025-09-11,C1461,P2037,5.0,0.1,Paper Product 38,Office Supplies,Paper,27871.02,18741.67,125419.59,31711.24,0.2528,Corporate,Bengaluru,Kerala
O50302,2025-05-10,C1407,P2013,2.0,0.2,Phones Product 14,Technology,Phones,26276.26,19570.22,42042.02,2901.58,0.069,Consumer,Madurai,Tamil Nadu
O50303,2025-03-01,C1113,P2078,2.0,0.1,Tables Product 79,Furniture,Tables,6133.72,4595.0,11040.7,1850.7,0.1676,Corporate,Madurai,Karnataka
O50304,2025-05-31,C1432,P2055,2.0,0.15,Binders Product 56,Office Supplies,Binders,16705.54,9805.04,28399.42,8789.34,0.3095,Corporate,Pune,Delhi
O50305,2025-10-14,C1479,P2021,2.0,0.15,Laptops Product 22,Technology,Laptops,6562.71,4469.1,11156.61,2218.41,0.1988,Consumer,Madurai,Kerala
O50306,2025-01-05,C1355,P2066,1.0,0.15,Stationery Product 67,Office Supplies,Stationery,54754.87,39098.68,46541.64,7442.96,0.1599,Corporate,Hyderabad,Maharashtra
O50307,2025-09-23,C1415,P2055,5.0,0.1,Binders Product 56,Office Supplies,Binders,16705.54,9805.04,75174.93,26149.73,0.3479,Consumer,Hyderabad,Telangana
O50308,2025-12-11,C1182,P2018,1.0,0.15,Laptops Product 19,Technology,Laptops,45801.09,25468.21,38930.93,13462.72,0.3458,Home Office,Delhi,Karnataka
O50309,2025-05-10,C1206,P2056,4.0,0.1,Phones Product 57,Technology,Phones,10100.77,6325.84,36362.77,11059.41,0.3041,Consumer,Pune,Delhi
O50310,2025-09-24,C1255,P2043,4.0,0.0,Tables Product 44,Furniture,Tables,14620.74,9187.52,58482.96,21732.88,0.3716,Consumer,Salem,Telangana
O50311,2025-06-27,C1234,P2034,5.0,0.3,Stationery Product 35,Office Supplies,Stationery,6797.66,4643.32,23791.81,575.21,0.0242,Consumer,Chennai,Tamil Nadu
O50312,2025-09-10,C1441,P2000,4.0,0.05,Laptops Product 1,Technology,Laptops,13340.82,10836.58,50695.12,7348.8,0.145,Home Office,Salem,Tamil Nadu
O50313,2025-02-25,C1354,P2051,2.0,0.0,Chairs Product 52,Furniture,Chairs,34641.74,21896.2,69283.48,25491.08,0.3679,Consumer,Pune,Delhi
O50314,2025-03-24,C1002,P2069,1.0,0.2,Binders Product 70,Office Supplies,Binders,31690.99,24240.66,25352.79,1112.13,0.0439,Corporate,Mumbai,Telangana
O50315,2025-04-09,C1207,P2036,2.0,0.1,Tables Product 37,Furniture,Tables,76874.21,52831.76,138373.58,32710.06,0.2364,Corporate,Salem,Karnataka
O50316,2025-05-29,C1196,P2064,4.0,0.15,Accessories Product 65,Technology,Accessories,53906.39,37542.43,183281.73,33112.01,0.1807,Corporate,Pune,Kerala
O50317,2025-11-25,C1340,P2050,1.0,0.1,Phones Product 51,Technology,Phones,26671.88,18619.55,24004.69,5385.14,0.2243,Consumer,Chennai,Karnataka
O50318,2025-06-05,C1124,P2000,2.0,0.1,Laptops Product 1,Technology,Laptops,13340.82,10836.58,24013.48,2340.32,0.0975,Consumer,Coimbatore,Maharashtra
O50319,2025-07-09,C1137,P2020,5.0,0.05,Phones Product 21,Technology,Phones,42879.1,36071.45,203675.72,23318.47,0.1145,Corporate,Mumbai,Karnataka
O50320,2025-09-20,C1338,P2052,2.0,0.1,Chairs Product 53,Furniture,Chairs,20426.46,13656.17,36767.63,9455.29,0.2572,Consumer,Salem,Maharashtra
O50321,2025-03-21,C1024,P2015,4.0,0.1,Tables Product 16,Furniture,Tables,38551.13,28836.5,138784.07,23438.07,0.1689,Consumer,Kochi,Maharashtra
O50322,2025-09-09,C1067,P2060,1.0,0.15,Laptops Product 61,Technology,Laptops,51237.86,42856.01,43552.18,696.17,0.016,Corporate,Bengaluru,Telangana
O50323,2025-04-07,C1060,P2053,5.0,0.1,Accessories Product 54,Technology,Accessories,58991.24,45367.54,265460.58,38622.88,0.1455,Consumer,Pune,Tamil Nadu
O50324,2025-09-17,C1028,P2039,1.0,0.25,Chairs Product 40,Furniture,Chairs,31822.56,23868.26,23866.92,-1.34,-0.0001,Corporate,Chennai,Tamil Nadu
O50325,2025-09-17,C1382,P2025,5.0,0.0,Storage Product 26,Furniture,Storage,43441.32,34057.56,217206.6,46918.8,0.216,Corporate,Hyderabad,Maharashtra
O50326,2025-04-13,C1018,P2079,1.0,0.1,Tables Product 80,Furniture,Tables,60819.74,43495.05,54737.77,11242.72,0.2054,Consumer,Pune,Tamil Nadu
O50327,2025-02-09,C1170,P2064,4.0,0.15,Accessories Product 65,Technology,Accessories,53906.39,37542.43,183281.73,33112.01,0.1807,Corporate,Salem,Delhi
O50328,2025-09-30,C1449,P2073,5.0,0.25,Tables Product 74,Furniture,Tables,74076.28,51453.16,277786.05,20520.25,0.0739,Consumer,Mumbai,Delhi
O50329,2025-04-11,C1073,P2063,3.0,0.0,Binders Product 64,Office Supplies,Binders,58712.04,35437.77,176136.12,69822.81,0.3964,Corporate,Chennai,Maharashtra
O50330,2025-12-25,C1060,P2042,1.0,0.15,Storage Product 43,Furniture,Storage,19092.63,15390.19,16228.74,838.55,0.0517,Consumer,Pune,Tamil Nadu
O50331,2025-11-04,C1426,P2016,1.0,0.2,Laptops Product 17,Technology,Laptops,60637.62,52413.59,48510.1,-3903.49,-0.0805,Consumer,Madurai,Telangana
O50332,2025-08-09,C1152,P2058,2.0,0.05,Paper Product 59,Office Supplies,Paper,8533.72,6340.06,16214.07,3533.95,0.218,Consumer,Pune,Karnataka
O50333,2025-11-04,C1275,P2022,5.0,0.2,Accessories Product 23,Technology,Accessories,16308.47,12700.29,65233.88,1732.43,0.0266,Consumer,Mumbai,Delhi
O50334,2025-05-04,C1047,P2006,3.0,0.0,Laptops Product 7,Technology,Laptops,57279.45,42140.92,171838.35,45415.59,0.2643,Consumer,Delhi,Karnataka
O50335,2025-08-19,C1210,P2043,4.0,0.15,Tables Product 44,Furniture,Tables,14620.74,9187.52,49710.52,12960.44,0.2607,Consumer,Chennai,Tamil Nadu
O50336,2025-06-27,C1342,P2052,2.0,0.25,Chairs Product 53,Furniture,Chairs,20426.46,13656.17,30639.69,3327.35,0.1086,Consumer,Madurai,Karnataka
O50337,2025-03-04,C1407,P2070,3.0,0.15,Phones Product 71,Technology,Phones,79953.27,45246.36,203880.84,68141.76,0.3342,Consumer,Madurai,Tamil Nadu
O50338,2025-04-26,C1138,P2078,5.0,0.1,Tables Product 79,Furniture,Tables,6133.72,4595.0,27601.74,4626.74,0.1676,Consumer,Delhi,Kerala
O50339,2025-07-10,C1109,P2033,3.0,0.0,Accessories Product 34,Technology,Accessories,18507.84,16264.51,55523.52,6729.99,0.1212,Consumer,Kochi,Kerala
O50340,2025-03-03,C1481,P2045,1.0,0.25,Tables Product 46,Furniture,Tables,69698.77,48576.61,52274.08,3697.47,0.0707,Corporate,Delhi,Telangana
O50341,2025-09-13,C1182,P2067,1.0,0.1,Storage Product 68,Furniture,Storage,45777.6,25636.72,41199.84,15563.12,0.3777,Home Office,Delhi,Karnataka
O50342,2025-01-07,C1027,P2077,2.0,0.0,Laptops Product 78,Technology,Laptops,47839.89,34926.79,95679.78,25826.2,0.2699,Consumer,Salem,Karnataka
O50343,2025-06-04,C1196,P2077,5.0,0.15,Laptops Product 78,Technology,Laptops,47839.89,34926.79,203319.53,28685.58,0.1411,Corporate,Pune,Kerala
O50344,2025-04-02,C1190,P2015,5.0,0.1,Tables Product 16,Furniture,Tables,38551.13,28836.5,173480.08,29297.58,0.1689,Consumer,Mumbai,Maharashtra
O50345,2025-01-14,C1314,P2070,3.0,0.05,Phones Product 71,Technology,Phones,79953.27,45246.36,227866.82,92127.74,0.4043,Corporate,Chennai,Delhi
O50346,2025-08-17,C1388,P2018,2.0,0.05,Laptops Product 19,Technology,Laptops,45801.09,25468.21,87022.07,36085.65,0.4147,Corporate,Chennai,Tamil Nadu
O50347,2025-03-27,C1050,P2001,5.0,0.0,Tables Product 2,Furniture,Tables,61893.98,38740.54,309469.9,115767.2,0.3741,Home Office,Chennai,Tamil Nadu
O50348,2025-05-13,C1148,P2009,1.0,0.15,Storage Product 10,Furniture,Storage,50209.76,29789.99,42678.3,12888.31,0.302,Consumer,Chennai,Telangana
O50349,2025-07-02,C1267,P2049,3.0,0.15,Accessories Product 50,Technology,Accessories,36467.03,22897.52,92990.93,24298.37,0.2613,Corporate,Coimbatore,Kerala
O50350,2025-03-03,C1049,P2011,4.0,0.1,Tables Product 12,Furniture,Tables,47986.68,36009.74,172752.05,28713.09,0.1662,Consumer,Bengaluru,Kerala
O50351,2025-08-07,C1387,P2069,1.0,0.2,Binders Product 70,Office Supplies,Binders,31690.99,24240.66,25352.79,1112.13,0.0439,Consumer,Delhi,Maharashtra
O50352,2025-09-03,C1245,P2021,2.0,0.2,Laptops Product 22,Technology,Laptops,6562.71,4469.1,10500.34,1562.14,0.1488,Home Office,Delhi,Delhi
O50353,2025-08-18,C1112,P2031,5.0,0.15,Phones Product 32,Technology,Phones,27150.59,16564.55,115390.01,32567.26,0.2822,Home Office,Mumbai,Delhi
O50354,2025-03-20,C1169,P2000,1.0,0.0,Laptops Product 1,Technology,Laptops,13340.82,10836.58,13340.82,2504.24,0.1877,Corporate,Delhi,Telangana
O50355,2025-05-29,C1467,P2053,4.0,0.15,Accessories Product 54,Technology,Accessories,58991.24,45367.54,200570.22,19100.06,0.0952,Home Office,Bengaluru,Delhi
O50356,2025-05-18,C1165,P2057,4.0,0.1,Laptops Product 58,Technology,Laptops,10032.16,7014.74,36115.78,8056.82,0.2231,Corporate,Madurai,Karnataka
O50357,2025-11-10,C1408,P2069,2.0,0.15,Binders Product 70,Office Supplies,Binders,31690.99,24240.66,53874.68,5393.36,0.1001,Home Office,Bengaluru,Maharashtra
O50358,2025-03-06,C1013,P2017,1.0,0.15,Stationery Product 18,Office Supplies,Stationery,38596.4,22564.5,32806.94,10242.44,0.3122,Consumer,Delhi,Delhi
O50359,2025-01-13,C1202,P2005,3.0,0.1,Tables Product 6,Furniture,Tables,18627.38,11555.02,50293.93,15628.87,0.3108,Consumer,Salem,Karnataka
O50360,2025-08-01,C1287,P2044,1.0,0.25,Stationery Product 45,Office Supplies,Stationery,33218.58,19028.06,24913.94,5885.88,0.2362,Consumer,Bengaluru,Tamil Nadu
O50361,2025-08-30,C1394,P2022,4.0,0.05,Accessories Product 23,Technology,Accessories,16308.47,12700.29,61972.19,11171.03,0.1803,Consumer,Mumbai,Karnataka
O50362,2025-08-01,C1188,P2022,2.0,0.15,Accessories Product 23,Technology,Accessories,16308.47,12700.29,27724.4,2323.82,0.0838,Consumer,Delhi,Maharashtra
O50363,2025-06-30,C1401,P2025,2.0,0.0,Storage Product 26,Furniture,Storage,43441.32,34057.56,86882.64,18767.52,0.216,Home Office,Hyderabad,Delhi
O50364,2025-12-04,C1154,P2076,3.0,0.25,Phones Product 77,Technology,Phones,31874.96,24846.67,71718.66,-2821.35,-0.0393,Home Office,Bengaluru,Tamil Nadu
O50365,2025-06-22,C1054,P2006,2.0,0.05,Laptops Product 7,Technology,Laptops,57279.45,42140.92,108830.95,24549.11,0.2256,Corporate,Bengaluru,Delhi
O50366,2025-06-09,C1181,P2078,2.0,0.0,Tables Product 79,Furniture,Tables,6133.72,4595.0,12267.44,3077.44,0.2509,Consumer,Salem,Tamil Nadu
O50367,2025-06-13,C1209,P2043,2.0,0.1,Tables Product 44,Furniture,Tables,14620.74,9187.52,26317.33,7942.29,0.3018,Consumer,Mumbai,Maharashtra
O50368,2025-07-07,C1375,P2026,2.0,0.1,Binders Product 27,Office Supplies,Binders,50136.78,40537.07,90246.2,9172.06,0.1016,Consumer,Delhi,Kerala
O50369,2025-07-10,C1470,P2025,2.0,0.05,Storage Product 26,Furniture,Storage,43441.32,34057.56,82538.51,14423.39,0.1747,Consumer,Salem,Delhi
O50370,2025-11-04,C1074,P2078,4.0,0.15,Tables Product 79,Furniture,Tables,6133.72,4595.0,20854.65,2474.65,0.1187,Corporate,Madurai,Karnataka
O50371,2025-09-13,C1276,P2035,1.0,0.1,Phones Product 36,Technology,Phones,2743.0,1741.9,2468.7,726.8,0.2944,Corporate,Pune,Tamil Nadu
O50372,2025-07-02,C1427,P2054,5.0,0.0,Chairs Product 55,Furniture,Chairs,56519.23,39410.95,282596.15,85541.4,0.3027,Home Office,Coimbatore,Maharashtra
O50373,2025-04-27,C1132,P2063,2.0,0.1,Binders Product 64,Office Supplies,Binders,58712.04,35437.77,105681.67,34806.13,0.3293,Consumer,Salem,Karnataka
O50374,2025-10-09,C1342,P2056,5.0,0.2,Phones Product 57,Technology,Phones,10100.77,6325.84,40403.08,8773.88,0.2172,Consumer,Madurai,Karnataka
O50375,2025-07-15,C1424,P2068,5.0,0.15,Binders Product 69,Office Supplies,Binders,73518.62,55006.72,312454.13,37420.53,0.1198,Consumer,Salem,Karnataka
O50376,2025-02-03,C1058,P2060,4.0,0.15,Laptops Product 61,Technology,Laptops,51237.86,42856.01,174208.72,2784.68,0.016,Consumer,Pune,Tamil Nadu
O50377,2025-02-21,C1344,P2001,2.0,0.15,Tables Product 2,Furniture,Tables,61893.98,38740.54,105219.77,27738.69,0.2636,Consumer,Hyderabad,Delhi
O50378,2025-04-22,C1488,P2054,5.0,0.1,Chairs Product 55,Furniture,Chairs,56519.23,39410.95,254336.54,57281.79,0.2252,Home Office,Coimbatore,Tamil Nadu
O50379,2025-09-09,C1181,P2079,2.0,0.0,Tables Product 80,Furniture,Tables,60819.74,43495.05,121639.48,34649.38,0.2849,Consumer,Salem,Tamil Nadu
O50380,2025-03-23,C1457,P2037,3.0,0.05,Paper Product 38,Office Supplies,Paper,27871.02,18741.67,79432.41,23207.4,0.2922,Consumer,Chennai,Maharashtra
O50381,2025-08-20,C1405,P2079,3.0,0.2,Tables Product 80,Furniture,Tables,60819.74,43495.05,145967.38,15482.23,0.1061,Home Office,Chennai,Telangana
O50382,2025-08-15,C1338,P2077,3.0,0.3,Laptops Product 78,Technology,Laptops,47839.89,34926.79,100463.77,-4316.6,-0.043,Consumer,Salem,Maharashtra
O50383,2025-08-21,C1320,P2028,5.0,0.1,Tables Product 29,Furniture,Tables,62771.45,44486.02,282471.53,60041.43,0.2126,Consumer,Kochi,Telangana
O50384,2025-08-09,C1063,P2025,3.0,0.0,Storage Product 26,Furniture,Storage,43441.32,34057.56,130323.96,28151.28,0.216,Consumer,Delhi,Tamil Nadu
O50385,2025-02-11,C1326,P2034,4.0,0.05,Stationery Product 35,Office Supplies,Stationery,6797.66,4643.32,25831.11,7257.83,0.281,Consumer,Salem,Karnataka
O50386,2025-01-21,C1259,P2078,4.0,0.1,Tables Product 79,Furniture,Tables,6133.72,4595.0,22081.39,3701.39,0.1676,Consumer,Chennai,Maharashtra
O50387,2025-02-11,C1192,P2066,5.0,0.15,Stationery Product 67,Office Supplies,Stationery,54754.87,39098.68,232708.2,37214.8,0.1599,Home Office,Hyderabad,Delhi
O50388,2025-04-23,C1142,P2028,2.0,0.0,Tables Product 29,Furniture,Tables,62771.45,44486.02,125542.9,36570.86,0.2913,Consumer,Mumbai,Kerala
O50389,2025-04-15,C1103,P2033,1.0,0.25,Accessories Product 34,Technology,Accessories,18507.84,16264.51,13880.88,-2383.63,-0.1717,Consumer,Chennai,Maharashtra
O50390,2025-07-11,C1459,P2040,2.0,0.1,Tables Product 41,Furniture,Tables,52504.24,46067.43,94507.63,2372.77,0.0251,Consumer,Bengaluru,Kerala
O50391,2025-01-17,C1405,P2040,2.0,0.25,Tables Product 41,Furniture,Tables,52504.24,46067.43,78756.36,-13378.5,-0.1699,Home Office,Chennai,Telangana
O50392,2025-04-30,C1213,P2022,2.0,0.2,Accessories Product 23,Technology,Accessories,16308.47,12700.29,26093.55,692.97,0.0266,Consumer,Kochi,Telangana
O50393,2025-05-09,C1241,P2070,2.0,0.2,Phones Product 71,Technology,Phones,79953.27,45246.36,127925.23,37432.51,0.2926,Home Office,Delhi,Tamil Nadu
O50394,2025-05-10,C1430,P2002,1.0,0.15,Accessories Product 3,Technology,Accessories,76083.83,45638.81,64671.26,19032.45,0.2943,Consumer,Bengaluru,Kerala
O50395,2025-03-01,C1208,P2057,3.0,0.15,Laptops Product 58,Technology,Laptops,10032.16,7014.74,25582.01,4537.79,0.1774,Consumer,Kochi,Delhi
O50396,2025-02-17,C1092,P2031,2.0,0.15,Phones Product 32,Technology,Phones,27150.59,16564.55,46156.0,13026.9,0.2822,Corporate,Pune,Karnataka
O50397,2025-01-29,C1429,P2030,4.0,0.15,Chairs Product 31,Furniture,Chairs,38498.53,28996.9,130895.0,14907.4,0.1139,Consumer,Chennai,Karnataka
O50398,2025-04-07,C1141,P2042,5.0,0.15,Storage Product 43,Furniture,Storage,19092.63,15390.19,81143.68,4192.73,0.0517,Consumer,Delhi,Telangana
O50399,2025-01-10,C1433,P2006,5.0,0.3,Laptops Product 7,Technology,Laptops,57279.45,42140.92,200478.08,-10226.52,-0.051,Consumer,Mumbai,Maharashtra
O50400,2025-08-30,C1403,P2000,4.0,0.15,Laptops Product 1,Technology,Laptops,13340.82,10836.58,45358.79,2012.47,0.0444,Corporate,Madurai,Kerala
O50401,2025-11-10,C1433,P2060,2.0,0.2,Laptops Product 61,Technology,Laptops,51237.86,42856.01,81980.58,-3731.44,-0.0455,Consumer,Mumbai,Maharashtra
O50402,2025-08-20,C1111,P2013,1.0,0.2,Phones Product 14,Technology,Phones,26276.26,19570.22,21021.01,1450.79,0.069,Consumer,Bengaluru,Karnataka
O50403,2025-10-04,C1416,P2051,3.0,0.05,Chairs Product 52,Furniture,Chairs,34641.74,21896.2,98728.96,33040.36,0.3347,Consumer,Mumbai,Delhi
O50404,2025-10-11,C1374,P2005,5.0,0.0,Tables Product 6,Furniture,Tables,18627.38,11555.02,93136.9,35361.8,0.3797,Consumer,Delhi,Karnataka
O50405,2025-07-22,C1058,P2009,3.0,0.1,Storage Product 10,Furniture,Storage,50209.76,29789.99,135566.35,46196.38,0.3408,Consumer,Pune,Tamil Nadu
O50406,2025-09-04,C1042,P2070,1.0,0.1,Phones Product 71,Technology,Phones,79953.27,45246.36,71957.94,26711.58,0.3712,Consumer,Kochi,Karnataka
O50407,2025-10-17,C1206,P2029,5.0,0.2,Phones Product 30,Technology,Phones,35257.0,27824.57,141028.0,1905.15,0.0135,Consumer,Pune,Delhi
O50408,2025-09-21,C1267,P2020,3.0,0.1,Phones Product 21,Technology,Phones,42879.1,36071.45,115773.57,7559.22,0.0653,Corporate,Coimbatore,Kerala
O50409,2025-08-02,C1295,P2059,1.0,0.15,Chairs Product 60,Furniture,Chairs,38547.8,29927.33,32765.63,2838.3,0.0866,Consumer,Bengaluru,Telangana
O50410,2025-07-19,C1117,P2073,3.0,0.1,Tables Product 74,Furniture,Tables,74076.28,51453.16,200005.96,45646.48,0.2282,Consumer,Hyderabad,Tamil Nadu
O50411,2025-03-20,C1019,P2062,2.0,0.0,Storage Product 63,Furniture,Storage,2688.9,1752.13,5377.8,1873.54,0.3484,Consumer,Chennai,Maharashtra
O50412,2025-12-09,C1221,P2041,1.0,0.15,Laptops Product 42,Technology,Laptops,17089.78,12912.68,14526.31,1613.63,0.1111,Consumer,Madurai,Karnataka
O50413,2025-12-10,C1165,P2050,3.0,0.2,Phones Product 51,Technology,Phones,26671.88,18619.55,64012.51,8153.86,0.1274,Corporate,Madurai,Karnataka
O50414,2025-06-22,C1130,P2063,2.0,0.05,Binders Product 64,Office Supplies,Binders,58712.04,35437.77,111552.88,40677.34,0.3646,Consumer,Coimbatore,Telangana
O50415,2025-03-10,C1155,P2075,2.0,0.15,Binders Product 76,Office Supplies,Binders,43695.78,24115.72,74282.83,26051.39,0.3507,Consumer,Hyderabad,Tamil Nadu
O50416,2025-03-28,C1183,P2055,1.0,0.15,Binders Product 56,Office Supplies,Binders,16705.54,9805.04,14199.71,4394.67,0.3095,Home Office,Mumbai,Tamil Nadu
O50417,2025-04-11,C1089,P2079,4.0,0.05,Tables Product 80,Furniture,Tables,60819.74,43495.05,231115.01,57134.81,0.2472,Consumer,Mumbai,Karnataka
O50418,2025-01-08,C1093,P2040,5.0,0.05,Tables Product 41,Furniture,Tables,52504.24,46067.43,249395.14,19057.99,0.0764,Consumer,Madurai,Delhi
O50419,2025-11-29,C1012,P2031,1.0,0.3,Phones Product 32,Technology,Phones,27150.59,16564.55,19005.41,2440.86,0.1284,Corporate,Coimbatore,Maharashtra
O50420,2025-07-19,C1460,P2014,2.0,0.1,Chairs Product 15,Furniture,Chairs,12221.58,8595.65,21998.84,4807.54,0.2185,Consumer,Pune,Kerala
O50421,2025-03-28,C1321,P2061,2.0,0.05,Storage Product 62,Furniture,Storage,41881.88,27770.86,79575.57,24033.85,0.302,Corporate,Pune,Karnataka
O50422,2025-02-12,C1292,P2026,1.0,0.05,Binders Product 27,Office Supplies,Binders,50136.78,40537.07,47629.94,7092.87,0.1489,Corporate,Pune,Tamil Nadu
O50423,2025-04-19,C1432,P2027,4.0,0.15,Storage Product 28,Furniture,Storage,6685.15,5650.89,22729.51,125.95,0.0055,Corporate,Pune,Delhi
O50424,2025-06-01,C1229,P2063,5.0,0.15,Binders Product 64,Office Supplies,Binders,58712.04,35437.77,249526.17,72337.32,0.2899,Corporate,Coimbatore,Telangana
O50425,2025-01-17,C1321,P2058,3.0,0.15,Paper Product 59,Office Supplies,Paper,8533.72,6340.06,21760.99,2740.81,0.126,Corporate,Pune,Karnataka
O50426,2025-05-13,C1291,P2057,1.0,0.0,Laptops Product 58,Technology,Laptops,10032.16,7014.74,10032.16,3017.42,0.3008,Consumer,Salem,Tamil Nadu
O50427,2025-05-28,C1437,P2001,5.0,0.25,Tables Product 2,Furniture,Tables,61893.98,38740.54,232102.42,38399.72,0.1654,Corporate,Kochi,Maharashtra
O50428,2025-10-04,C1025,P2035,5.0,0.1,Phones Product 36,Technology,Phones,2743.0,1741.9,12343.5,3634.0,0.2944,Corporate,Delhi,Kerala
O50429,2025-08-20,C1074,P2070,2.0,0.1,Phones Product 71,Technology,Phones,79953.27,45246.36,143915.89,53423.17,0.3712,Corporate,Madurai,Karnataka
O50430,2025-11-10,C1455,P2012,3.0,0.1,Laptops Product 13,Technology,Laptops,16281.82,11596.34,43960.91,9171.89,0.2086,Consumer,Chennai,Delhi
O50431,2025-08-16,C1363,P2014,1.0,0.1,Chairs Product 15,Furniture,Chairs,12221.58,8595.65,10999.42,2403.77,0.2185,Consumer,Hyderabad,Tamil Nadu
O50432,2025-05-19,C1423,P2059,2.0,0.2,Chairs Product 60,Furniture,Chairs,38547.8,29927.33,61676.48,1821.82,0.0295,Consumer,Delhi,Telangana
O50433,2025-07-30,C1298,P2021,2.0,0.25,Laptops Product 22,Technology,Laptops,6562.71,4469.1,9844.06,905.86,0.092,Corporate,Kochi,Maharashtra
O50434,2025-01-28,C1149,P2062,4.0,0.1,Storage Product 63,Furniture,Storage,2688.9,1752.13,9680.04,2671.52,0.276,Consumer,Delhi,Karnataka
O50435,2025-02-20,C1147,P2074,5.0,0.2,Paper Product 75,Office Supplies,Paper,63885.75,44320.26,255543.0,33941.7,0.1328,Consumer,Pune,Maharashtra
O50436,2025-09-18,C1007,P2073,1.0,0.2,Tables Product 74,Furniture,Tables,74076.28,51453.16,59261.02,7807.86,0.1318,Home Office,Salem,Delhi
O50437,2025-09-18,C1028,P2024,1.0,0.25,Storage Product 25,Furniture,Storage,71728.84,53529.53,53796.63,267.1,0.005,Corporate,Chennai,Tamil Nadu
O50438,2025-12-16,C1295,P2047,1.0,0.05,Chairs Product 48,Furniture,Chairs,77562.16,49266.25,73684.05,24417.8,0.3314,Consumer,Bengaluru,Telangana
O50439,2025-12-18,C1473,P2042,2.0,0.15,Storage Product 43,Furniture,Storage,19092.63,15390.19,32457.47,1677.09,0.0517,Home Office,Salem,Karnataka
O50440,2025-01-08,C1413,P2037,4.0,0.05,Paper Product 38,Office Supplies,Paper,27871.02,18741.67,105909.88,30943.2,0.2922,Consumer,Mumbai,Karnataka
O50441,2025-11-16,C1208,P2040,3.0,0.2,Tables Product 41,Furniture,Tables,52504.24,46067.43,126010.18,-12192.11,-0.0968,Consumer,Kochi,Delhi
O50442,2025-05-18,C1127,P2044,2.0,0.0,Stationery Product 45,Office Supplies,Stationery,33218.58,19028.06,66437.16,28381.04,0.4272,Home Office,Bengaluru,Kerala
O50443,2025-02-07,C1339,P2039,3.0,0.15,Chairs Product 40,Furniture,Chairs,31822.56,23868.26,81147.53,9542.75,0.1176,Consumer,Mumbai,Telangana
O50444,2025-04-21,C1115,P2016,4.0,0.1,Laptops Product 17,Technology,Laptops,60637.62,52413.59,218295.43,8641.07,0.0396,Home Office,Salem,Delhi
O50445,2025-08-08,C1438,P2056,5.0,0.1,Phones Product 57,Technology,Phones,10100.77,6325.84,45453.46,13824.26,0.3041,Corporate,Pune,Delhi
O50446,2025-12-03,C1143,P2001,1.0,0.15,Tables Product 2,Furniture,Tables,61893.98,38740.54,52609.88,13869.34,0.2636,Consumer,Delhi,Telangana
O50447,2025-08-11,C1429,P2061,3.0,0.2,Storage Product 62,Furniture,Storage,41881.88,27770.86,100516.51,17203.93,0.1712,Consumer,Chennai,Karnataka
O50448,2025-05-16,C1317,P2008,2.0,0.15,Paper Product 9,Office Supplies,Paper,12546.55,8779.06,21329.14,3771.02,0.1768,Consumer,Chennai,Maharashtra
O50449,2025-09-13,C1234,P2067,3.0,0.2,Storage Product 68,Furniture,Storage,45777.6,25636.72,109866.24,32956.08,0.3,Consumer,Chennai,Tamil Nadu
O50450,2025-12-26,C1006,P2016,5.0,0.05,Laptops Product 17,Technology,Laptops,60637.62,52413.59,288028.7,25960.75,0.0901,Consumer,Bengaluru,Telangana
O50451,2025-11-25,C1463,P2049,1.0,0.1,Accessories Product 50,Technology,Accessories,36467.03,22897.52,32820.33,9922.81,0.3023,Corporate,Pune,Kerala
O50452,2025-02-18,C1044,P2039,3.0,0.1,Chairs Product 40,Furniture,Chairs,31822.56,23868.26,85920.91,14316.13,0.1666,Consumer,Kochi,Kerala
O50453,2025-10-19,C1442,P2057,5.0,0.0,Laptops Product 58,Technology,Laptops,10032.16,7014.74,50160.8,15087.1,0.3008,Consumer,Delhi,Tamil Nadu
O50454,2025-11-20,C1238,P2074,2.0,0.15,Paper Product 75,Office Supplies,Paper,63885.75,44320.26,108605.78,19965.26,0.1838,Corporate,Mumbai,Tamil Nadu
O50455,2025-03-19,C1439,P2020,4.0,0.15,Phones Product 21,Technology,Phones,42879.1,36071.45,145788.94,1503.14,0.0103,Consumer,Chennai,Telangana
O50456,2025-04-15,C1431,P2017,2.0,0.15,Stationery Product 18,Office Supplies,Stationery,38596.4,22564.5,65613.88,20484.88,0.3122,Corporate,Salem,Karnataka
O50457,2025-06-18,C1154,P2054,1.0,0.15,Chairs Product 55,Furniture,Chairs,56519.23,39410.95,48041.35,8630.4,0.1796,Home Office,Bengaluru,Tamil Nadu
O50458,2025-08-05,C1180,P2028,2.0,0.15,Tables Product 29,Furniture,Tables,62771.45,44486.02,106711.46,17739.42,0.1662,Consumer,Madurai,Maharashtra
O50459,2025-04-29,C1214,P2023,2.0,0.0,Binders Product 24,Office Supplies,Binders,13648.36,7977.57,27296.72,11341.58,0.4155,Corporate,Salem,Maharashtra
O50460,2025-07-09,C1087,P2073,2.0,0.05,Tables Product 74,Furniture,Tables,74076.28,51453.16,140744.93,37838.61,0.2688,Corporate,Coimbatore,Tamil Nadu
O50461,2025-09-12,C1255,P2016,2.0,0.15,Laptops Product 17,Technology,Laptops,60637.62,52413.59,103083.95,-1743.23,-0.0169,Consumer,Salem,Telangana
O50462,2025-09-23,C1072,P2017,1.0,0.05,Stationery Product 18,Office Supplies,Stationery,38596.4,22564.5,36666.58,14102.08,0.3846,Consumer,Mumbai,Maharashtra
O50463,2025-05-29,C1418,P2041,5.0,0.0,Laptops Product 42,Technology,Laptops,17089.78,12912.68,85448.9,20885.5,0.2444,Corporate,Delhi,Maharashtra
O50464,2025-06-13,C1178,P2044,3.0,0.1,Stationery Product 45,Office Supplies,Stationery,33218.58,19028.06,89690.17,32605.99,0.3635,Home Office,Mumbai,Telangana
O50465,2025-05-20,C1211,P2016,4.0,0.15,Laptops Product 17,Technology,Laptops,60637.62,52413.59,206167.91,-3486.45,-0.0169,Corporate,Kochi,Telangana
O50466,2025-12-13,C1292,P2072,3.0,0.1,Accessories Product 73,Technology,Accessories,59154.4,49684.38,159716.88,10663.74,0.0668,Corporate,Pune,Tamil Nadu
O50467,2025-09-15,C1233,P2013,3.0,0.15,Phones Product 14,Technology,Phones,26276.26,19570.22,67004.46,8293.8,0.1238,Consumer,Salem,Kerala
O50468,2025-09-26,C1464,P2048,4.0,0.15,Storage Product 49,Furniture,Storage,47196.49,35282.94,160468.07,19336.31,0.1205,Home Office,Bengaluru,Telangana
O50469,2025-06-30,C1238,P2028,1.0,0.1,Tables Product 29,Furniture,Tables,62771.45,44486.02,56494.3,12008.28,0.2126,Corporate,Mumbai,Tamil Nadu
O50470,2025-06-09,C1222,P2003,4.0,0.2,Chairs Product 4,Furniture,Chairs,72789.1,60628.14,232925.12,-9587.44,-0.0412,Consumer,Bengaluru,Tamil Nadu
O50471,2025-12-17,C1118,P2019,1.0,0.15,Chairs Product 20,Furniture,Chairs,44904.0,24841.99,38168.4,13326.41,0.3491,Home Office,Pune,Telangana
O50472,2025-10-15,C1312,P2046,3.0,0.15,Chairs Product 47,Furniture,Chairs,53110.92,30880.61,135432.85,42791.02,0.316,Consumer,Chennai,Kerala
O50473,2025-10-15,C1263,P2008,1.0,0.15,Paper Product 9,Office Supplies,Paper,12546.55,8779.06,10664.57,1885.51,0.1768,Consumer,Delhi,Delhi
O50474,2025-08-14,C1206,P2076,5.0,0.0,Phones Product 77,Technology,Phones,31874.96,24846.67,159374.8,35141.45,0.2205,Consumer,Pune,Delhi
O50475,2025-01-11,C1094,P2078,4.0,0.15,Tables Product 79,Furniture,Tables,6133.72,4595.0,20854.65,2474.65,0.1187,Corporate,Delhi,Maharashtra
O50476,2025-01-10,C1372,P2026,5.0,0.1,Binders Product 27,Office Supplies,Binders,50136.78,40537.07,225615.51,22930.16,0.1016,Consumer,Pune,Telangana
O50477,2025-09-28,C1221,P2014,3.0,0.25,Chairs Product 15,Furniture,Chairs,12221.58,8595.65,27498.56,1711.61,0.0622,Consumer,Madurai,Karnataka
O50478,2025-09-30,C1365,P2018,4.0,0.2,Laptops Product 19,Technology,Laptops,45801.09,25468.21,146563.49,44690.65,0.3049,Consumer,Delhi,Tamil Nadu
O50479,2025-07-02,C1275,P2051,3.0,0.15,Chairs Product 52,Furniture,Chairs,34641.74,21896.2,88336.44,22647.84,0.2564,Consumer,Mumbai,Delhi
O50480,2025-06-02,C1379,P2025,5.0,0.05,Storage Product 26,Furniture,Storage,43441.32,34057.56,206346.27,36058.47,0.1747,Consumer,Chennai,Karnataka
O50481,2025-11-11,C1230,P2025,3.0,0.05,Storage Product 26,Furniture,Storage,43441.32,34057.56,123807.76,21635.08,0.1747,Corporate,Hyderabad,Maharashtra
O50482,2025-11-30,C1308,P2025,4.0,0.1,Storage Product 26,Furniture,Storage,43441.32,34057.56,156388.75,20158.51,0.1289,Corporate,Madurai,Tamil Nadu
O50483,2025-05-04,C1118,P2045,4.0,0.1,Tables Product 46,Furniture,Tables,69698.77,48576.61,250915.57,56609.13,0.2256,Home Office,Pune,Telangana
O50484,2025-04-24,C1267,P2048,3.0,0.1,Storage Product 49,Furniture,Storage,47196.49,35282.94,127430.52,21581.7,0.1694,Corporate,Coimbatore,Kerala
O50485,2025-10-05,C1432,P2052,4.0,0.1,Chairs Product 53,Furniture,Chairs,20426.46,13656.17,73535.26,18910.58,0.2572,Corporate,Pune,Delhi
O50486,2025-08-01,C1272,P2002,4.0,0.05,Accessories Product 3,Technology,Accessories,76083.83,45638.81,289118.55,106563.31,0.3686,Home Office,Kochi,Kerala
O50487,2025-06-21,C1063,P2065,3.0,0.3,Binders Product 66,Office Supplies,Binders,20647.93,15864.6,43360.65,-4233.15,-0.0976,Consumer,Delhi,Tamil Nadu
O50488,2025-10-15,C1297,P2041,5.0,0.05,Laptops Product 42,Technology,Laptops,17089.78,12912.68,81176.45,16613.05,0.2047,Consumer,Kochi,Maharashtra
O50489,2025-06-23,C1349,P2018,4.0,0.25,Laptops Product 19,Technology,Laptops,45801.09,25468.21,137403.27,35530.43,0.2586,Corporate,Delhi,Maharashtra
O50490,2025-04-23,C1412,P2016,4.0,0.25,Laptops Product 17,Technology,Laptops,60637.62,52413.59,181912.86,-27741.5,-0.1525,Home Office,Kochi,Maharashtra
O50491,2025-05-02,C1402,P2032,4.0,0.1,Stationery Product 33,Office Supplies,Stationery,3779.83,2280.57,13607.39,4485.11,0.3296,Consumer,Salem,Telangana
O50492,2025-02-01,C1493,P2075,4.0,0.15,Binders Product 76,Office Supplies,Binders,43695.78,24115.72,148565.65,52102.77,0.3507,Consumer,Madurai,Karnataka
O50493,2025-08-10,C1010,P2048,3.0,0.1,Storage Product 49,Furniture,Storage,47196.49,35282.94,127430.52,21581.7,0.1694,Consumer,Kochi,Kerala
O50494,2025-04-29,C1097,P2055,5.0,0.15,Binders Product 56,Office Supplies,Binders,16705.54,9805.04,70998.55,21973.35,0.3095,Consumer,Kochi,Delhi
O50495,2025-02-08,C1433,P2062,5.0,0.1,Storage Product 63,Furniture,Storage,2688.9,1752.13,12100.05,3339.4,0.276,Consumer,Mumbai,Maharashtra
O50496,2025-09-25,C1070,P2002,1.0,0.1,Accessories Product 3,Technology,Accessories,76083.83,45638.81,68475.45,22836.64,0.3335,Corporate,Salem,Karnataka
O50497,2025-08-21,C1363,P2048,4.0,0.15,Storage Product 49,Furniture,Storage,47196.49,35282.94,160468.07,19336.31,0.1205,Consumer,Hyderabad,Tamil Nadu
O50498,2025-01-18,C1057,P2054,4.0,0.1,Chairs Product 55,Furniture,Chairs,56519.23,39410.95,203469.23,45825.43,0.2252,Consumer,Chennai,Telangana
O50499,2025-05-29,C1289,P2025,1.0,0.15,Storage Product 26,Furniture,Storage,43441.32,34057.56,36925.12,2867.56,0.0777,Corporate,Chennai,Delhi
O50500,2025-05-29,C1250,P2071,5.0,0.1,Paper Product 72,Office Supplies,Paper,79468.95,63440.16,357610.28,40409.48,0.113,Consumer,Chennai,Delhi
O50501,2025-05-06,C1275,P2051,2.0,0.1,Chairs Product 52,Furniture,Chairs,34641.74,21896.2,62355.13,18562.73,0.2977,Consumer,Mumbai,Delhi
O50502,2025-10-29,C1049,P2006,2.0,0.0,Laptops Product 7,Technology,Laptops,57279.45,42140.92,114558.9,30277.06,0.2643,Consumer,Bengaluru,Kerala
O50503,2025-12-26,C1357,P2045,5.0,0.0,Tables Product 46,Furniture,Tables,69698.77,48576.61,348493.85,105610.8,0.303,Corporate,Pune,Telangana
O50504,2025-08-26,C1215,P2045,4.0,0.05,Tables Product 46,Furniture,Tables,69698.77,48576.61,264855.33,70548.89,0.2664,Consumer,Salem,Karnataka
O50505,2025-05-15,C1393,P2015,2.0,0.0,Tables Product 16,Furniture,Tables,38551.13,28836.5,77102.26,19429.26,0.252,Corporate,Pune,Telangana
O50506,2025-05-31,C1415,P2023,3.0,0.05,Binders Product 24,Office Supplies,Binders,13648.36,7977.57,38897.83,14965.12,0.3847,Consumer,Hyderabad,Telangana
O50507,2025-08-24,C1051,P2060,3.0,0.2,Laptops Product 61,Technology,Laptops,51237.86,42856.01,122970.86,-5597.17,-0.0455,Corporate,Kochi,Karnataka
O50508,2025-08-12,C1270,P2053,1.0,0.0,Accessories Product 54,Technology,Accessories,58991.24,45367.54,58991.24,13623.7,0.2309,Corporate,Hyderabad,Delhi
O50509,2025-07-22,C1484,P2061,5.0,0.15,Storage Product 62,Furniture,Storage,41881.88,27770.86,177997.99,39143.69,0.2199,Corporate,Coimbatore,Maharashtra
O50510,2025-09-13,C1083,P2000,5.0,0.05,Laptops Product 1,Technology,Laptops,13340.82,10836.58,63368.9,9186.0,0.145,Consumer,Coimbatore,Delhi
O50511,2025-03-27,C1386,P2048,2.0,0.2,Storage Product 49,Furniture,Storage,47196.49,35282.94,75514.38,4948.5,0.0655,Consumer,Pune,Maharashtra
O50512,2025-05-30,C1292,P2024,4.0,0.1,Storage Product 25,Furniture,Storage,71728.84,53529.53,258223.82,44105.7,0.1708,Corporate,Pune,Tamil Nadu
O50513,2025-08-23,C1125,P2009,5.0,0.1,Storage Product 10,Furniture,Storage,50209.76,29789.99,225943.92,76993.97,0.3408,Consumer,Delhi,Telangana
O50514,2025-12-11,C1295,P2079,2.0,0.1,Tables Product 80,Furniture,Tables,60819.74,43495.05,109475.53,22485.43,0.2054,Consumer,Bengaluru,Telangana
O50515,2025-01-22,C1071,P2015,2.0,0.1,Tables Product 16,Furniture,Tables,38551.13,28836.5,69392.03,11719.03,0.1689,Consumer,Kochi,Karnataka
O50516,2025-12-14,C1295,P2057,5.0,0.15,Laptops Product 58,Technology,Laptops,10032.16,7014.74,42636.68,7562.98,0.1774,Consumer,Bengaluru,Telangana
O50517,2025-10-12,C1235,P2071,2.0,0.05,Paper Product 72,Office Supplies,Paper,79468.95,63440.16,150991.0,24110.68,0.1597,Corporate,Pune,Kerala
O50518,2025-09-26,C1055,P2028,1.0,0.3,Tables Product 29,Furniture,Tables,62771.45,44486.02,43940.01,-546.01,-0.0124,Home Office,Hyderabad,Tamil Nadu
O50519,2025-09-15,C1406,P2005,1.0,0.1,Tables Product 6,Furniture,Tables,18627.38,11555.02,16764.64,5209.62,0.3108,Consumer,Salem,Telangana
O50520,2025-01-29,C1359,P2015,5.0,0.1,Tables Product 16,Furniture,Tables,38551.13,28836.5,173480.08,29297.58,0.1689,Consumer,Hyderabad,Telangana
O50521,2025-08-01,C1394,P2019,4.0,0.15,Chairs Product 20,Furniture,Chairs,44904.0,24841.99,152673.6,53305.64,0.3491,Consumer,Mumbai,Karnataka
O50522,2025-10-10,C1109,P2079,3.0,0.1,Tables Product 80,Furniture,Tables,60819.74,43495.05,54737.77,11242.72,0.2054,Consumer,Kochi,Kerala
O50523,2025-02-19,C1191,P2070,1.0,0.2,Phones Product 71,Technology,Phones,79953.27,45246.36,63962.62,18716.26,0.2926,Home Office,Coimbatore,Delhi
O50524,2025-04-05,C1391,P2077,5.0,0.1,Laptops Product 78,Technology,Laptops,47839.89,34926.79,215279.5,40645.55,0.1888,Consumer,Salem,Delhi
O50525,2025-03-29,C1092,P2042,3.0,0.15,Storage Product 43,Furniture,Storage,19092.63,15390.19,48686.21,2515.64,0.0517,Corporate,Pune,Karnataka
O50526,2025-02-13,C1349,P2025,2.0,0.05,Storage Product 26,Furniture,Storage,43441.32,34057.56,82538.51,14423.39,0.1747,Corporate,Delhi,Maharashtra
O50527,2025-10-05,C1055,P2077,1.0,0.2,Laptops Product 78,Technology,Laptops,47839.89,34926.79,38271.91,3345.12,0.0874,Home Office,Hyderabad,Tamil Nadu
O50528,2025-06-20,C1059,P2070,3.0,0.15,Phones Product 71,Technology,Phones,79953.27,45246.36,203880.84,68141.76,0.3342,Consumer,Coimbatore,Delhi
O50529,2025-07-08,C1137,P2032,4.0,0.05,Stationery Product 33,Office Supplies,Stationery,3779.83,2280.57,14363.35,5241.07,0.3649,Corporate,Mumbai,Karnataka
O50530,2025-12-19,C1038,P2025,3.0,0.05,Storage Product 26,Furniture,Storage,43441.32,34057.56,123807.76,21635.08,0.1747,Corporate,Kochi,Maharashtra
O50531,2025-07-03,C1027,P2044,5.0,0.1,Stationery Product 45,Office Supplies,Stationery,33218.58,19028.06,149483.61,54343.31,0.3635,Consumer,Salem,Karnataka
O50532,2025-01-03,C1048,P2062,4.0,0.3,Storage Product 63,Furniture,Storage,2688.9,1752.13,7528.92,520.4,0.0691,Consumer,Delhi,Delhi
O50533,2025-07-10,C1419,P2066,4.0,0.05,Stationery Product 67,Office Supplies,Stationery,54754.87,39098.68,208068.51,51673.79,0.2483,Corporate,Mumbai,Telangana
O50534,2025-04-28,C1124,P2051,3.0,0.1,Chairs Product 52,Furniture,Chairs,34641.74,21896.2,93532.7,27844.1,0.2977,Consumer,Coimbatore,Maharashtra
O50535,2025-01-19,C1012,P2067,5.0,0.0,Storage Product 68,Furniture,Storage,45777.6,25636.72,228888.0,100704.4,0.44,Corporate,Coimbatore,Maharashtra
O50536,2025-01-23,C1479,P2025,1.0,0.1,Storage Product 26,Furniture,Storage,43441.32,34057.56,39097.19,5039.63,0.1289,Consumer,Madurai,Kerala
O50537,2025-01-30,C1035,P2074,3.0,0.15,Paper Product 75,Office Supplies,Paper,63885.75,44320.26,162908.66,29947.88,0.1838,Corporate,Madurai,Kerala
O50538,2025-10-22,C1100,P2001,1.0,0.25,Tables Product 2,Furniture,Tables,61893.98,38740.54,46420.48,7679.94,0.1654,Consumer,Pune,Kerala
O50539,2025-04-18,C1281,P2013,3.0,0.1,Phones Product 14,Technology,Phones,26276.26,19570.22,70945.9,12235.24,0.1725,Consumer,Kochi,Karnataka
O50540,2025-10-08,C1085,P2029,1.0,0.2,Phones Product 30,Technology,Phones,35257.0,27824.57,28205.6,381.03,0.0135,Consumer,Coimbatore,Tamil Nadu
O50541,2025-05-08,C1003,P2048,3.0,0.15,Storage Product 49,Furniture,Storage,47196.49,35282.94,120351.05,14502.23,0.1205,Corporate,Chennai,Tamil Nadu
O50542,2025-08-17,C1222,P2011,4.0,0.0,Tables Product 12,Furniture,Tables,47986.68,36009.74,191946.72,47907.76,0.2496,Consumer,Bengaluru,Tamil Nadu
O50543,2025-04-21,C1337,P2043,2.0,0.1,Tables Product 44,Furniture,Tables,14620.74,9187.52,26317.33,7942.29,0.3018,Corporate,Hyderabad,Tamil Nadu
O50544,2025-05-16,C1447,P2032,4.0,0.15,Stationery Product 33,Office Supplies,Stationery,3779.83,2280.57,12851.42,3729.14,0.2902,Corporate,Chennai,Delhi
O50545,2025-12-28,C1165,P2012,1.0,0.25,Laptops Product 13,Technology,Laptops,16281.82,11596.34,12211.36,615.02,0.0504,Corporate,Madurai,Karnataka
O50546,2025-07-05,C1382,P2077,5.0,0.2,Laptops Product 78,Technology,Laptops,47839.89,34926.79,191359.56,16725.61,0.0874,Corporate,Hyderabad,Maharashtra
O50547,2025-05-24,C1343,P2025,4.0,0.05,Storage Product 26,Furniture,Storage,43441.32,34057.56,165077.02,28846.78,0.1747,Consumer,Chennai,Karnataka
O50548,2025-03-13,C1382,P2020,2.0,0.05,Phones Product 21,Technology,Phones,42879.1,36071.45,81470.29,9327.39,0.1145,Corporate,Hyderabad,Maharashtra
O50549,2025-05-09,C1375,P2027,1.0,0.05,Storage Product 28,Furniture,Storage,6685.15,5650.89,6350.89,700.0,0.1102,Consumer,Delhi,Kerala
O50550,2025-12-30,C1470,P2047,4.0,0.25,Chairs Product 48,Furniture,Chairs,77562.16,49266.25,232686.48,35621.48,0.1531,Consumer,Salem,Delhi
O50551,2025-09-18,C1277,P2039,3.0,0.2,Chairs Product 40,Furniture,Chairs,31822.56,23868.26,76374.14,4769.36,0.0624,Corporate,Salem,Telangana
O50552,2025-01-03,C1129,P2065,5.0,0.2,Binders Product 66,Office Supplies,Binders,20647.93,15864.6,82591.72,3268.72,0.0396,Consumer,Kochi,Telangana
O50553,2025-04-14,C1030,P2072,1.0,0.1,Accessories Product 73,Technology,Accessories,59154.4,49684.38,53238.96,3554.58,0.0668,Corporate,Coimbatore,Kerala
O50554,2025-08-12,C1374,P2078,4.0,0.1,Tables Product 79,Furniture,Tables,6133.72,4595.0,22081.39,3701.39,0.1676,Consumer,Delhi,Karnataka
O50555,2025-11-16,C1010,P2076,1.0,0.1,Phones Product 77,Technology,Phones,31874.96,24846.67,28687.46,3840.79,0.1339,Consumer,Kochi,Kerala
O50556,2025-12-28,C1475,P2022,3.0,0.05,Accessories Product 23,Technology,Accessories,16308.47,12700.29,46479.14,8378.27,0.1803,Home Office,Hyderabad,Karnataka
O50557,2025-12-20,C1301,P2047,2.0,0.1,Chairs Product 48,Furniture,Chairs,77562.16,49266.25,139611.89,41079.39,0.2942,Consumer,Hyderabad,Kerala
O50558,2025-01-10,C1095,P2001,4.0,0.0,Tables Product 2,Furniture,Tables,61893.98,38740.54,247575.92,92613.76,0.3741,Consumer,Bengaluru,Telangana
O50559,2025-10-29,C1189,P2019,1.0,0.05,Chairs Product 20,Furniture,Chairs,44904.0,24841.99,42658.8,17816.81,0.4177,Consumer,Bengaluru,Tamil Nadu
O50560,2025-08-19,C1452,P2058,1.0,0.2,Paper Product 59,Office Supplies,Paper,8533.72,6340.06,6826.98,486.92,0.0713,Consumer,Salem,Karnataka
O50561,2025-08-07,C1191,P2045,1.0,0.2,Tables Product 46,Furniture,Tables,69698.77,48576.61,55759.02,7182.41,0.1288,Home Office,Coimbatore,Delhi
O50562,2025-03-07,C1485,P2002,2.0,0.1,Accessories Product 3,Technology,Accessories,76083.83,45638.81,136950.89,45673.27,0.3335,Home Office,Chennai,Kerala
O50563,2025-04-22,C1265,P2054,1.0,0.1,Chairs Product 55,Furniture,Chairs,56519.23,39410.95,50867.31,11456.36,0.2252,Corporate,Madurai,Kerala
O50564,2025-01-13,C1423,P2011,5.0,0.1,Tables Product 12,Furniture,Tables,47986.68,36009.74,215940.06,35891.36,0.1662,Consumer,Delhi,Telangana
O50565,2025-03-27,C1127,P2039,5.0,0.15,Chairs Product 40,Furniture,Chairs,31822.56,23868.26,135245.88,15904.58,0.1176,Home Office,Bengaluru,Kerala
O50566,2025-08-22,C1237,P2065,1.0,0.2,Binders Product 66,Office Supplies,Binders,20647.93,15864.6,16518.34,653.74,0.0396,Consumer,Bengaluru,Delhi
O50567,2025-03-31,C1407,P2077,5.0,0.2,Laptops Product 78,Technology,Laptops,47839.89,34926.79,191359.56,16725.61,0.0874,Consumer,Madurai,Tamil Nadu
O50568,2025-11-10,C1354,P2015,4.0,0.15,Tables Product 16,Furniture,Tables,38551.13,28836.5,131073.84,15727.84,0.12,Consumer,Pune,Delhi
O50569,2025-02-23,C1427,P2033,5.0,0.05,Accessories Product 34,Technology,Accessories,18507.84,16264.51,87912.24,6589.69,0.075,Home Office,Coimbatore,Maharashtra
O50570,2025-01-12,C1111,P2043,1.0,0.1,Tables Product 44,Furniture,Tables,14620.74,9187.52,13158.67,3971.15,0.3018,Consumer,Bengaluru,Karnataka
O50571,2025-07-28,C1315,P2005,3.0,0.1,Tables Product 6,Furniture,Tables,18627.38,11555.02,50293.93,15628.87,0.3108,Corporate,Mumbai,Maharashtra
O50572,2025-01-14,C1445,P2076,4.0,0.1,Phones Product 77,Technology,Phones,31874.96,24846.67,114749.86,15363.18,0.1339,Home Office,Chennai,Maharashtra
O50573,2025-05-01,C1342,P2063,2.0,0.2,Binders Product 64,Office Supplies,Binders,58712.04,35437.77,93939.26,23063.72,0.2455,Consumer,Madurai,Karnataka
O50574,2025-01-20,C1144,P2021,1.0,0.1,Laptops Product 22,Technology,Laptops,6562.71,4469.1,5906.44,1437.34,0.2434,Consumer,Mumbai,Tamil Nadu
O50575,2025-03-16,C1064,P2017,2.0,0.05,Stationery Product 18,Office Supplies,Stationery,38596.4,22564.5,73333.16,28204.16,0.3846,Consumer,Coimbatore,Tamil Nadu
O50576,2025-08-31,C1246,P2011,3.0,0.1,Tables Product 12,Furniture,Tables,47986.68,36009.74,129564.04,21534.82,0.1662,Consumer,Salem,Karnataka
O50577,2025-08-11,C1222,P2051,2.0,0.3,Chairs Product 52,Furniture,Chairs,34641.74,21896.2,48498.44,4706.04,0.097,Consumer,Bengaluru,Tamil Nadu
O50578,2025-03-11,C1478,P2050,1.0,0.05,Phones Product 51,Technology,Phones,26671.88,18619.55,25338.29,6718.74,0.2652,Home Office,Madurai,Maharashtra
O50579,2025-11-08,C1489,P2070,1.0,0.15,Phones Product 71,Technology,Phones,79953.27,45246.36,67960.28,22713.92,0.3342,Home Office,Madurai,Delhi
O50580,2025-07-30,C1312,P2047,3.0,0.1,Chairs Product 48,Furniture,Chairs,77562.16,49266.25,209417.83,61619.08,0.2942,Consumer,Chennai,Kerala
O50581,2025-04-11,C1438,P2018,1.0,0.0,Laptops Product 19,Technology,Laptops,45801.09,25468.21,45801.09,20332.88,0.4439,Corporate,Pune,Delhi
O50582,2025-07-05,C1105,P2005,3.0,0.1,Tables Product 6,Furniture,Tables,18627.38,11555.02,50293.93,15628.87,0.3108,Consumer,Pune,Maharashtra
O50583,2025-05-12,C1180,P2026,3.0,0.15,Binders Product 27,Office Supplies,Binders,50136.78,40537.07,127848.79,6237.58,0.0488,Consumer,Madurai,Maharashtra
O50584,2025-04-21,C1183,P2052,1.0,0.1,Chairs Product 53,Furniture,Chairs,20426.46,13656.17,18383.81,4727.64,0.2572,Home Office,Mumbai,Tamil Nadu
O50585,2025-05-12,C1225,P2047,5.0,0.2,Chairs Product 48,Furniture,Chairs,77562.16,49266.25,310248.64,63917.39,0.206,Consumer,Kochi,Kerala
O50586,2025-01-20,C1264,P2006,3.0,0.1,Laptops Product 7,Technology,Laptops,57279.45,42140.92,154654.51,28231.75,0.1825,Home Office,Kochi,Maharashtra
O50587,2025-01-24,C1277,P2058,1.0,0.0,Paper Product 59,Office Supplies,Paper,8533.72,6340.06,8533.72,2193.66,0.2571,Corporate,Salem,Telangana
O50588,2025-08-15,C1396,P2068,5.0,0.25,Binders Product 69,Office Supplies,Binders,73518.62,55006.72,275694.82,661.22,0.0024,Home Office,Madurai,Karnataka
O50589,2025-06-03,C1088,P2010,3.0,0.1,Phones Product 11,Technology,Phones,49447.03,40193.38,133506.98,12926.84,0.0968,Home Office,Hyderabad,Delhi
O50590,2025-10-20,C1175,P2014,5.0,0.15,Chairs Product 15,Furniture,Chairs,12221.58,8595.65,51941.72,8963.47,0.1726,Consumer,Kochi,Maharashtra
O50591,2025-08-18,C1017,P2063,4.0,0.2,Binders Product 64,Office Supplies,Binders,58712.04,35437.77,187878.53,46127.45,0.2455,Consumer,Coimbatore,Karnataka
O50592,2025-11-06,C1370,P2002,4.0,0.1,Accessories Product 3,Technology,Accessories,76083.83,45638.81,273901.79,91346.55,0.3335,Consumer,Salem,Tamil Nadu
O50593,2025-12-25,C1459,P2068,5.0,0.15,Binders Product 69,Office Supplies,Binders,73518.62,55006.72,312454.13,37420.53,0.1198,Consumer,Bengaluru,Kerala
O50594,2025-07-21,C1423,P2022,3.0,0.05,Accessories Product 23,Technology,Accessories,16308.47,12700.29,46479.14,8378.27,0.1803,Consumer,Delhi,Telangana
O50595,2025-02-07,C1400,P2052,1.0,0.1,Chairs Product 53,Furniture,Chairs,20426.46,13656.17,18383.81,4727.64,0.2572,Consumer,Delhi,Tamil Nadu
O50596,2025-09-17,C1398,P2036,2.0,0.05,Tables Product 37,Furniture,Tables,76874.21,52831.76,146061.0,40397.48,0.2766,Corporate,Kochi,Maharashtra
O50597,2025-07-07,C1105,P2008,1.0,0.2,Paper Product 9,Office Supplies,Paper,12546.55,8779.06,10037.24,1258.18,0.1254,Consumer,Pune,Maharashtra
O50598,2025-02-26,C1270,P2014,2.0,0.05,Chairs Product 15,Furniture,Chairs,12221.58,8595.65,23221.0,6029.7,0.2597,Corporate,Hyderabad,Delhi
O50599,2025-01-20,C1462,P2002,2.0,0.15,Accessories Product 3,Technology,Accessories,76083.83,45638.81,129342.51,38064.89,0.2943,Corporate,Chennai,Karnataka
O50600,2025-09-30,C1318,P2069,3.0,0.25,Binders Product 70,Office Supplies,Binders,31690.99,24240.66,71304.73,-1417.25,-0.0199,Consumer,Madurai,Delhi
O50601,2025-04-29,C1166,P2016,5.0,0.1,Laptops Product 17,Technology,Laptops,60637.62,52413.59,272869.29,10801.34,0.0396,Consumer,Bengaluru,Maharashtra
O50602,2025-03-12,C1012,P2025,1.0,0.15,Storage Product 26,Furniture,Storage,43441.32,34057.56,36925.12,2867.56,0.0777,Corporate,Coimbatore,Maharashtra
O50603,2025-01-04,C1336,P2020,5.0,0.1,Phones Product 21,Technology,Phones,42879.1,36071.45,192955.95,12598.7,0.0653,Home Office,Madurai,Karnataka
O50604,2025-08-09,C1031,P2071,4.0,0.1,Paper Product 72,Office Supplies,Paper,79468.95,63440.16,286088.22,32327.58,0.113,Consumer,Mumbai,Telangana
O50605,2025-01-14,C1392,P2020,3.0,0.1,Phones Product 21,Technology,Phones,42879.1,36071.45,115773.57,7559.22,0.0653,Consumer,Bengaluru,Maharashtra
O50606,2025-01-03,C1039,P2010,3.0,0.15,Phones Product 11,Technology,Phones,49447.03,40193.38,126089.93,5509.79,0.0437,Consumer,Kochi,Delhi
O50607,2025-08-04,C1147,P2037,4.0,0.3,Paper Product 38,Office Supplies,Paper,27871.02,18741.67,78038.86,3072.18,0.0394,Consumer,Pune,Maharashtra
O50608,2025-08-17,C1217,P2071,1.0,0.25,Paper Product 72,Office Supplies,Paper,79468.95,63440.16,59601.71,-3838.45,-0.0644,Corporate,Hyderabad,Kerala
O50609,2025-12-02,C1218,P2034,4.0,0.2,Stationery Product 35,Office Supplies,Stationery,6797.66,4643.32,21752.51,3179.23,0.1462,Corporate,Pune,Telangana
O50610,2025-07-05,C1468,P2013,1.0,0.2,Phones Product 14,Technology,Phones,26276.26,19570.22,21021.01,1450.79,0.069,Consumer,Coimbatore,Tamil Nadu
O50611,2025-02-24,C1081,P2013,2.0,0.1,Phones Product 14,Technology,Phones,26276.26,19570.22,47297.27,8156.83,0.1725,Corporate,Coimbatore,Kerala
O50612,2025-09-11,C1332,P2009,3.0,0.15,Storage Product 10,Furniture,Storage,50209.76,29789.99,128034.89,38664.92,0.302,Consumer,Delhi,Tamil Nadu
O50613,2025-01-24,C1207,P2011,1.0,0.25,Tables Product 12,Furniture,Tables,47986.68,36009.74,35990.01,-19.73,-0.0005,Corporate,Salem,Karnataka
O50614,2025-06-11,C1200,P2037,5.0,0.1,Paper Product 38,Office Supplies,Paper,27871.02,18741.67,125419.59,31711.24,0.2528,Corporate,Mumbai,Maharashtra
O50615,2025-06-07,C1446,P2033,5.0,0.1,Accessories Product 34,Technology,Accessories,18507.84,16264.51,69404.4,-11918.15,-0.1717,Home Office,Madurai,Telangana
O50616,2025-03-23,C1331,P2040,3.0,0.1,Tables Product 41,Furniture,Tables,52504.24,46067.43,141761.45,3559.16,0.0251,Corporate,Pune,Delhi
O50617,2025-06-08,C1427,P2009,4.0,0.15,Storage Product 10,Furniture,Storage,50209.76,29789.99,170713.18,51553.22,0.302,Home Office,Coimbatore,Maharashtra
O50618,2025-07-07,C1037,P2016,4.0,0.15,Laptops Product 17,Technology,Laptops,60637.62,52413.59,206167.91,-3486.45,-0.0169,Consumer,Chennai,Maharashtra
O50619,2025-03-01,C1210,P2016,1.0,0.25,Laptops Product 17,Technology,Laptops,60637.62,52413.59,45478.22,-6935.37,-0.1525,Consumer,Chennai,Tamil Nadu
O50620,2025-11-01,C1443,P2066,4.0,0.05,Stationery Product 67,Office Supplies,Stationery,54754.87,39098.68,208068.51,51673.79,0.2483,Consumer,Coimbatore,Karnataka
O50621,2025-11-15,C1326,P2061,3.0,0.15,Storage Product 62,Furniture,Storage,41881.88,27770.86,106798.79,23486.21,0.2199,Consumer,Salem,Karnataka
O50622,2025-07-30,C1248,P2000,1.0,0.1,Laptops Product 1,Technology,Laptops,13340.82,10836.58,12006.74,1170.16,0.0975,Home Office,Bengaluru,Karnataka
O50623,2025-06-01,C1226,P2011,2.0,0.05,Tables Product 12,Furniture,Tables,47986.68,36009.74,91174.69,19155.21,0.2101,Home Office,Hyderabad,Kerala
O50624,2025-04-19,C1047,P2003,4.0,0.2,Chairs Product 4,Furniture,Chairs,72789.1,60628.14,232925.12,-9587.44,-0.0412,Consumer,Delhi,Karnataka
O50625,2025-03-17,C1017,P2041,4.0,0.15,Laptops Product 42,Technology,Laptops,17089.78,12912.68,58105.25,6454.53,0.1111,Consumer,Coimbatore,Karnataka
O50626,2025-01-30,C1399,P2012,1.0,0.15,Laptops Product 13,Technology,Laptops,16281.82,11596.34,13839.55,2243.21,0.1621,Corporate,Kochi,Maharashtra
O50627,2025-11-10,C1438,P2003,5.0,0.1,Chairs Product 4,Furniture,Chairs,72789.1,60628.14,327550.95,24410.25,0.0745,Corporate,Pune,Delhi
O50628,2025-04-27,C1294,P2068,4.0,0.1,Binders Product 69,Office Supplies,Binders,73518.62,55006.72,264667.03,44640.15,0.1687,Consumer,Kochi,Kerala
O50629,2025-12-22,C1195,P2018,3.0,0.15,Laptops Product 19,Technology,Laptops,45801.09,25468.21,116792.78,40388.15,0.3458,Consumer,Pune,Tamil Nadu
O50630,2025-07-11,C1186,P2001,4.0,0.1,Tables Product 2,Furniture,Tables,61893.98,38740.54,222818.33,67856.17,0.3045,Corporate,Mumbai,Delhi
O50631,2025-01-19,C1344,P2011,2.0,0.05,Tables Product 12,Furniture,Tables,47986.68,36009.74,91174.69,19155.21,0.2101,Consumer,Hyderabad,Delhi
O50632,2025-06-22,C1223,P2073,4.0,0.25,Tables Product 74,Furniture,Tables,74076.28,51453.16,222228.84,16416.2,0.0739,Consumer,Bengaluru,Delhi
O50633,2025-08-16,C1317,P2005,5.0,0.1,Tables Product 6,Furniture,Tables,18627.38,11555.02,83823.21,26048.11,0.3108,Consumer,Chennai,Maharashtra
O50634,2025-12-16,C1487,P2007,4.0,0.15,Storage Product 8,Furniture,Storage,77465.02,47348.43,263381.07,73987.35,0.2809,Consumer,Madurai,Telangana
O50635,2025-07-02,C1396,P2050,1.0,0.1,Phones Product 51,Technology,Phones,26671.88,18619.55,24004.69,5385.14,0.2243,Home Office,Madurai,Karnataka
O50636,2025-04-23,C1364,P2010,4.0,0.1,Phones Product 11,Technology,Phones,49447.03,40193.38,178009.31,17235.79,0.0968,Home Office,Hyderabad,Telangana
O50637,2025-07-02,C1336,P2062,5.0,0.1,Storage Product 63,Furniture,Storage,2688.9,1752.13,12100.05,3339.4,0.276,Home Office,Madurai,Karnataka
O50638,2025-05-26,C1496,P2056,1.0,0.1,Phones Product 57,Technology,Phones,10100.77,6325.84,9090.69,2764.85,0.3041,Corporate,Madurai,Karnataka
O50639,2025-11-15,C1228,P2011,3.0,0.15,Tables Product 12,Furniture,Tables,47986.68,36009.74,122366.03,14336.81,0.1172,Home Office,Salem,Karnataka
O50640,2025-04-26,C1389,P2072,1.0,0.15,Accessories Product 73,Technology,Accessories,59154.4,49684.38,50281.24,596.86,0.0119,Corporate,Delhi,Karnataka
O50641,2025-04-23,C1466,P2001,2.0,0.1,Tables Product 2,Furniture,Tables,61893.98,38740.54,111409.16,33928.08,0.3045,Consumer,Chennai,Kerala
O50642,2025-09-08,C1076,P2007,1.0,0.05,Storage Product 8,Furniture,Storage,77465.02,47348.43,73591.77,26243.34,0.3566,Corporate,Kochi,Telangana
O50643,2025-09-08,C1187,P2010,3.0,0.1,Phones Product 11,Technology,Phones,49447.03,40193.38,133506.98,12926.84,0.0968,Consumer,Hyderabad,Telangana
O50644,2025-10-30,C1345,P2052,4.0,0.05,Chairs Product 53,Furniture,Chairs,20426.46,13656.17,77620.55,22995.87,0.2963,Corporate,Salem,Tamil Nadu
O50645,2025-11-09,C1269,P2009,1.0,0.05,Storage Product 10,Furniture,Storage,50209.76,29789.99,47699.27,17909.28,0.3755,Consumer,Coimbatore,Karnataka
O50646,2025-04-28,C1094,P2007,1.0,0.25,Storage Product 8,Furniture,Storage,77465.02,47348.43,58098.76,10750.33,0.185,Corporate,Delhi,Maharashtra
O50647,2025-10-28,C1309,P2035,1.0,0.15,Phones Product 36,Technology,Phones,2743.0,1741.9,2331.55,589.65,0.2529,Consumer,Pune,Kerala
O50648,2025-06-10,C1131,P2075,1.0,0.15,Binders Product 76,Office Supplies,Binders,43695.78,24115.72,37141.41,13025.69,0.3507,Consumer,Delhi,Delhi
O50649,2025-07-17,C1038,P2013,3.0,0.1,Phones Product 14,Technology,Phones,26276.26,19570.22,70945.9,12235.24,0.1725,Corporate,Kochi,Maharashtra
O50650,2025-09-17,C1071,P2053,5.0,0.25,Accessories Product 54,Technology,Accessories,58991.24,45367.54,221217.15,-5620.55,-0.0254,Consumer,Kochi,Karnataka
O50651,2025-05-28,C1280,P2020,5.0,0.15,Phones Product 21,Technology,Phones,42879.1,36071.45,182236.18,1878.93,0.0103,Home Office,Chennai,Delhi
O50652,2025-08-28,C1332,P2049,1.0,0.2,Accessories Product 50,Technology,Accessories,36467.03,22897.52,29173.62,6276.1,0.2151,Consumer,Delhi,Tamil Nadu
O50653,2025-02-16,C1159,P2038,3.0,0.1,Binders Product 39,Office Supplies,Binders,69402.41,51424.61,187386.51,33112.68,0.1767,Corporate,Madurai,Maharashtra
O50654,2025-07-17,C1186,P2019,3.0,0.25,Chairs Product 20,Furniture,Chairs,44904.0,24841.99,101034.0,26508.03,0.2624,Corporate,Mumbai,Delhi
O50655,2025-02-16,C1485,P2006,1.0,0.2,Laptops Product 7,Technology,Laptops,57279.45,42140.92,45823.56,3682.64,0.0804,Home Office,Chennai,Kerala
O50656,2025-03-19,C1190,P2008,2.0,0.2,Paper Product 9,Office Supplies,Paper,12546.55,8779.06,20074.48,2516.36,0.1254,Consumer,Mumbai,Maharashtra
O50657,2025-05-04,C1421,P2000,3.0,0.05,Laptops Product 1,Technology,Laptops,13340.82,10836.58,12673.78,1837.2,0.145,Corporate,Hyderabad,Karnataka
O50658,2025-03-16,C1119,P2025,2.0,0.05,Storage Product 26,Furniture,Storage,43441.32,34057.56,82538.51,14423.39,0.1747,Consumer,Hyderabad,Maharashtra
O50659,2025-12-25,C1219,P2037,1.0,0.1,Paper Product 38,Office Supplies,Paper,27871.02,18741.67,25083.92,6342.25,0.2528,Corporate,Madurai,Karnataka
O50660,2025-05-17,C1052,P2037,2.0,0.05,Paper Product 38,Office Supplies,Paper,27871.02,18741.67,52954.94,15471.6,0.2922,Home Office,Mumbai,Delhi
O50661,2025-03-31,C1221,P2060,2.0,0.2,Laptops Product 61,Technology,Laptops,51237.86,42856.01,81980.58,-3731.44,-0.0455,Consumer,Madurai,Karnataka
O50662,2025-11-21,C1450,P2043,1.0,0.0,Tables Product 44,Furniture,Tables,14620.74,9187.52,14620.74,5433.22,0.3716,Corporate,Chennai,Karnataka
O50663,2025-03-02,C1411,P2043,2.0,0.0,Tables Product 44,Furniture,Tables,14620.74,9187.52,29241.48,10866.44,0.3716,Home Office,Mumbai,Tamil Nadu
O50664,2025-05-18,C1130,P2073,4.0,0.05,Tables Product 74,Furniture,Tables,74076.28,51453.16,281489.86,75677.22,0.2688,Consumer,Coimbatore,Telangana
O50665,2025-02-19,C1236,P2061,5.0,0.05,Storage Product 62,Furniture,Storage,41881.88,27770.86,198938.93,60084.63,0.302,Consumer,Salem,Maharashtra
O50666,2025-09-16,C1245,P2005,3.0,0.05,Tables Product 6,Furniture,Tables,18627.38,11555.02,53088.03,18422.97,0.347,Home Office,Delhi,Delhi
O50667,2025-04-17,C1225,P2016,2.0,0.2,Laptops Product 17,Technology,Laptops,60637.62,52413.59,97020.19,-7806.99,-0.0805,Consumer,Kochi,Kerala
O50668,2025-04-23,C1207,P2050,2.0,0.15,Phones Product 51,Technology,Phones,26671.88,18619.55,45342.2,8103.1,0.1787,Corporate,Salem,Karnataka
O50669,2025-12-16,C1405,P2037,3.0,0.0,Paper Product 38,Office Supplies,Paper,27871.02,18741.67,83613.06,27388.05,0.3276,Home Office,Chennai,Telangana
O50670,2025-09-11,C1095,P2023,2.0,0.1,Binders Product 24,Office Supplies,Binders,13648.36,7977.57,24567.05,8611.91,0.3505,Consumer,Bengaluru,Telangana
O50671,2025-04-28,C1421,P2050,3.0,0.1,Phones Product 51,Technology,Phones,26671.88,18619.55,72014.08,16155.43,0.2243,Corporate,Hyderabad,Karnataka
O50672,2025-07-17,C1199,P2009,1.0,0.05,Storage Product 10,Furniture,Storage,50209.76,29789.99,47699.27,17909.28,0.3755,Corporate,Delhi,Tamil Nadu
O50673,2025-12-03,C1246,P2071,4.0,0.15,Paper Product 72,Office Supplies,Paper,79468.95,63440.16,270194.43,16433.79,0.0608,Consumer,Salem,Karnataka
O50674,2025-12-31,C1071,P2020,4.0,0.15,Phones Product 21,Technology,Phones,42879.1,36071.45,145788.94,1503.14,0.0103,Consumer,Kochi,Karnataka
O50675,2025-02-20,C1317,P2069,5.0,0.15,Binders Product 70,Office Supplies,Binders,31690.99,24240.66,134686.71,13483.41,0.1001,Consumer,Chennai,Maharashtra
O50676,2025-09-02,C1184,P2056,2.0,0.15,Phones Product 57,Technology,Phones,10100.77,6325.84,17171.31,4519.63,0.2632,Consumer,Chennai,Tamil Nadu
O50677,2025-02-04,C1005,P2038,5.0,0.0,Binders Product 39,Office Supplies,Binders,69402.41,51424.61,347012.05,89889.0,0.259,Consumer,Hyderabad,Karnataka
O50678,2025-10-29,C1205,P2032,1.0,0.25,Stationery Product 33,Office Supplies,Stationery,3779.83,2280.57,2834.87,554.3,0.1955,Consumer,Coimbatore,Maharashtra
O50679,2025-03-10,C1031,P2058,4.0,0.2,Paper Product 59,Office Supplies,Paper,8533.72,6340.06,27307.9,1947.66,0.0713,Consumer,Mumbai,Telangana
O50680,2025-12-15,C1098,P2017,1.0,0.25,Stationery Product 18,Office Supplies,Stationery,38596.4,22564.5,28947.3,6382.8,0.2205,Consumer,Hyderabad,Telangana
O50681,2025-11-16,C1393,P2055,1.0,0.0,Binders Product 56,Office Supplies,Binders,16705.54,9805.04,16705.54,6900.5,0.4131,Corporate,Pune,Telangana
O50682,2025-02-18,C1386,P2056,2.0,0.25,Phones Product 57,Technology,Phones,10100.77,6325.84,15151.16,2499.48,0.165,Consumer,Pune,Maharashtra
O50683,2025-03-15,C1255,P2075,1.0,0.2,Binders Product 76,Office Supplies,Binders,43695.78,24115.72,34956.62,10840.9,0.3101,Consumer,Salem,Telangana
O50684,2025-07-11,C1186,P2047,4.0,0.2,Chairs Product 48,Furniture,Chairs,77562.16,49266.25,248198.91,51133.91,0.206,Corporate,Mumbai,Delhi
O50685,2025-09-18,C1075,P2041,5.0,0.0,Laptops Product 42,Technology,Laptops,17089.78,12912.68,85448.9,20885.5,0.2444,Corporate,Kochi,Maharashtra
O50686,2025-12-22,C1176,P2026,4.0,0.15,Binders Product 27,Office Supplies,Binders,50136.78,40537.07,170465.05,8316.77,0.0488,Corporate,Delhi,Kerala
O50687,2025-03-11,C1314,P2073,2.0,0.25,Tables Product 74,Furniture,Tables,74076.28,51453.16,111114.42,8208.1,0.0739,Corporate,Chennai,Delhi
O50688,2025-03-31,C1286,P2051,4.0,0.15,Chairs Product 52,Furniture,Chairs,34641.74,21896.2,117781.92,30197.12,0.2564,Consumer,Coimbatore,Tamil Nadu
O50689,2025-09-17,C1348,P2041,3.0,0.15,Laptops Product 42,Technology,Laptops,17089.78,12912.68,43578.94,4840.9,0.1111,Consumer,Kochi,Delhi
O50690,2025-05-06,C1254,P2031,5.0,0.25,Phones Product 32,Technology,Phones,27150.59,16564.55,101814.71,18991.96,0.1865,Consumer,Delhi,Karnataka
O50691,2025-08-19,C1324,P2025,3.0,0.1,Storage Product 26,Furniture,Storage,43441.32,34057.56,117291.56,15118.88,0.1289,Home Office,Madurai,Tamil Nadu
O50692,2025-10-22,C1189,P2024,3.0,0.15,Storage Product 25,Furniture,Storage,71728.84,53529.53,182908.54,22319.95,0.122,Consumer,Bengaluru,Tamil Nadu
O50693,2025-05-09,C1307,P2074,2.0,0.1,Paper Product 75,Office Supplies,Paper,63885.75,44320.26,114994.35,26353.83,0.2292,Consumer,Pune,Karnataka
O50694,2025-10-07,C1344,P2022,1.0,0.25,Accessories Product 23,Technology,Accessories,16308.47,12700.29,12231.35,-468.94,-0.0383,Consumer,Hyderabad,Delhi
O50695,2025-11-09,C1126,P2056,3.0,0.0,Phones Product 57,Technology,Phones,10100.77,6325.84,30302.31,11324.79,0.3737,Corporate,Bengaluru,Telangana
O50696,2025-04-10,C1424,P2051,4.0,0.1,Chairs Product 52,Furniture,Chairs,34641.74,21896.2,124710.26,37125.46,0.2977,Consumer,Salem,Karnataka
O50697,2025-11-22,C1286,P2030,1.0,0.15,Chairs Product 31,Furniture,Chairs,38498.53,28996.9,32723.75,3726.85,0.1139,Consumer,Coimbatore,Tamil Nadu
O50698,2025-10-24,C1253,P2063,4.0,0.2,Binders Product 64,Office Supplies,Binders,58712.04,35437.77,187878.53,46127.45,0.2455,Consumer,Chennai,Maharashtra
O50699,2025-07-01,C1212,P2070,4.0,0.15,Phones Product 71,Technology,Phones,79953.27,45246.36,271841.12,90855.68,0.3342,Corporate,Salem,Karnataka
O50700,2025-06-23,C1249,P2032,1.0,0.25,Stationery Product 33,Office Supplies,Stationery,3779.83,2280.57,2834.87,554.3,0.1955,Home Office,Hyderabad,Karnataka
O50701,2025-11-12,C1083,P2001,1.0,0.25,Tables Product 2,Furniture,Tables,61893.98,38740.54,46420.48,7679.94,0.1654,Consumer,Coimbatore,Delhi
O50702,2025-12-30,C1486,P2017,4.0,0.0,Stationery Product 18,Office Supplies,Stationery,38596.4,22564.5,154385.6,64127.6,0.4154,Consumer,Madurai,Maharashtra
O50703,2025-07-07,C1382,P2046,2.0,0.1,Chairs Product 47,Furniture,Chairs,53110.92,30880.61,95599.66,33838.44,0.354,Corporate,Hyderabad,Maharashtra
O50704,2025-02-26,C1405,P2032,5.0,0.0,Stationery Product 33,Office Supplies,Stationery,3779.83,2280.57,18899.15,7496.3,0.3966,Home Office,Chennai,Telangana
O50705,2025-01-31,C1387,P2034,5.0,0.1,Stationery Product 35,Office Supplies,Stationery,6797.66,4643.32,30589.47,7372.87,0.241,Consumer,Delhi,Maharashtra
O50706,2025-03-25,C1012,P2050,2.0,0.15,Phones Product 51,Technology,Phones,26671.88,18619.55,45342.2,8103.1,0.1787,Corporate,Coimbatore,Maharashtra
O50707,2025-06-01,C1044,P2017,1.0,0.25,Stationery Product 18,Office Supplies,Stationery,38596.4,22564.5,28947.3,6382.8,0.2205,Consumer,Kochi,Kerala
O50708,2025-02-05,C1126,P2071,4.0,0.2,Paper Product 72,Office Supplies,Paper,79468.95,63440.16,254300.64,540.0,0.0021,Corporate,Bengaluru,Telangana
O50709,2025-08-01,C1425,P2029,5.0,0.05,Phones Product 30,Technology,Phones,35257.0,27824.57,167470.75,28347.9,0.1693,Consumer,Coimbatore,Karnataka
O50710,2025-12-30,C1113,P2043,4.0,0.0,Tables Product 44,Furniture,Tables,14620.74,9187.52,58482.96,21732.88,0.3716,Corporate,Madurai,Karnataka
O50711,2025-04-16,C1432,P2052,2.0,0.15,Chairs Product 53,Furniture,Chairs,20426.46,13656.17,34724.98,7412.64,0.2135,Corporate,Pune,Delhi
O50712,2025-12-08,C1275,P2009,4.0,0.15,Storage Product 10,Furniture,Storage,50209.76,29789.99,170713.18,51553.22,0.302,Consumer,Mumbai,Delhi
O50713,2025-08-08,C1499,P2051,2.0,0.05,Chairs Product 52,Furniture,Chairs,34641.74,21896.2,65819.31,22026.91,0.3347,Home Office,Mumbai,Tamil Nadu
O50714,2025-06-12,C1204,P2048,1.0,0.25,Storage Product 49,Furniture,Storage,47196.49,35282.94,35397.37,114.43,0.0032,Corporate,Delhi,Karnataka
O50715,2025-08-08,C1336,P2010,2.0,0.25,Phones Product 11,Technology,Phones,49447.03,40193.38,74170.54,-6216.22,-0.0838,Home Office,Madurai,Karnataka
O50716,2025-09-27,C1437,P2065,2.0,0.1,Binders Product 66,Office Supplies,Binders,20647.93,15864.6,37166.27,5437.07,0.1463,Corporate,Kochi,Maharashtra
O50717,2025-04-30,C1419,P2057,5.0,0.25,Laptops Product 58,Technology,Laptops,10032.16,7014.74,37620.6,2546.9,0.0677,Corporate,Mumbai,Telangana
O50718,2025-12-02,C1480,P2035,4.0,0.1,Phones Product 36,Technology,Phones,2743.0,1741.9,9874.8,2907.2,0.2944,Corporate,Bengaluru,Kerala
O50719,2025-07-01,C1384,P2032,5.0,0.15,Stationery Product 33,Office Supplies,Stationery,3779.83,2280.57,16064.28,4661.43,0.2902,Corporate,Pune,Maharashtra
O50720,2025-04-16,C1398,P2046,3.0,0.1,Chairs Product 47,Furniture,Chairs,53110.92,30880.61,143399.48,50757.65,0.354,Corporate,Kochi,Maharashtra
O50721,2025-08-05,C1460,P2012,2.0,0.05,Laptops Product 13,Technology,Laptops,16281.82,11596.34,30935.46,7742.78,0.2503,Consumer,Pune,Kerala
O50722,2025-07-24,C1272,P2039,3.0,0.25,Chairs Product 40,Furniture,Chairs,31822.56,23868.26,71600.76,-4.02,-0.0001,Home Office,Kochi,Kerala
O50723,2025-03-11,C1407,P2067,5.0,0.1,Storage Product 68,Furniture,Storage,45777.6,25636.72,205999.2,77815.6,0.3777,Consumer,Madurai,Tamil Nadu
O50724,2025-02-13,C1057,P2041,4.0,0.15,Laptops Product 42,Technology,Laptops,17089.78,12912.68,58105.25,6454.53,0.1111,Consumer,Chennai,Telangana
O50725,2025-11-25,C1327,P2018,5.0,0.1,Laptops Product 19,Technology,Laptops,45801.09,25468.21,206104.9,78763.85,0.3822,Corporate,Salem,Telangana
O50726,2025-10-28,C1497,P2018,4.0,0.0,Laptops Product 19,Technology,Laptops,45801.09,25468.21,183204.36,81331.52,0.4439,Consumer,Pune,Maharashtra
O50727,2025-08-16,C1218,P2057,4.0,0.05,Laptops Product 58,Technology,Laptops,10032.16,7014.74,38122.21,10063.25,0.264,Corporate,Pune,Telangana
O50728,2025-07-03,C1108,P2022,1.0,0.1,Accessories Product 23,Technology,Accessories,16308.47,12700.29,14677.62,1977.33,0.1347,Consumer,Salem,Maharashtra
O50729,2025-04-17,C1278,P2053,2.0,0.15,Accessories Product 54,Technology,Accessories,58991.24,45367.54,100285.11,9550.03,0.0952,Corporate,Madurai,Maharashtra
O50730,2025-03-25,C1173,P2079,5.0,0.1,Tables Product 80,Furniture,Tables,60819.74,43495.05,273688.83,56213.58,0.2054,Consumer,Mumbai,Kerala
O50731,2025-12-04,C1327,P2064,4.0,0.15,Accessories Product 65,Technology,Accessories,53906.39,37542.43,183281.73,33112.01,0.1807,Corporate,Salem,Telangana
O50732,2025-09-07,C1263,P2011,5.0,0.15,Tables Product 12,Furniture,Tables,47986.68,36009.74,203943.39,23894.69,0.1172,Consumer,Delhi,Delhi
O50733,2025-12-29,C1314,P2023,5.0,0.15,Binders Product 24,Office Supplies,Binders,13648.36,7977.57,58005.53,18117.68,0.3123,Corporate,Chennai,Delhi
O50734,2025-01-21,C1473,P2033,4.0,0.1,Accessories Product 34,Technology,Accessories,18507.84,16264.51,66628.22,1570.18,0.0236,Home Office,Salem,Karnataka
O50735,2025-07-15,C1110,P2052,3.0,0.25,Chairs Product 53,Furniture,Chairs,20426.46,13656.17,45959.54,4991.03,0.1086,Consumer,Coimbatore,Delhi
O50736,2025-06-27,C1186,P2007,2.0,0.1,Storage Product 8,Furniture,Storage,77465.02,47348.43,139437.04,44740.18,0.3209,Corporate,Mumbai,Delhi
O50737,2025-01-07,C1268,P2017,2.0,0.1,Stationery Product 18,Office Supplies,Stationery,38596.4,22564.5,69473.52,24344.52,0.3504,Consumer,Pune,Tamil Nadu
O50738,2025-03-11,C1422,P2056,1.0,0.05,Phones Product 57,Technology,Phones,10100.77,6325.84,9595.73,3269.89,0.3408,Consumer,Mumbai,Tamil Nadu
O50739,2025-05-07,C1228,P2004,1.0,0.1,Stationery Product 5,Office Supplies,Stationery,22154.95,19379.22,19939.46,560.24,0.0281,Home Office,Salem,Karnataka
O50740,2025-06-09,C1496,P2025,1.0,0.0,Storage Product 26,Furniture,Storage,43441.32,34057.56,43441.32,9383.76,0.216,Corporate,Madurai,Karnataka
O50741,2025-09-05,C1155,P2029,2.0,0.15,Phones Product 30,Technology,Phones,35257.0,27824.57,59936.9,4287.76,0.0715,Consumer,Hyderabad,Tamil Nadu
O50742,2025-07-22,C1472,P2053,3.0,0.05,Accessories Product 54,Technology,Accessories,58991.24,45367.54,168125.03,32022.41,0.1905,Consumer,Coimbatore,Delhi
O50743,2025-05-28,C1188,P2012,2.0,0.1,Laptops Product 13,Technology,Laptops,16281.82,11596.34,29307.28,6114.6,0.2086,Consumer,Delhi,Maharashtra
O50744,2025-05-23,C1271,P2028,2.0,0.2,Tables Product 29,Furniture,Tables,62771.45,44486.02,100434.32,11462.28,0.1141,Corporate,Chennai,Tamil Nadu
O50745,2025-07-18,C1374,P2002,2.0,0.1,Accessories Product 3,Technology,Accessories,76083.83,45638.81,136950.89,45673.27,0.3335,Consumer,Delhi,Karnataka
O50746,2025-06-03,C1001,P2057,2.0,0.05,Laptops Product 58,Technology,Laptops,10032.16,7014.74,19061.1,5031.62,0.264,Home Office,Chennai,Telangana
O50747,2025-05-22,C1245,P2075,3.0,0.05,Binders Product 76,Office Supplies,Binders,43695.78,24115.72,124532.97,52185.81,0.4191,Home Office,Delhi,Delhi
O50748,2025-11-09,C1209,P2001,1.0,0.2,Tables Product 2,Furniture,Tables,61893.98,38740.54,49515.18,10774.64,0.2176,Consumer,Mumbai,Maharashtra
O50749,2025-06-14,C1400,P2074,5.0,0.05,Paper Product 75,Office Supplies,Paper,63885.75,44320.26,303457.31,81856.01,0.2697,Consumer,Delhi,Tamil Nadu
O50750,2025-11-10,C1285,P2027,1.0,0.1,Storage Product 28,Furniture,Storage,6685.15,5650.89,6016.64,365.75,0.0608,Consumer,Mumbai,Maharashtra
O50751,2025-01-21,C1358,P2076,1.0,0.1,Phones Product 77,Technology,Phones,31874.96,24846.67,28687.46,3840.79,0.1339,Home Office,Kochi,Tamil Nadu
O50752,2025-03-23,C1012,P2075,5.0,0.15,Binders Product 76,Office Supplies,Binders,43695.78,24115.72,185707.06,65128.46,0.3507,Corporate,Coimbatore,Maharashtra
O50753,2025-03-10,C1095,P2001,2.0,0.15,Tables Product 2,Furniture,Tables,61893.98,38740.54,105219.77,27738.69,0.2636,Consumer,Bengaluru,Telangana
O50754,2025-05-11,C1497,P2006,3.0,0.2,Laptops Product 7,Technology,Laptops,57279.45,42140.92,137470.68,11047.92,0.0804,Consumer,Pune,Maharashtra
O50755,2025-03-28,C1220,P2025,3.0,0.0,Storage Product 26,Furniture,Storage,43441.32,34057.56,130323.96,28151.28,0.216,Corporate,Mumbai,Telangana
O50756,2025-08-06,C1237,P2075,1.0,0.1,Binders Product 76,Office Supplies,Binders,43695.78,24115.72,39326.2,15210.48,0.3868,Consumer,Bengaluru,Delhi
O50757,2025-11-01,C1093,P2015,5.0,0.1,Tables Product 16,Furniture,Tables,38551.13,28836.5,173480.08,29297.58,0.1689,Consumer,Madurai,Delhi
O50758,2025-12-11,C1337,P2022,4.0,0.05,Accessories Product 23,Technology,Accessories,16308.47,12700.29,61972.19,11171.03,0.1803,Corporate,Hyderabad,Tamil Nadu
O50759,2025-12-07,C1268,P2039,2.0,0.1,Chairs Product 40,Furniture,Chairs,31822.56,23868.26,57280.61,9544.09,0.1666,Consumer,Pune,Tamil Nadu
O50760,2025-06-10,C1170,P2059,1.0,0.1,Chairs Product 60,Furniture,Chairs,38547.8,29927.33,34693.02,4765.69,0.1374,Corporate,Salem,Delhi
O50761,2025-06-27,C1468,P2072,3.0,0.1,Accessories Product 73,Technology,Accessories,59154.4,49684.38,159716.88,10663.74,0.0668,Consumer,Coimbatore,Tamil Nadu
O50762,2025-04-27,C1093,P2031,5.0,0.15,Phones Product 32,Technology,Phones,27150.59,16564.55,115390.01,32567.26,0.2822,Consumer,Madurai,Delhi
O50763,2025-07-15,C1148,P2014,5.0,0.1,Chairs Product 15,Furniture,Chairs,12221.58,8595.65,54997.11,12018.86,0.2185,Consumer,Chennai,Telangana
O50764,2025-11-23,C1111,P2012,1.0,0.15,Laptops Product 13,Technology,Laptops,16281.82,11596.34,13839.55,2243.21,0.1621,Consumer,Bengaluru,Karnataka
O50765,2025-03-27,C1054,P2004,4.0,0.1,Stationery Product 5,Office Supplies,Stationery,22154.95,19379.22,79757.82,2240.94,0.0281,Corporate,Bengaluru,Delhi
O50766,2025-10-16,C1336,P2074,3.0,0.1,Paper Product 75,Office Supplies,Paper,63885.75,44320.26,172491.52,39530.74,0.2292,Home Office,Madurai,Karnataka
O50767,2025-03-22,C1423,P2073,1.0,0.15,Tables Product 74,Furniture,Tables,74076.28,51453.16,62964.84,11511.68,0.1828,Consumer,Delhi,Telangana
O50768,2025-06-01,C1466,P2051,4.0,0.0,Chairs Product 52,Furniture,Chairs,34641.74,21896.2,138566.96,50982.16,0.3679,Consumer,Chennai,Kerala
O50769,2025-03-02,C1115,P2076,5.0,0.0,Phones Product 77,Technology,Phones,31874.96,24846.67,159374.8,35141.45,0.2205,Home Office,Salem,Delhi
O50770,2025-03-02,C1142,P2040,2.0,0.1,Tables Product 41,Furniture,Tables,52504.24,46067.43,94507.63,2372.77,0.0251,Consumer,Mumbai,Kerala
O50771,2025-12-20,C1200,P2052,3.0,0.25,Chairs Product 53,Furniture,Chairs,20426.46,13656.17,45959.54,4991.03,0.1086,Corporate,Mumbai,Maharashtra
O50772,2025-01-28,C1179,P2049,3.0,0.15,Accessories Product 50,Technology,Accessories,36467.03,22897.52,92990.93,24298.37,0.2613,Consumer,Chennai,Tamil Nadu
O50773,2025-02-12,C1201,P2014,4.0,0.0,Chairs Product 15,Furniture,Chairs,12221.58,8595.65,48886.32,14503.72,0.2967,Consumer,Kochi,Karnataka
O50774,2025-06-18,C1363,P2006,1.0,0.2,Laptops Product 7,Technology,Laptops,57279.45,42140.92,45823.56,3682.64,0.0804,Consumer,Hyderabad,Tamil Nadu
O50775,2025-03-27,C1478,P2039,5.0,0.15,Chairs Product 40,Furniture,Chairs,31822.56,23868.26,135245.88,15904.58,0.1176,Home Office,Madurai,Maharashtra
O50776,2025-06-26,C1052,P2027,4.0,0.15,Storage Product 28,Furniture,Storage,6685.15,5650.89,22729.51,125.95,0.0055,Home Office,Mumbai,Delhi
O50777,2025-01-17,C1470,P2031,2.0,0.2,Phones Product 32,Technology,Phones,27150.59,16564.55,43440.94,10311.84,0.2374,Consumer,Salem,Delhi
O50778,2025-04-08,C1383,P2014,3.0,0.1,Chairs Product 15,Furniture,Chairs,12221.58,8595.65,21998.84,4807.54,0.2185,Home Office,Kochi,Kerala
O50779,2025-07-17,C1179,P2069,2.0,0.05,Binders Product 70,Office Supplies,Binders,31690.99,24240.66,60212.88,11731.56,0.1948,Consumer,Chennai,Tamil Nadu
O50780,2025-04-08,C1413,P2064,4.0,0.1,Accessories Product 65,Technology,Accessories,53906.39,37542.43,194063.0,43893.28,0.2262,Consumer,Mumbai,Karnataka
O50781,2025-03-06,C1416,P2003,5.0,0.15,Chairs Product 4,Furniture,Chairs,72789.1,60628.14,309353.68,6212.98,0.0201,Consumer,Mumbai,Delhi
O50782,2025-11-26,C1312,P2010,3.0,0.15,Phones Product 11,Technology,Phones,49447.03,40193.38,126089.93,5509.79,0.0437,Consumer,Chennai,Kerala
O50783,2025-12-07,C1307,P2025,1.0,0.15,Storage Product 26,Furniture,Storage,43441.32,34057.56,36925.12,2867.56,0.0777,Consumer,Pune,Karnataka
O50784,2025-01-05,C1136,P2060,3.0,0.25,Laptops Product 61,Technology,Laptops,51237.86,42856.01,115285.19,-13282.84,-0.1152,Consumer,Kochi,Tamil Nadu
O50785,2025-01-02,C1181,P2036,5.0,0.25,Tables Product 37,Furniture,Tables,76874.21,52831.76,288278.29,24119.49,0.0837,Consumer,Salem,Tamil Nadu
O50786,2025-01-22,C1366,P2022,3.0,0.2,Accessories Product 23,Technology,Accessories,16308.47,12700.29,39140.33,1039.46,0.0266,Home Office,Kochi,Karnataka
O50787,2025-04-22,C1000,P2039,4.0,0.2,Chairs Product 40,Furniture,Chairs,31822.56,23868.26,101832.19,6359.15,0.0624,Consumer,Salem,Maharashtra
O50788,2025-02-26,C1043,P2076,2.0,0.25,Phones Product 77,Technology,Phones,31874.96,24846.67,47812.44,-1880.9,-0.0393,Home Office,Madurai,Maharashtra
O50789,2025-03-07,C1226,P2022,5.0,0.0,Accessories Product 23,Technology,Accessories,16308.47,12700.29,81542.35,18040.9,0.2212,Home Office,Hyderabad,Kerala
O50790,2025-11-26,C1330,P2015,5.0,0.05,Tables Product 16,Furniture,Tables,38551.13,28836.5,183117.87,38935.37,0.2126,Consumer,Bengaluru,Maharashtra
O50791,2025-04-08,C1097,P2060,3.0,0.1,Laptops Product 61,Technology,Laptops,51237.86,42856.01,138342.22,9774.19,0.0707,Consumer,Kochi,Delhi
O50792,2025-05-24,C1207,P2067,4.0,0.2,Storage Product 68,Furniture,Storage,45777.6,25636.72,146488.32,43941.44,0.3,Corporate,Salem,Karnataka
O50793,2025-05-05,C1264,P2079,3.0,0.1,Tables Product 80,Furniture,Tables,60819.74,43495.05,164213.3,33728.15,0.2054,Home Office,Kochi,Maharashtra
O50794,2025-06-16,C1287,P2030,3.0,0.15,Chairs Product 31,Furniture,Chairs,38498.53,28996.9,98171.25,11180.55,0.1139,Consumer,Bengaluru,Tamil Nadu
O50795,2025-03-27,C1270,P2052,5.0,0.05,Chairs Product 53,Furniture,Chairs,20426.46,13656.17,97025.68,28744.83,0.2963,Corporate,Hyderabad,Delhi
O50796,2025-03-17,C1139,P2024,3.0,0.05,Storage Product 25,Furniture,Storage,71728.84,53529.53,204427.19,43838.6,0.2144,Home Office,Coimbatore,Kerala
O50797,2025-12-10,C1480,P2043,2.0,0.15,Tables Product 44,Furniture,Tables,14620.74,9187.52,24855.26,6480.22,0.2607,Corporate,Bengaluru,Kerala
O50798,2025-10-21,C1236,P2011,3.0,0.05,Tables Product 12,Furniture,Tables,47986.68,36009.74,136762.04,28732.82,0.2101,Consumer,Salem,Maharashtra
O50799,2025-02-28,C1461,P2008,2.0,0.1,Paper Product 9,Office Supplies,Paper,12546.55,8779.06,22583.79,5025.67,0.2225,Corporate,Bengaluru,Kerala
O50800,2025-05-18,C1440,P2011,5.0,0.05,Tables Product 12,Furniture,Tables,47986.68,36009.74,227936.73,47888.03,0.2101,Consumer,Chennai,Tamil Nadu
O50801,2025-04-09,C1391,P2068,4.0,0.1,Binders Product 69,Office Supplies,Binders,73518.62,55006.72,264667.03,44640.15,0.1687,Consumer,Salem,Delhi
O50802,2025-07-11,C1071,P2053,2.0,0.15,Accessories Product 54,Technology,Accessories,58991.24,45367.54,100285.11,9550.03,0.0952,Consumer,Kochi,Karnataka
O50803,2025-08-31,C1154,P2053,4.0,0.1,Accessories Product 54,Technology,Accessories,58991.24,45367.54,212368.46,30898.3,0.1455,Home Office,Bengaluru,Tamil Nadu
O50804,2025-11-15,C1189,P2027,4.0,0.15,Storage Product 28,Furniture,Storage,6685.15,5650.89,22729.51,125.95,0.0055,Consumer,Bengaluru,Tamil Nadu
O50805,2025-02-18,C1267,P2055,2.0,0.0,Binders Product 56,Office Supplies,Binders,16705.54,9805.04,33411.08,13801.0,0.4131,Corporate,Coimbatore,Kerala
O50806,2025-02-01,C1320,P2068,5.0,0.2,Binders Product 69,Office Supplies,Binders,73518.62,55006.72,294074.48,19040.88,0.0647,Consumer,Kochi,Telangana
O50807,2025-10-04,C1106,P2076,1.0,0.1,Phones Product 77,Technology,Phones,31874.96,24846.67,28687.46,3840.79,0.1339,Consumer,Kochi,Tamil Nadu
O50808,2025-01-20,C1231,P2057,4.0,0.15,Laptops Product 58,Technology,Laptops,10032.16,7014.74,34109.34,6050.38,0.1774,Consumer,Hyderabad,Telangana
O50809,2025-06-03,C1041,P2077,4.0,0.15,Laptops Product 78,Technology,Laptops,47839.89,34926.79,162655.63,22948.47,0.1411,Consumer,Bengaluru,Tamil Nadu
O50810,2025-03-09,C1189,P2074,5.0,0.05,Paper Product 75,Office Supplies,Paper,63885.75,44320.26,303457.31,81856.01,0.2697,Consumer,Bengaluru,Tamil Nadu
O50811,2025-08-02,C1370,P2041,5.0,0.2,Laptops Product 42,Technology,Laptops,17089.78,12912.68,68359.12,3795.72,0.0555,Consumer,Salem,Tamil Nadu
O50812,2025-05-23,C1138,P2037,3.0,0.15,Paper Product 38,Office Supplies,Paper,27871.02,18741.67,71071.1,14846.09,0.2089,Consumer,Delhi,Kerala
O50813,2025-08-20,C1102,P2067,5.0,0.1,Storage Product 68,Furniture,Storage,45777.6,25636.72,205999.2,77815.6,0.3777,Consumer,Delhi,Tamil Nadu
O50814,2025-08-01,C1170,P2052,4.0,0.05,Chairs Product 53,Furniture,Chairs,20426.46,13656.17,77620.55,22995.87,0.2963,Corporate,Salem,Delhi
O50815,2025-03-20,C1350,P2032,2.0,0.25,Stationery Product 33,Office Supplies,Stationery,3779.83,2280.57,5669.74,1108.6,0.1955,Consumer,Chennai,Maharashtra
O50816,2025-08-02,C1272,P2070,1.0,0.2,Phones Product 71,Technology,Phones,79953.27,45246.36,63962.62,18716.26,0.2926,Home Office,Kochi,Kerala
O50817,2025-04-26,C1480,P2055,3.0,0.05,Binders Product 56,Office Supplies,Binders,16705.54,9805.04,47610.79,18195.67,0.3822,Corporate,Bengaluru,Kerala
O50818,2025-04-02,C1415,P2071,2.0,0.1,Paper Product 72,Office Supplies,Paper,79468.95,63440.16,143044.11,16163.79,0.113,Consumer,Hyderabad,Telangana
O50819,2025-09-27,C1220,P2050,1.0,0.2,Phones Product 51,Technology,Phones,26671.88,18619.55,21337.5,2717.95,0.1274,Corporate,Mumbai,Telangana
O50820,2025-06-17,C1212,P2073,1.0,0.15,Tables Product 74,Furniture,Tables,74076.28,51453.16,62964.84,11511.68,0.1828,Corporate,Salem,Karnataka
O50821,2025-02-27,C1340,P2042,1.0,0.2,Storage Product 43,Furniture,Storage,19092.63,15390.19,15274.1,-116.09,-0.0076,Consumer,Chennai,Karnataka
O50822,2025-10-11,C1423,P2014,2.0,0.1,Chairs Product 15,Furniture,Chairs,12221.58,8595.65,21998.84,4807.54,0.2185,Consumer,Delhi,Telangana
O50823,2025-01-26,C1406,P2037,3.0,0.15,Paper Product 38,Office Supplies,Paper,27871.02,18741.67,71071.1,14846.09,0.2089,Consumer,Salem,Telangana
O50824,2025-03-07,C1055,P2014,3.0,0.1,Chairs Product 15,Furniture,Chairs,12221.58,8595.65,32998.27,7211.32,0.2185,Home Office,Hyderabad,Tamil Nadu
O50825,2025-09-05,C1389,P2004,1.0,0.05,Stationery Product 5,Office Supplies,Stationery,22154.95,19379.22,21047.2,1667.98,0.0792,Corporate,Delhi,Karnataka
O50826,2025-09-11,C1341,P2053,2.0,0.15,Accessories Product 54,Technology,Accessories,58991.24,45367.54,100285.11,9550.03,0.0952,Consumer,Kochi,Telangana
O50827,2025-02-13,C1433,P2050,1.0,0.3,Phones Product 51,Technology,Phones,26671.88,18619.55,18670.32,50.77,0.0027,Consumer,Mumbai,Maharashtra
O50828,2025-04-07,C1101,P2009,5.0,0.1,Storage Product 10,Furniture,Storage,50209.76,29789.99,225943.92,76993.97,0.3408,Corporate,Chennai,Maharashtra
O50829,2025-02-11,C1420,P2011,3.0,0.1,Tables Product 12,Furniture,Tables,47986.68,36009.74,129564.04,21534.82,0.1662,Corporate,Bengaluru,Maharashtra
O50830,2025-08-15,C1492,P2003,4.0,0.15,Chairs Product 4,Furniture,Chairs,72789.1,60628.14,247482.94,4970.38,0.0201,Consumer,Mumbai,Karnataka
O50831,2025-09-19,C1191,P2017,1.0,0.15,Stationery Product 18,Office Supplies,Stationery,38596.4,22564.5,32806.94,10242.44,0.3122,Home Office,Coimbatore,Delhi
O50832,2025-06-16,C1498,P2079,5.0,0.2,Tables Product 80,Furniture,Tables,60819.74,43495.05,243278.96,25803.71,0.1061,Home Office,Salem,Kerala
O50833,2025-10-06,C1309,P2035,3.0,0.2,Phones Product 36,Technology,Phones,2743.0,1741.9,6583.2,1357.5,0.2062,Consumer,Pune,Kerala
O50834,2025-03-30,C1199,P2024,2.0,0.0,Storage Product 25,Furniture,Storage,71728.84,53529.53,143457.68,36398.62,0.2537,Corporate,Delhi,Tamil Nadu
O50835,2025-06-27,C1232,P2075,3.0,0.3,Binders Product 76,Office Supplies,Binders,43695.78,24115.72,91761.14,19413.98,0.2116,Consumer,Salem,Karnataka
O50836,2025-07-16,C1432,P2035,2.0,0.2,Phones Product 36,Technology,Phones,2743.0,1741.9,4388.8,905.0,0.2062,Corporate,Pune,Delhi
O50837,2025-11-03,C1226,P2066,2.0,0.2,Stationery Product 67,Office Supplies,Stationery,54754.87,39098.68,87607.79,9410.43,0.1074,Home Office,Hyderabad,Kerala
O50838,2025-09-24,C1370,P2008,1.0,0.15,Paper Product 9,Office Supplies,Paper,12546.55,8779.06,10664.57,1885.51,0.1768,Consumer,Salem,Tamil Nadu
O50839,2025-09-25,C1138,P2060,1.0,0.2,Laptops Product 61,Technology,Laptops,51237.86,42856.01,40990.29,-1865.72,-0.0455,Consumer,Delhi,Kerala
O50840,2025-03-15,C1343,P2052,3.0,0.05,Chairs Product 53,Furniture,Chairs,20426.46,13656.17,58215.41,17246.9,0.2963,Consumer,Chennai,Karnataka
O50841,2025-01-08,C1304,P2017,5.0,0.1,Stationery Product 18,Office Supplies,Stationery,38596.4,22564.5,173683.8,60861.3,0.3504,Corporate,Mumbai,Telangana
O50842,2025-10-24,C1148,P2042,3.0,0.2,Storage Product 43,Furniture,Storage,19092.63,15390.19,45822.31,-348.26,-0.0076,Consumer,Chennai,Telangana
O50843,2025-06-13,C1114,P2034,4.0,0.05,Stationery Product 35,Office Supplies,Stationery,6797.66,4643.32,25831.11,7257.83,0.281,Corporate,Madurai,Kerala
O50844,2025-03-26,C1449,P2062,2.0,0.0,Storage Product 63,Furniture,Storage,2688.9,1752.13,5377.8,1873.54,0.3484,Consumer,Mumbai,Delhi
O50845,2025-03-13,C1062,P2077,2.0,0.2,Laptops Product 78,Technology,Laptops,47839.89,34926.79,76543.82,6690.24,0.0874,Corporate,Delhi,Maharashtra
O50846,2025-02-24,C1103,P2003,1.0,0.2,Chairs Product 4,Furniture,Chairs,72789.1,60628.14,58231.28,-2396.86,-0.0412,Consumer,Chennai,Maharashtra
O50847,2025-02-16,C1338,P2040,5.0,0.05,Tables Product 41,Furniture,Tables,52504.24,46067.43,249395.14,19057.99,0.0764,Consumer,Salem,Maharashtra
O50848,2025-08-26,C1358,P2044,1.0,0.2,Stationery Product 45,Office Supplies,Stationery,33218.58,19028.06,26574.86,7546.8,0.284,Home Office,Kochi,Tamil Nadu
O50849,2025-04-14,C1155,P2049,4.0,0.15,Accessories Product 50,Technology,Accessories,36467.03,22897.52,123987.9,32397.82,0.2613,Consumer,Hyderabad,Tamil Nadu
O50850,2025-07-29,C1272,P2078,3.0,0.1,Tables Product 79,Furniture,Tables,6133.72,4595.0,16561.04,2776.04,0.1676,Home Office,Kochi,Kerala
O50851,2025-02-11,C1005,P2027,3.0,0.2,Storage Product 28,Furniture,Storage,6685.15,5650.89,16044.36,-908.31,-0.0566,Consumer,Hyderabad,Karnataka
O50852,2025-11-12,C1146,P2041,5.0,0.1,Laptops Product 42,Technology,Laptops,17089.78,12912.68,76904.01,12340.61,0.1605,Corporate,Salem,Telangana
O50853,2025-09-25,C1183,P2079,1.0,0.05,Tables Product 80,Furniture,Tables,60819.74,43495.05,57778.75,14283.7,0.2472,Home Office,Mumbai,Tamil Nadu
O50854,2025-09-20,C1485,P2075,1.0,0.1,Binders Product 76,Office Supplies,Binders,43695.78,24115.72,39326.2,15210.48,0.3868,Home Office,Chennai,Kerala
O50855,2025-12-02,C1027,P2068,4.0,0.1,Binders Product 69,Office Supplies,Binders,73518.62,55006.72,264667.03,44640.15,0.1687,Consumer,Salem,Karnataka
O50856,2025-12-31,C1449,P2000,3.0,0.15,Laptops Product 1,Technology,Laptops,13340.82,10836.58,34019.09,1509.35,0.0444,Consumer,Mumbai,Delhi
O50857,2025-09-16,C1037,P2038,1.0,0.2,Binders Product 39,Office Supplies,Binders,69402.41,51424.61,55521.93,4097.32,0.0738,Consumer,Chennai,Maharashtra
O50858,2025-10-10,C1118,P2016,5.0,0.2,Laptops Product 17,Technology,Laptops,60637.62,52413.59,242550.48,-19517.47,-0.0805,Home Office,Pune,Telangana
O50859,2025-04-24,C1292,P2034,3.0,0.15,Stationery Product 35,Office Supplies,Stationery,6797.66,4643.32,17334.03,3404.07,0.1964,Corporate,Pune,Tamil Nadu
O50860,2025-12-29,C1370,P2045,4.0,0.2,Tables Product 46,Furniture,Tables,69698.77,48576.61,223036.06,28729.62,0.1288,Consumer,Salem,Tamil Nadu
O50861,2025-02-09,C1243,P2041,5.0,0.05,Laptops Product 42,Technology,Laptops,17089.78,12912.68,81176.45,16613.05,0.2047,Consumer,Kochi,Karnataka
O50862,2025-08-08,C1067,P2038,2.0,0.0,Binders Product 39,Office Supplies,Binders,69402.41,51424.61,138804.82,35955.6,0.259,Corporate,Bengaluru,Telangana
O50863,2025-05-09,C1213,P2048,4.0,0.2,Storage Product 49,Furniture,Storage,47196.49,35282.94,151028.77,9897.01,0.0655,Consumer,Kochi,Telangana
O50864,2025-01-08,C1217,P2061,5.0,0.0,Storage Product 62,Furniture,Storage,41881.88,27770.86,209409.4,70555.1,0.3369,Corporate,Hyderabad,Kerala
O50865,2025-04-11,C1176,P2037,1.0,0.05,Paper Product 38,Office Supplies,Paper,27871.02,18741.67,26477.47,7735.8,0.2922,Corporate,Delhi,Kerala
O50866,2025-06-25,C1298,P2022,2.0,0.15,Accessories Product 23,Technology,Accessories,16308.47,12700.29,27724.4,2323.82,0.0838,Corporate,Kochi,Maharashtra
O50867,2025-04-17,C1163,P2021,4.0,0.1,Laptops Product 22,Technology,Laptops,6562.71,4469.1,23625.76,5749.36,0.2434,Consumer,Pune,Telangana
O50868,2025-04-11,C1057,P2003,1.0,0.2,Chairs Product 4,Furniture,Chairs,72789.1,60628.14,58231.28,-2396.86,-0.0412,Consumer,Chennai,Telangana
O50869,2025-09-17,C1268,P2048,2.0,0.1,Storage Product 49,Furniture,Storage,47196.49,35282.94,84953.68,14387.8,0.1694,Consumer,Pune,Tamil Nadu
O50870,2025-09-03,C1307,P2058,3.0,0.0,Paper Product 59,Office Supplies,Paper,8533.72,6340.06,25601.16,6580.98,0.2571,Consumer,Pune,Karnataka
O50871,2025-10-02,C1057,P2072,1.0,0.1,Accessories Product 73,Technology,Accessories,59154.4,49684.38,53238.96,3554.58,0.0668,Consumer,Chennai,Telangana
O50872,2025-02-01,C1287,P2067,5.0,0.15,Storage Product 68,Furniture,Storage,45777.6,25636.72,194554.8,66371.2,0.3411,Consumer,Bengaluru,Tamil Nadu
O50873,2025-05-17,C1464,P2070,4.0,0.1,Phones Product 71,Technology,Phones,79953.27,45246.36,287831.77,106846.33,0.3712,Home Office,Bengaluru,Telangana
O50874,2025-01-12,C1104,P2001,2.0,0.15,Tables Product 2,Furniture,Tables,61893.98,38740.54,105219.77,27738.69,0.2636,Home Office,Hyderabad,Karnataka
O50875,2025-10-29,C1227,P2048,1.0,0.2,Storage Product 49,Furniture,Storage,47196.49,35282.94,37757.19,2474.25,0.0655,Consumer,Pune,Maharashtra
O50876,2025-01-16,C1246,P2030,3.0,0.25,Chairs Product 31,Furniture,Chairs,38498.53,28996.9,86621.69,-369.01,-0.0043,Consumer,Salem,Karnataka
O50877,2025-05-09,C1187,P2039,4.0,0.05,Chairs Product 40,Furniture,Chairs,31822.56,23868.26,120925.73,25452.69,0.2105,Consumer,Hyderabad,Telangana
O50878,2025-03-04,C1493,P2047,4.0,0.1,Chairs Product 48,Furniture,Chairs,77562.16,49266.25,279223.78,82158.78,0.2942,Consumer,Madurai,Karnataka
O50879,2025-04-19,C1082,P2050,1.0,0.15,Phones Product 51,Technology,Phones,26671.88,18619.55,22671.1,4051.55,0.1787,Consumer,Salem,Tamil Nadu
O50880,2025-01-21,C1185,P2042,3.0,0.25,Storage Product 43,Furniture,Storage,19092.63,15390.19,42958.42,-3212.15,-0.0748,Corporate,Hyderabad,Kerala
O50881,2025-06-07,C1251,P2054,2.0,0.3,Chairs Product 55,Furniture,Chairs,56519.23,39410.95,79126.92,305.02,0.0039,Consumer,Hyderabad,Telangana
O50882,2025-09-26,C1354,P2048,1.0,0.05,Storage Product 49,Furniture,Storage,47196.49,35282.94,44836.67,9553.73,0.2131,Consumer,Pune,Delhi
O50883,2025-06-11,C1237,P2079,2.0,0.15,Tables Product 80,Furniture,Tables,60819.74,43495.05,103393.56,16403.46,0.1587,Consumer,Bengaluru,Delhi
O50884,2025-09-17,C1359,P2056,4.0,0.1,Phones Product 57,Technology,Phones,10100.77,6325.84,36362.77,11059.41,0.3041,Consumer,Hyderabad,Telangana
O50885,2025-04-12,C1183,P2076,2.0,0.0,Phones Product 77,Technology,Phones,31874.96,24846.67,63749.92,14056.58,0.2205,Home Office,Mumbai,Tamil Nadu
O50886,2025-08-11,C1283,P2014,3.0,0.0,Chairs Product 15,Furniture,Chairs,12221.58,8595.65,36664.74,10877.79,0.2967,Consumer,Kochi,Karnataka
O50887,2025-02-28,C1384,P2026,5.0,0.1,Binders Product 27,Office Supplies,Binders,50136.78,40537.07,225615.51,22930.16,0.1016,Corporate,Pune,Maharashtra
O50888,2025-09-04,C1425,P2067,3.0,0.1,Storage Product 68,Furniture,Storage,45777.6,25636.72,123599.52,46689.36,0.3777,Consumer,Coimbatore,Karnataka
O50889,2025-05-08,C1209,P2079,2.0,0.0,Tables Product 80,Furniture,Tables,60819.74,43495.05,121639.48,34649.38,0.2849,Consumer,Mumbai,Maharashtra
O50890,2025-10-10,C1303,P2063,1.0,0.15,Binders Product 64,Office Supplies,Binders,58712.04,35437.77,49905.23,14467.46,0.2899,Corporate,Delhi,Delhi
O50891,2025-11-21,C1295,P2029,4.0,0.1,Phones Product 30,Technology,Phones,35257.0,27824.57,126925.2,15626.92,0.1231,Consumer,Bengaluru,Telangana
O50892,2025-01-25,C1096,P2035,5.0,0.15,Phones Product 36,Technology,Phones,2743.0,1741.9,11657.75,2948.25,0.2529,Consumer,Chennai,Tamil Nadu
O50893,2025-05-11,C1446,P2066,1.0,0.1,Stationery Product 67,Office Supplies,Stationery,54754.87,39098.68,49279.38,10180.7,0.2066,Home Office,Madurai,Telangana
O50894,2025-12-19,C1459,P2048,1.0,0.05,Storage Product 49,Furniture,Storage,47196.49,35282.94,44836.67,9553.73,0.2131,Consumer,Bengaluru,Kerala
O50895,2025-07-15,C1455,P2075,3.0,0.1,Binders Product 76,Office Supplies,Binders,43695.78,24115.72,117978.61,45631.45,0.3868,Consumer,Chennai,Delhi
O50896,2025-10-08,C1471,P2054,2.0,0.05,Chairs Product 55,Furniture,Chairs,56519.23,39410.95,107386.54,28564.64,0.266,Home Office,Chennai,Tamil Nadu
O50897,2025-06-03,C1207,P2055,3.0,0.15,Binders Product 56,Office Supplies,Binders,16705.54,9805.04,42599.13,13184.01,0.3095,Corporate,Salem,Karnataka
O50898,2025-05-13,C1369,P2067,2.0,0.05,Storage Product 68,Furniture,Storage,45777.6,25636.72,86977.44,35704.0,0.4105,Consumer,Pune,Tamil Nadu
O50899,2025-08-15,C1387,P2043,3.0,0.1,Tables Product 44,Furniture,Tables,14620.74,9187.52,39476.0,11913.44,0.3018,Consumer,Delhi,Maharashtra
O50900,2025-07-08,C1421,P2030,1.0,0.05,Chairs Product 31,Furniture,Chairs,38498.53,28996.9,36573.6,7576.7,0.2072,Corporate,Hyderabad,Karnataka
O50901,2025-09-22,C1491,P2057,4.0,0.15,Laptops Product 58,Technology,Laptops,10032.16,7014.74,34109.34,6050.38,0.1774,Corporate,Chennai,Telangana
O50902,2025-05-14,C1410,P2052,2.0,0.2,Chairs Product 53,Furniture,Chairs,20426.46,13656.17,32682.34,5370.0,0.1643,Consumer,Kochi,Maharashtra
O50903,2025-07-30,C1136,P2078,5.0,0.05,Tables Product 79,Furniture,Tables,6133.72,4595.0,29135.17,6160.17,0.2114,Consumer,Kochi,Tamil Nadu
O50904,2025-03-01,C1366,P2022,5.0,0.1,Accessories Product 23,Technology,Accessories,16308.47,12700.29,73388.11,9886.66,0.1347,Home Office,Kochi,Karnataka
O50905,2025-12-30,C1399,P2027,1.0,0.0,Storage Product 28,Furniture,Storage,6685.15,5650.89,6685.15,1034.26,0.1547,Corporate,Kochi,Maharashtra
O50906,2025-12-30,C1183,P2015,3.0,0.15,Tables Product 16,Furniture,Tables,38551.13,28836.5,98305.38,11795.88,0.12,Home Office,Mumbai,Tamil Nadu
O50907,2025-08-01,C1075,P2036,3.0,0.05,Tables Product 37,Furniture,Tables,76874.21,52831.76,219091.5,60596.22,0.2766,Corporate,Kochi,Maharashtra
O50908,2025-08-04,C1286,P2020,1.0,0.1,Phones Product 21,Technology,Phones,42879.1,36071.45,38591.19,2519.74,0.0653,Consumer,Coimbatore,Tamil Nadu
O50909,2025-08-14,C1471,P2078,5.0,0.1,Tables Product 79,Furniture,Tables,6133.72,4595.0,27601.74,4626.74,0.1676,Home Office,Chennai,Tamil Nadu
O50910,2025-05-11,C1374,P2016,5.0,0.25,Laptops Product 17,Technology,Laptops,60637.62,52413.59,227391.08,-34676.87,-0.1525,Consumer,Delhi,Karnataka
O50911,2025-03-17,C1141,P2036,3.0,0.15,Tables Product 37,Furniture,Tables,76874.21,52831.76,196029.24,37533.96,0.1915,Consumer,Delhi,Telangana
O50912,2025-10-13,C1236,P2076,2.0,0.15,Phones Product 77,Technology,Phones,31874.96,24846.67,54187.43,4494.09,0.0829,Consumer,Salem,Maharashtra
O50913,2025-10-04,C1024,P2018,4.0,0.1,Laptops Product 19,Technology,Laptops,45801.09,25468.21,164883.92,63011.08,0.3822,Consumer,Kochi,Maharashtra
O50914,2025-06-05,C1289,P2029,2.0,0.25,Phones Product 30,Technology,Phones,35257.0,27824.57,52885.5,-2763.64,-0.0523,Corporate,Chennai,Delhi
O50915,2025-09-05,C1066,P2044,5.0,0.2,Stationery Product 45,Office Supplies,Stationery,33218.58,19028.06,132874.32,37734.02,0.284,Consumer,Salem,Delhi
O50916,2025-08-06,C1249,P2017,2.0,0.1,Stationery Product 18,Office Supplies,Stationery,38596.4,22564.5,69473.52,24344.52,0.3504,Home Office,Hyderabad,Karnataka
O50917,2025-07-09,C1407,P2077,4.0,0.2,Laptops Product 78,Technology,Laptops,47839.89,34926.79,153087.65,13380.49,0.0874,Consumer,Madurai,Tamil Nadu
O50918,2025-06-12,C1117,P2061,2.0,0.1,Storage Product 62,Furniture,Storage,41881.88,27770.86,75387.38,19845.66,0.2632,Consumer,Hyderabad,Tamil Nadu
O50919,2025-06-29,C1489,P2035,2.0,0.2,Phones Product 36,Technology,Phones,2743.0,1741.9,4388.8,905.0,0.2062,Home Office,Madurai,Delhi
O50920,2025-02-03,C1072,P2051,2.0,0.2,Chairs Product 52,Furniture,Chairs,34641.74,21896.2,55426.78,11634.38,0.2099,Consumer,Mumbai,Maharashtra
O50921,2025-02-10,C1281,P2018,2.0,0.05,Laptops Product 19,Technology,Laptops,45801.09,25468.21,87022.07,36085.65,0.4147,Consumer,Kochi,Karnataka
O50922,2025-11-03,C1403,P2043,1.0,0.15,Tables Product 44,Furniture,Tables,14620.74,9187.52,12427.63,3240.11,0.2607,Corporate,Madurai,Kerala
O50923,2025-12-04,C1447,P2006,5.0,0.1,Laptops Product 7,Technology,Laptops,57279.45,42140.92,257757.52,47052.92,0.1825,Corporate,Chennai,Delhi
O50924,2025-11-10,C1359,P2043,4.0,0.1,Tables Product 44,Furniture,Tables,14620.74,9187.52,52634.66,15884.58,0.3018,Consumer,Hyderabad,Telangana
O50925,2025-03-16,C1009,P2067,5.0,0.1,Storage Product 68,Furniture,Storage,45777.6,25636.72,205999.2,77815.6,0.3777,Corporate,Bengaluru,Telangana
O50926,2025-10-06,C1210,P2033,1.0,0.15,Accessories Product 34,Technology,Accessories,18507.84,16264.51,15731.66,-532.85,-0.0339,Consumer,Chennai,Tamil Nadu
O50927,2025-06-25,C1322,P2065,1.0,0.05,Binders Product 66,Office Supplies,Binders,20647.93,15864.6,19615.53,3750.93,0.1912,Corporate,Pune,Tamil Nadu
O50928,2025-05-30,C1151,P2068,1.0,0.0,Binders Product 69,Office Supplies,Binders,73518.62,55006.72,73518.62,18511.9,0.2518,Consumer,Chennai,Karnataka
O50929,2025-09-30,C1004,P2054,1.0,0.15,Chairs Product 55,Furniture,Chairs,56519.23,39410.95,48041.35,8630.4,0.1796,Consumer,Kochi,Kerala
O50930,2025-11-21,C1194,P2009,2.0,0.05,Storage Product 10,Furniture,Storage,50209.76,29789.99,95398.54,35818.56,0.3755,Consumer,Coimbatore,Karnataka
O50931,2025-04-18,C1441,P2041,5.0,0.05,Laptops Product 42,Technology,Laptops,17089.78,12912.68,81176.45,16613.05,0.2047,Home Office,Salem,Tamil Nadu
O50932,2025-05-19,C1282,P2040,3.0,0.05,Tables Product 41,Furniture,Tables,52504.24,46067.43,149637.08,11434.79,0.0764,Consumer,Coimbatore,Kerala
O50933,2025-12-16,C1463,P2076,4.0,0.1,Phones Product 77,Technology,Phones,31874.96,24846.67,114749.86,15363.18,0.1339,Corporate,Pune,Kerala
O50934,2025-09-28,C1112,P2068,1.0,0.1,Binders Product 69,Office Supplies,Binders,73518.62,55006.72,66166.76,11160.04,0.1687,Home Office,Mumbai,Delhi
O50935,2025-12-13,C1270,P2009,5.0,0.0,Storage Product 10,Furniture,Storage,50209.76,29789.99,251048.8,102098.85,0.4067,Corporate,Hyderabad,Delhi
O50936,2025-10-16,C1162,P2009,1.0,0.3,Storage Product 10,Furniture,Storage,50209.76,29789.99,35146.83,5356.84,0.1524,Corporate,Delhi,Tamil Nadu
O50937,2025-07-31,C1459,P2059,1.0,0.15,Chairs Product 60,Furniture,Chairs,38547.8,29927.33,32765.63,2838.3,0.0866,Consumer,Bengaluru,Kerala
O50938,2025-09-29,C1104,P2050,1.0,0.1,Phones Product 51,Technology,Phones,26671.88,18619.55,24004.69,5385.14,0.2243,Home Office,Hyderabad,Karnataka
O50939,2025-03-07,C1180,P2020,1.0,0.1,Phones Product 21,Technology,Phones,42879.1,36071.45,38591.19,2519.74,0.0653,Consumer,Madurai,Maharashtra
O50940,2025-09-05,C1043,P2007,1.0,0.1,Storage Product 8,Furniture,Storage,77465.02,47348.43,69718.52,22370.09,0.3209,Home Office,Madurai,Maharashtra
O50941,2025-06-05,C1281,P2064,4.0,0.15,Accessories Product 65,Technology,Accessories,53906.39,37542.43,183281.73,33112.01,0.1807,Consumer,Kochi,Karnataka
O50942,2025-02-16,C1174,P2077,5.0,0.05,Laptops Product 78,Technology,Laptops,47839.89,34926.79,227239.48,52605.53,0.2315,Corporate,Madurai,Telangana
O50943,2025-07-20,C1161,P2029,1.0,0.05,Phones Product 30,Technology,Phones,35257.0,27824.57,33494.15,5669.58,0.1693,Corporate,Coimbatore,Karnataka
O50944,2025-05-28,C1470,P2048,1.0,0.2,Storage Product 49,Furniture,Storage,47196.49,35282.94,37757.19,2474.25,0.0655,Consumer,Salem,Delhi
O50945,2025-05-04,C1350,P2008,1.0,0.05,Paper Product 9,Office Supplies,Paper,12546.55,8779.06,11919.22,3140.16,0.2635,Consumer,Chennai,Maharashtra
O50946,2025-01-01,C1433,P2016,1.0,0.1,Laptops Product 17,Technology,Laptops,60637.62,52413.59,54573.86,2160.27,0.0396,Consumer,Mumbai,Maharashtra
O50947,2025-09-04,C1339,P2068,2.0,0.2,Binders Product 69,Office Supplies,Binders,73518.62,55006.72,117629.79,7616.35,0.0647,Consumer,Mumbai,Telangana
O50948,2025-12-09,C1139,P2057,2.0,0.15,Laptops Product 58,Technology,Laptops,10032.16,7014.74,17054.67,3025.19,0.1774,Home Office,Coimbatore,Kerala
O50949,2025-05-08,C1470,P2056,3.0,0.1,Phones Product 57,Technology,Phones,10100.77,6325.84,27272.08,8294.56,0.3041,Consumer,Salem,Delhi
O50950,2025-07-10,C1131,P2061,1.0,0.15,Storage Product 62,Furniture,Storage,41881.88,27770.86,35599.6,7828.74,0.2199,Consumer,Delhi,Delhi
O50951,2025-03-08,C1086,P2051,3.0,0.0,Chairs Product 52,Furniture,Chairs,34641.74,21896.2,103925.22,38236.62,0.3679,Corporate,Bengaluru,Maharashtra
O50952,2025-01-04,C1175,P2060,4.0,0.15,Laptops Product 61,Technology,Laptops,51237.86,42856.01,174208.72,2784.68,0.016,Consumer,Kochi,Maharashtra
O50953,2025-10-30,C1182,P2039,3.0,0.1,Chairs Product 40,Furniture,Chairs,31822.56,23868.26,85920.91,14316.13,0.1666,Home Office,Delhi,Karnataka
O50954,2025-10-21,C1367,P2037,5.0,0.2,Paper Product 38,Office Supplies,Paper,27871.02,18741.67,111484.08,17775.73,0.1594,Home Office,Hyderabad,Kerala
O50955,2025-05-23,C1128,P2042,2.0,0.25,Storage Product 43,Furniture,Storage,19092.63,15390.19,28638.94,-2141.44,-0.0748,Consumer,Kochi,Tamil Nadu
O50956,2025-07-10,C1245,P2062,2.0,0.25,Storage Product 63,Furniture,Storage,2688.9,1752.13,4033.35,529.09,0.1312,Home Office,Delhi,Delhi
O50957,2025-01-21,C1088,P2018,1.0,0.25,Laptops Product 19,Technology,Laptops,45801.09,25468.21,34350.82,8882.61,0.2586,Home Office,Hyderabad,Delhi
O50958,2025-08-15,C1065,P2049,1.0,0.1,Accessories Product 50,Technology,Accessories,36467.03,22897.52,32820.33,9922.81,0.3023,Consumer,Salem,Delhi
O50959,2025-11-09,C1157,P2032,4.0,0.1,Stationery Product 33,Office Supplies,Stationery,3779.83,2280.57,13607.39,4485.11,0.3296,Corporate,Salem,Tamil Nadu
O50960,2025-04-27,C1386,P2012,4.0,0.1,Laptops Product 13,Technology,Laptops,16281.82,11596.34,58614.55,12229.19,0.2086,Consumer,Pune,Maharashtra
O50961,2025-10-29,C1377,P2077,5.0,0.15,Laptops Product 78,Technology,Laptops,47839.89,34926.79,203319.53,28685.58,0.1411,Consumer,Coimbatore,Telangana
O50962,2025-05-22,C1148,P2061,1.0,0.2,Storage Product 62,Furniture,Storage,41881.88,27770.86,33505.5,5734.64,0.1712,Consumer,Chennai,Telangana
O50963,2025-02-08,C1472,P2042,1.0,0.05,Storage Product 43,Furniture,Storage,19092.63,15390.19,18138.0,2747.81,0.1515,Consumer,Coimbatore,Delhi
O50964,2025-12-21,C1339,P2048,4.0,0.25,Storage Product 49,Furniture,Storage,47196.49,35282.94,141589.47,457.71,0.0032,Consumer,Mumbai,Telangana
O50965,2025-09-09,C1432,P2035,4.0,0.2,Phones Product 36,Technology,Phones,2743.0,1741.9,8777.6,1810.0,0.2062,Corporate,Pune,Delhi
O50966,2025-11-29,C1115,P2009,4.0,0.3,Storage Product 10,Furniture,Storage,50209.76,29789.99,140587.33,21427.37,0.1524,Home Office,Salem,Delhi
O50967,2025-07-26,C1213,P2005,2.0,0.2,Tables Product 6,Furniture,Tables,18627.38,11555.02,29803.81,6693.77,0.2246,Consumer,Kochi,Telangana
O50968,2025-07-29,C1468,P2056,3.0,0.05,Phones Product 57,Technology,Phones,10100.77,6325.84,28787.19,9809.67,0.3408,Consumer,Coimbatore,Tamil Nadu
O50969,2025-04-25,C1445,P2000,3.0,0.05,Laptops Product 1,Technology,Laptops,13340.82,10836.58,38021.34,5511.6,0.145,Home Office,Chennai,Maharashtra
O50970,2025-08-13,C1480,P2070,1.0,0.05,Phones Product 71,Technology,Phones,79953.27,45246.36,75955.61,30709.25,0.4043,Corporate,Bengaluru,Kerala
O50971,2025-05-14,C1371,P2057,2.0,0.1,Laptops Product 58,Technology,Laptops,10032.16,7014.74,18057.89,4028.41,0.2231,Consumer,Salem,Maharashtra
O50972,2025-09-08,C1293,P2020,4.0,0.15,Phones Product 21,Technology,Phones,42879.1,36071.45,145788.94,1503.14,0.0103,Consumer,Mumbai,Kerala
O50973,2025-08-07,C1252,P2079,1.0,0.2,Tables Product 80,Furniture,Tables,60819.74,43495.05,48655.79,5160.74,0.1061,Home Office,Chennai,Maharashtra
O50974,2025-04-01,C1142,P2055,2.0,0.25,Binders Product 56,Office Supplies,Binders,16705.54,9805.04,25058.31,5448.23,0.2174,Consumer,Mumbai,Kerala
O50975,2025-12-20,C1249,P2019,5.0,0.15,Chairs Product 20,Furniture,Chairs,44904.0,24841.99,190842.0,66632.05,0.3491,Home Office,Hyderabad,Karnataka
O50976,2025-02-15,C1365,P2053,2.0,0.0,Accessories Product 54,Technology,Accessories,58991.24,45367.54,117982.48,27247.4,0.2309,Consumer,Delhi,Tamil Nadu
O50977,2025-02-07,C1435,P2024,1.0,0.05,Storage Product 25,Furniture,Storage,71728.84,53529.53,68142.4,14612.87,0.2144,Corporate,Hyderabad,Kerala
O50978,2025-05-22,C1462,P2027,3.0,0.0,Storage Product 28,Furniture,Storage,6685.15,5650.89,20055.45,3102.78,0.1547,Corporate,Chennai,Karnataka
O50979,2025-04-10,C1301,P2004,4.0,0.1,Stationery Product 5,Office Supplies,Stationery,22154.95,19379.22,79757.82,2240.94,0.0281,Consumer,Hyderabad,Kerala
O50980,2025-11-24,C1024,P2020,5.0,0.1,Phones Product 21,Technology,Phones,42879.1,36071.45,192955.95,12598.7,0.0653,Consumer,Kochi,Maharashtra
O50981,2025-07-09,C1276,P2017,2.0,0.0,Stationery Product 18,Office Supplies,Stationery,38596.4,22564.5,77192.8,32063.8,0.4154,Corporate,Pune,Tamil Nadu
O50982,2025-02-04,C1471,P2046,1.0,0.1,Chairs Product 47,Furniture,Chairs,53110.92,30880.61,47799.83,16919.22,0.354,Home Office,Chennai,Tamil Nadu
O50983,2025-05-27,C1376,P2069,1.0,0.05,Binders Product 70,Office Supplies,Binders,31690.99,24240.66,30106.44,5865.78,0.1948,Corporate,Pune,Delhi
O50984,2025-01-30,C1377,P2056,4.0,0.15,Phones Product 57,Technology,Phones,10100.77,6325.84,34342.62,9039.26,0.2632,Consumer,Coimbatore,Telangana
O50985,2025-11-30,C1388,P2018,1.0,0.1,Laptops Product 19,Technology,Laptops,45801.09,25468.21,41220.98,15752.77,0.3822,Corporate,Chennai,Tamil Nadu
O50986,2025-03-25,C1069,P2064,1.0,0.1,Accessories Product 65,Technology,Accessories,53906.39,37542.43,48515.75,10973.32,0.2262,Home Office,Chennai,Kerala
O50987,2025-10-08,C1112,P2002,4.0,0.1,Accessories Product 3,Technology,Accessories,76083.83,45638.81,273901.79,91346.55,0.3335,Home Office,Mumbai,Delhi
O50988,2025-12-10,C1362,P2041,5.0,0.25,Laptops Product 42,Technology,Laptops,17089.78,12912.68,64086.68,-476.72,-0.0074,Consumer,Bengaluru,Maharashtra
O50989,2025-09-27,C1111,P2020,3.0,0.05,Phones Product 21,Technology,Phones,42879.1,36071.45,122205.43,13991.08,0.1145,Consumer,Bengaluru,Karnataka
O50990,2025-06-03,C1363,P2039,3.0,0.1,Chairs Product 40,Furniture,Chairs,31822.56,23868.26,85920.91,14316.13,0.1666,Consumer,Hyderabad,Tamil Nadu
O50991,2025-04-12,C1302,P2066,2.0,0.15,Stationery Product 67,Office Supplies,Stationery,54754.87,39098.68,93083.28,14885.92,0.1599,Consumer,Mumbai,Delhi
O50992,2025-08-03,C1470,P2024,5.0,0.15,Storage Product 25,Furniture,Storage,71728.84,53529.53,304847.57,37199.92,0.122,Consumer,Salem,Delhi
O50993,2025-05-30,C1451,P2054,2.0,0.25,Chairs Product 55,Furniture,Chairs,56519.23,39410.95,84778.84,5956.94,0.0703,Consumer,Hyderabad,Tamil Nadu
O50994,2025-03-24,C1090,P2051,3.0,0.1,Chairs Product 52,Furniture,Chairs,34641.74,21896.2,93532.7,27844.1,0.2977,Consumer,Salem,Kerala
O50995,2025-04-20,C1017,P2043,4.0,0.1,Tables Product 44,Furniture,Tables,14620.74,9187.52,52634.66,15884.58,0.3018,Consumer,Coimbatore,Karnataka
O50996,2025-10-02,C1148,P2055,1.0,0.0,Binders Product 56,Office Supplies,Binders,16705.54,9805.04,16705.54,6900.5,0.4131,Consumer,Chennai,Telangana
O50997,2025-07-20,C1475,P2054,3.0,0.15,Chairs Product 55,Furniture,Chairs,56519.23,39410.95,144124.04,25891.19,0.1796,Home Office,Hyderabad,Karnataka
O50998,2025-10-11,C1226,P2069,5.0,0.1,Binders Product 70,Office Supplies,Binders,31690.99,24240.66,142609.46,21406.16,0.1501,Home Office,Hyderabad,Kerala
O50999,2025-06-22,C1213,P2076,3.0,0.05,Phones Product 77,Technology,Phones,31874.96,24846.67,90843.64,16303.63,0.1795,Consumer,Kochi,Telangana
O51000,2025-11-23,C1359,P2072,5.0,0.15,Accessories Product 73,Technology,Accessories,59154.4,49684.38,251406.2,2984.3,0.0119,Consumer,Hyderabad,Telangana
O51001,2025-07-25,C1150,P2065,5.0,0.15,Binders Product 66,Office Supplies,Binders,20647.93,15864.6,87753.7,8430.7,0.0961,Home Office,Hyderabad,Tamil Nadu
O51002,2025-03-04,C1191,P2018,5.0,0.0,Laptops Product 19,Technology,Laptops,45801.09,25468.21,229005.45,101664.4,0.4439,Home Office,Coimbatore,Delhi
O51003,2025-03-14,C1450,P2006,2.0,0.15,Laptops Product 7,Technology,Laptops,57279.45,42140.92,97375.06,13093.22,0.1345,Corporate,Chennai,Karnataka
O51004,2025-09-08,C1039,P2062,4.0,0.15,Storage Product 63,Furniture,Storage,2688.9,1752.13,9142.26,2133.74,0.2334,Consumer,Kochi,Delhi
O51005,2025-05-04,C1241,P2041,3.0,0.05,Laptops Product 42,Technology,Laptops,17089.78,12912.68,48705.87,9967.83,0.2047,Home Office,Delhi,Tamil Nadu
O51006,2025-05-01,C1137,P2041,4.0,0.1,Laptops Product 42,Technology,Laptops,17089.78,12912.68,61523.21,9872.49,0.1605,Corporate,Mumbai,Karnataka
O51007,2025-10-02,C1344,P2058,1.0,0.15,Paper Product 59,Office Supplies,Paper,8533.72,6340.06,7253.66,913.6,0.126,Consumer,Hyderabad,Delhi
O51008,2025-04-30,C1179,P2019,3.0,0.1,Chairs Product 20,Furniture,Chairs,44904.0,24841.99,121240.8,46714.83,0.3853,Consumer,Chennai,Tamil Nadu
O51009,2025-11-13,C1496,P2072,4.0,0.1,Accessories Product 73,Technology,Accessories,59154.4,49684.38,212955.84,14218.32,0.0668,Corporate,Madurai,Karnataka
O51010,2025-06-13,C1199,P2016,4.0,0.1,Laptops Product 17,Technology,Laptops,60637.62,52413.59,218295.43,8641.07,0.0396,Corporate,Delhi,Tamil Nadu
O51011,2025-10-13,C1202,P2026,1.0,0.15,Binders Product 27,Office Supplies,Binders,50136.78,40537.07,42616.26,2079.19,0.0488,Consumer,Salem,Karnataka
O51012,2025-09-22,C1060,P2046,5.0,0.25,Chairs Product 47,Furniture,Chairs,53110.92,30880.61,199165.95,44762.9,0.2248,Consumer,Pune,Tamil Nadu
O51013,2025-11-16,C1191,P2001,3.0,0.15,Tables Product 2,Furniture,Tables,61893.98,38740.54,157829.65,41608.03,0.2636,Home Office,Coimbatore,Delhi
O51014,2025-06-10,C1004,P2062,3.0,0.0,Storage Product 63,Furniture,Storage,2688.9,1752.13,8066.7,2810.31,0.3484,Consumer,Kochi,Kerala
O51015,2025-11-04,C1377,P2061,1.0,0.1,Storage Product 62,Furniture,Storage,41881.88,27770.86,37693.69,9922.83,0.2632,Consumer,Coimbatore,Telangana
O51016,2025-03-30,C1236,P2018,5.0,0.25,Laptops Product 19,Technology,Laptops,45801.09,25468.21,171754.09,44413.04,0.2586,Consumer,Salem,Maharashtra
O51017,2025-05-22,C1180,P2016,3.0,0.0,Laptops Product 17,Technology,Laptops,60637.62,52413.59,181912.86,24672.09,0.1356,Consumer,Madurai,Maharashtra
O51018,2025-07-22,C1310,P2068,3.0,0.3,Binders Product 69,Office Supplies,Binders,73518.62,55006.72,154389.1,-10631.06,-0.0689,Consumer,Bengaluru,Kerala
O51019,2025-11-05,C1036,P2038,3.0,0.25,Binders Product 39,Office Supplies,Binders,69402.41,51424.61,156155.42,1881.59,0.012,Consumer,Salem,Kerala
O51020,2025-08-15,C1055,P2070,5.0,0.0,Phones Product 71,Technology,Phones,79953.27,45246.36,399766.35,173534.55,0.4341,Home Office,Hyderabad,Tamil Nadu
O51021,2025-11-30,C1442,P2038,1.0,0.25,Binders Product 39,Office Supplies,Binders,69402.41,51424.61,52051.81,627.2,0.012,Consumer,Delhi,Tamil Nadu
O51022,2025-08-10,C1236,P2035,3.0,0.1,Phones Product 36,Technology,Phones,2743.0,1741.9,7406.1,2180.4,0.2944,Consumer,Salem,Maharashtra
O51023,2025-02-10,C1357,P2039,4.0,0.2,Chairs Product 40,Furniture,Chairs,31822.56,23868.26,101832.19,6359.15,0.0624,Corporate,Pune,Telangana
O51024,2025-07-15,C1348,P2044,5.0,0.1,Stationery Product 45,Office Supplies,Stationery,33218.58,19028.06,149483.61,54343.31,0.3635,Consumer,Kochi,Delhi
O51025,2025-03-09,C1196,P2003,2.0,0.1,Chairs Product 4,Furniture,Chairs,72789.1,60628.14,131020.38,9764.1,0.0745,Corporate,Pune,Kerala
O51026,2025-09-21,C1072,P2024,1.0,0.15,Storage Product 25,Furniture,Storage,71728.84,53529.53,60969.51,7439.98,0.122,Consumer,Mumbai,Maharashtra
O51027,2025-01-02,C1058,P2068,4.0,0.2,Binders Product 69,Office Supplies,Binders,73518.62,55006.72,235259.58,15232.7,0.0647,Consumer,Pune,Tamil Nadu
O51028,2025-12-27,C1239,P2029,3.0,0.0,Phones Product 30,Technology,Phones,35257.0,27824.57,105771.0,22297.29,0.2108,Consumer,Coimbatore,Maharashtra
O51029,2025-05-05,C1001,P2075,2.0,0.15,Binders Product 76,Office Supplies,Binders,43695.78,24115.72,74282.83,26051.39,0.3507,Home Office,Chennai,Telangana
O51030,2025-04-20,C1448,P2067,1.0,0.05,Storage Product 68,Furniture,Storage,45777.6,25636.72,43488.72,17852.0,0.4105,Consumer,Hyderabad,Telangana
O51031,2025-03-27,C1359,P2028,5.0,0.1,Tables Product 29,Furniture,Tables,62771.45,44486.02,282471.53,60041.43,0.2126,Consumer,Hyderabad,Telangana
O51032,2025-04-30,C1187,P2072,2.0,0.1,Accessories Product 73,Technology,Accessories,59154.4,49684.38,106477.92,7109.16,0.0668,Consumer,Hyderabad,Telangana
O51033,2025-05-07,C1306,P2067,2.0,0.1,Storage Product 68,Furniture,Storage,45777.6,25636.72,82399.68,31126.24,0.3777,Consumer,Pune,Maharashtra
O51034,2025-09-12,C1029,P2050,4.0,0.1,Phones Product 51,Technology,Phones,26671.88,18619.55,96018.77,21540.57,0.2243,Consumer,Chennai,Maharashtra
O51035,2025-07-02,C1266,P2023,1.0,0.05,Binders Product 24,Office Supplies,Binders,13648.36,7977.57,12965.94,4988.37,0.3847,Corporate,Delhi,Tamil Nadu
O51036,2025-01-16,C1475,P2013,4.0,0.05,Phones Product 14,Technology,Phones,26276.26,19570.22,99849.79,21568.91,0.216,Home Office,Hyderabad,Karnataka
O51037,2025-03-03,C1107,P2068,4.0,0.0,Binders Product 69,Office Supplies,Binders,73518.62,55006.72,294074.48,74047.6,0.2518,Corporate,Coimbatore,Karnataka
O51038,2025-06-07,C1331,P2017,3.0,0.1,Stationery Product 18,Office Supplies,Stationery,38596.4,22564.5,104210.28,36516.78,0.3504,Corporate,Pune,Delhi
O51039,2025-09-25,C1422,P2041,5.0,0.25,Laptops Product 42,Technology,Laptops,17089.78,12912.68,64086.68,-476.72,-0.0074,Consumer,Mumbai,Tamil Nadu
O51040,2025-02-04,C1089,P2056,2.0,0.05,Phones Product 57,Technology,Phones,10100.77,6325.84,19191.46,6539.78,0.3408,Consumer,Mumbai,Karnataka
O51041,2025-09-24,C1204,P2011,1.0,0.25,Tables Product 12,Furniture,Tables,47986.68,36009.74,35990.01,-19.73,-0.0005,Corporate,Delhi,Karnataka
O51042,2025-03-05,C1378,P2016,5.0,0.15,Laptops Product 17,Technology,Laptops,60637.62,52413.59,257709.88,-4358.07,-0.0169,Corporate,Mumbai,Maharashtra
O51043,2025-02-19,C1455,P2029,5.0,0.15,Phones Product 30,Technology,Phones,35257.0,27824.57,149842.25,10719.4,0.0715,Consumer,Chennai,Delhi
O51044,2025-09-12,C1446,P2074,1.0,0.15,Paper Product 75,Office Supplies,Paper,63885.75,44320.26,54302.89,9982.63,0.1838,Home Office,Madurai,Telangana
O51045,2025-05-29,C1447,P2022,5.0,0.2,Accessories Product 23,Technology,Accessories,16308.47,12700.29,65233.88,1732.43,0.0266,Corporate,Chennai,Delhi
O51046,2025-11-21,C1444,P2000,3.0,0.05,Laptops Product 1,Technology,Laptops,13340.82,10836.58,38021.34,5511.6,0.145,Corporate,Kochi,Kerala
O51047,2025-10-31,C1380,P2078,5.0,0.1,Tables Product 79,Furniture,Tables,6133.72,4595.0,27601.74,4626.74,0.1676,Consumer,Pune,Karnataka
O51048,2025-10-03,C1437,P2031,3.0,0.15,Phones Product 32,Technology,Phones,27150.59,16564.55,69234.0,19540.35,0.2822,Corporate,Kochi,Maharashtra
O51049,2025-12-23,C1219,P2008,2.0,0.15,Paper Product 9,Office Supplies,Paper,12546.55,8779.06,21329.14,3771.02,0.1768,Corporate,Madurai,Karnataka
O51050,2025-06-21,C1377,P2014,2.0,0.2,Chairs Product 15,Furniture,Chairs,12221.58,8595.65,19554.53,2363.23,0.1209,Consumer,Coimbatore,Telangana
O51051,2025-07-20,C1093,P2027,4.0,0.0,Storage Product 28,Furniture,Storage,6685.15,5650.89,26740.6,4137.04,0.1547,Consumer,Madurai,Delhi
O51052,2025-11-20,C1456,P2023,3.0,0.15,Binders Product 24,Office Supplies,Binders,13648.36,7977.57,34803.32,10870.61,0.3123,Consumer,Madurai,Maharashtra
O51053,2025-02-04,C1102,P2059,2.0,0.15,Chairs Product 60,Furniture,Chairs,38547.8,29927.33,65531.26,5676.6,0.0866,Consumer,Delhi,Tamil Nadu
O51054,2025-08-04,C1222,P2034,5.0,0.1,Stationery Product 35,Office Supplies,Stationery,6797.66,4643.32,30589.47,7372.87,0.241,Consumer,Bengaluru,Tamil Nadu
O51055,2025-03-06,C1185,P2026,1.0,0.1,Binders Product 27,Office Supplies,Binders,50136.78,40537.07,45123.1,4586.03,0.1016,Corporate,Hyderabad,Kerala
O51056,2025-01-08,C1468,P2075,1.0,0.15,Binders Product 76,Office Supplies,Binders,43695.78,24115.72,37141.41,13025.69,0.3507,Consumer,Coimbatore,Tamil Nadu
O51057,2025-10-28,C1183,P2019,3.0,0.25,Chairs Product 20,Furniture,Chairs,44904.0,24841.99,101034.0,26508.03,0.2624,Home Office,Mumbai,Tamil Nadu
O51058,2025-12-09,C1494,P2064,4.0,0.1,Accessories Product 65,Technology,Accessories,53906.39,37542.43,194063.0,43893.28,0.2262,Consumer,Bengaluru,Karnataka
O51059,2025-11-28,C1161,P2048,5.0,0.2,Storage Product 49,Furniture,Storage,47196.49,35282.94,188785.96,12371.26,0.0655,Corporate,Coimbatore,Karnataka
O51060,2025-03-17,C1246,P2000,3.0,0.1,Laptops Product 1,Technology,Laptops,13340.82,10836.58,36020.21,3510.47,0.0975,Consumer,Salem,Karnataka
O51061,2025-06-23,C1030,P2009,1.0,0.05,Storage Product 10,Furniture,Storage,50209.76,29789.99,47699.27,17909.28,0.3755,Corporate,Coimbatore,Kerala
O51062,2025-02-16,C1051,P2046,3.0,0.0,Chairs Product 47,Furniture,Chairs,53110.92,30880.61,159332.76,66690.93,0.4186,Corporate,Kochi,Karnataka
O51063,2025-01-15,C1344,P2058,5.0,0.0,Paper Product 59,Office Supplies,Paper,8533.72,6340.06,42668.6,10968.3,0.2571,Consumer,Hyderabad,Delhi
O51064,2025-12-27,C1075,P2061,2.0,0.1,Storage Product 62,Furniture,Storage,41881.88,27770.86,75387.38,19845.66,0.2632,Corporate,Kochi,Maharashtra
O51065,2025-05-27,C1384,P2017,5.0,0.1,Stationery Product 18,Office Supplies,Stationery,38596.4,22564.5,173683.8,60861.3,0.3504,Corporate,Pune,Maharashtra
O51066,2025-01-26,C1438,P2045,2.0,0.15,Tables Product 46,Furniture,Tables,69698.77,48576.61,118487.91,21334.69,0.1801,Corporate,Pune,Delhi
O51067,2025-11-04,C1277,P2031,2.0,0.15,Phones Product 32,Technology,Phones,27150.59,16564.55,46156.0,13026.9,0.2822,Corporate,Salem,Telangana
O51068,2025-04-03,C1039,P2026,2.0,0.0,Binders Product 27,Office Supplies,Binders,50136.78,40537.07,100273.56,19199.42,0.1915,Consumer,Kochi,Delhi
O51069,2025-08-20,C1100,P2017,3.0,0.05,Stationery Product 18,Office Supplies,Stationery,38596.4,22564.5,109999.74,42306.24,0.3846,Consumer,Pune,Kerala
O51070,2025-01-21,C1110,P2038,1.0,0.05,Binders Product 39,Office Supplies,Binders,69402.41,51424.61,65932.29,14507.68,0.22,Consumer,Coimbatore,Delhi
O51071,2025-11-03,C1384,P2048,3.0,0.15,Storage Product 49,Furniture,Storage,47196.49,35282.94,120351.05,14502.23,0.1205,Corporate,Pune,Maharashtra
O51072,2025-02-07,C1320,P2043,1.0,0.05,Tables Product 44,Furniture,Tables,14620.74,9187.52,13889.7,4702.18,0.3385,Consumer,Kochi,Telangana
O51073,2025-10-03,C1248,P2071,5.0,0.05,Paper Product 72,Office Supplies,Paper,79468.95,63440.16,377477.51,60276.71,0.1597,Home Office,Bengaluru,Karnataka
O51074,2025-06-06,C1190,P2053,4.0,0.25,Accessories Product 54,Technology,Accessories,58991.24,45367.54,176973.72,-4496.44,-0.0254,Consumer,Mumbai,Maharashtra
O51075,2025-06-28,C1489,P2033,5.0,0.2,Accessories Product 34,Technology,Accessories,18507.84,16264.51,74031.36,-7291.19,-0.0985,Home Office,Madurai,Delhi
O51076,2025-05-12,C1181,P2070,3.0,0.05,Phones Product 71,Technology,Phones,79953.27,45246.36,227866.82,92127.74,0.4043,Consumer,Salem,Tamil Nadu
O51077,2025-11-07,C1425,P2035,3.0,0.1,Phones Product 36,Technology,Phones,2743.0,1741.9,7406.1,2180.4,0.2944,Consumer,Coimbatore,Karnataka
O51078,2025-12-14,C1404,P2017,1.0,0.1,Stationery Product 18,Office Supplies,Stationery,38596.4,22564.5,34736.76,12172.26,0.3504,Consumer,Mumbai,Tamil Nadu
O51079,2025-01-28,C1334,P2037,3.0,0.2,Paper Product 38,Office Supplies,Paper,27871.02,18741.67,66890.45,10665.44,0.1594,Consumer,Chennai,Telangana
O51080,2025-09-17,C1208,P2058,2.0,0.1,Paper Product 59,Office Supplies,Paper,8533.72,6340.06,15360.7,2680.58,0.1745,Consumer,Kochi,Delhi
O51081,2025-03-17,C1021,P2008,3.0,0.05,Paper Product 9,Office Supplies,Paper,12546.55,8779.06,35757.67,9420.49,0.2635,Consumer,Chennai,Maharashtra
O51082,2025-03-08,C1165,P2072,1.0,0.15,Accessories Product 73,Technology,Accessories,59154.4,49684.38,50281.24,596.86,0.0119,Corporate,Madurai,Karnataka
O51083,2025-12-08,C1098,P2071,1.0,0.1,Paper Product 72,Office Supplies,Paper,79468.95,63440.16,71522.05,8081.89,0.113,Consumer,Hyderabad,Telangana
O51084,2025-07-13,C1492,P2050,2.0,0.05,Phones Product 51,Technology,Phones,26671.88,18619.55,50676.57,13437.47,0.2652,Consumer,Mumbai,Karnataka
O51085,2025-06-11,C1207,P2034,1.0,0.1,Stationery Product 35,Office Supplies,Stationery,6797.66,4643.32,6117.89,1474.57,0.241,Corporate,Salem,Karnataka
O51086,2025-12-13,C1007,P2004,4.0,0.1,Stationery Product 5,Office Supplies,Stationery,22154.95,19379.22,79757.82,2240.94,0.0281,Home Office,Salem,Delhi
O51087,2025-12-27,C1189,P2013,5.0,0.1,Phones Product 14,Technology,Phones,26276.26,19570.22,118243.17,20392.07,0.1725,Consumer,Bengaluru,Tamil Nadu
O51088,2025-09-14,C1174,P2029,3.0,0.05,Phones Product 30,Technology,Phones,35257.0,27824.57,100482.45,17008.74,0.1693,Corporate,Madurai,Telangana
O51089,2025-03-13,C1272,P2003,4.0,0.1,Chairs Product 4,Furniture,Chairs,72789.1,60628.14,262040.76,19528.2,0.0745,Home Office,Kochi,Kerala
O51090,2025-03-28,C1016,P2038,3.0,0.0,Binders Product 39,Office Supplies,Binders,69402.41,51424.61,208207.23,53933.4,0.259,Consumer,Kochi,Karnataka
O51091,2025-09-19,C1089,P2063,4.0,0.2,Binders Product 64,Office Supplies,Binders,58712.04,35437.77,187878.53,46127.45,0.2455,Consumer,Mumbai,Karnataka
O51092,2025-08-02,C1140,P2024,3.0,0.05,Storage Product 25,Furniture,Storage,71728.84,53529.53,204427.19,43838.6,0.2144,Home Office,Chennai,Telangana
O51093,2025-06-02,C1144,P2027,2.0,0.0,Storage Product 28,Furniture,Storage,6685.15,5650.89,13370.3,2068.52,0.1547,Consumer,Mumbai,Tamil Nadu
O51094,2025-07-29,C1165,P2075,1.0,0.15,Binders Product 76,Office Supplies,Binders,43695.78,24115.72,37141.41,13025.69,0.3507,Corporate,Madurai,Karnataka
O51095,2025-03-02,C1336,P2065,1.0,0.2,Binders Product 66,Office Supplies,Binders,20647.93,15864.6,16518.34,653.74,0.0396,Home Office,Madurai,Karnataka
O51096,2025-09-25,C1495,P2077,2.0,0.2,Laptops Product 78,Technology,Laptops,47839.89,34926.79,76543.82,6690.24,0.0874,Consumer,Pune,Delhi
O51097,2025-09-19,C1077,P2021,4.0,0.1,Laptops Product 22,Technology,Laptops,6562.71,4469.1,23625.76,5749.36,0.2434,Consumer,Coimbatore,Delhi
O51098,2025-08-06,C1428,P2030,5.0,0.05,Chairs Product 31,Furniture,Chairs,38498.53,28996.9,182868.02,37883.52,0.2072,Consumer,Coimbatore,Delhi
O51099,2025-10-10,C1261,P2022,4.0,0.15,Accessories Product 23,Technology,Accessories,16308.47,12700.29,55448.8,4647.64,0.0838,Home Office,Coimbatore,Tamil Nadu
O51100,2025-05-16,C1162,P2047,1.0,0.15,Chairs Product 48,Furniture,Chairs,77562.16,49266.25,65927.84,16661.59,0.2527,Corporate,Delhi,Tamil Nadu
O51101,2025-12-28,C1365,P2019,5.0,0.05,Chairs Product 20,Furniture,Chairs,44904.0,24841.99,213294.0,89084.05,0.4177,Consumer,Delhi,Tamil Nadu
O51102,2025-04-03,C1013,P2037,3.0,0.25,Paper Product 38,Office Supplies,Paper,27871.02,18741.67,62709.8,6484.79,0.1034,Consumer,Delhi,Delhi
O51103,2025-04-19,C1238,P2054,5.0,0.05,Chairs Product 55,Furniture,Chairs,56519.23,39410.95,268466.34,71411.59,0.266,Corporate,Mumbai,Tamil Nadu
O51104,2025-08-29,C1071,P2067,4.0,0.3,Storage Product 68,Furniture,Storage,45777.6,25636.72,128177.28,25630.4,0.2,Consumer,Kochi,Karnataka
O51105,2025-12-21,C1444,P2078,2.0,0.2,Tables Product 79,Furniture,Tables,6133.72,4595.0,9813.95,623.95,0.0636,Corporate,Kochi,Kerala
O51106,2025-05-22,C1142,P2000,3.0,0.15,Laptops Product 1,Technology,Laptops,13340.82,10836.58,34019.09,1509.35,0.0444,Consumer,Mumbai,Kerala
O51107,2025-10-18,C1309,P2006,4.0,0.25,Laptops Product 7,Technology,Laptops,57279.45,42140.92,171838.35,3274.67,0.0191,Consumer,Pune,Kerala
O51108,2025-08-25,C1282,P2056,3.0,0.15,Phones Product 57,Technology,Phones,10100.77,6325.84,25756.96,6779.44,0.2632,Consumer,Coimbatore,Kerala
O51109,2025-12-06,C1268,P2011,5.0,0.05,Tables Product 12,Furniture,Tables,47986.68,36009.74,227936.73,47888.03,0.2101,Consumer,Pune,Tamil Nadu
O51110,2025-11-08,C1240,P2004,1.0,0.1,Stationery Product 5,Office Supplies,Stationery,22154.95,19379.22,19939.46,560.24,0.0281,Home Office,Pune,Karnataka
O51111,2025-06-26,C1414,P2049,4.0,0.0,Accessories Product 50,Technology,Accessories,36467.03,22897.52,145868.12,54278.04,0.3721,Corporate,Delhi,Kerala
O51112,2025-05-21,C1244,P2041,2.0,0.1,Laptops Product 42,Technology,Laptops,17089.78,12912.68,30761.6,4936.24,0.1605,Consumer,Salem,Kerala
O51113,2025-07-08,C1162,P2011,5.0,0.15,Tables Product 12,Furniture,Tables,47986.68,36009.74,203943.39,23894.69,0.1172,Corporate,Delhi,Tamil Nadu
O51114,2025-02-18,C1059,P2017,4.0,0.1,Stationery Product 18,Office Supplies,Stationery,38596.4,22564.5,138947.04,48689.04,0.3504,Consumer,Coimbatore,Delhi
O51115,2025-10-29,C1005,P2065,2.0,0.1,Binders Product 66,Office Supplies,Binders,20647.93,15864.6,37166.27,5437.07,0.1463,Consumer,Hyderabad,Karnataka
O51116,2025-07-09,C1196,P2073,4.0,0.15,Tables Product 74,Furniture,Tables,74076.28,51453.16,251859.35,46046.71,0.1828,Corporate,Pune,Kerala
O51117,2025-05-16,C1469,P2078,5.0,0.2,Tables Product 79,Furniture,Tables,6133.72,4595.0,24534.88,1559.88,0.0636,Home Office,Coimbatore,Karnataka
O51118,2025-02-12,C1057,P2016,4.0,0.0,Laptops Product 17,Technology,Laptops,60637.62,52413.59,242550.48,32896.12,0.1356,Consumer,Chennai,Telangana
O51119,2025-12-19,C1304,P2067,3.0,0.1,Storage Product 68,Furniture,Storage,45777.6,25636.72,123599.52,46689.36,0.3777,Corporate,Mumbai,Telangana
O51120,2025-03-31,C1406,P2070,5.0,0.05,Phones Product 71,Technology,Phones,79953.27,45246.36,379778.03,153546.23,0.4043,Consumer,Salem,Telangana
O51121,2025-10-22,C1216,P2061,4.0,0.15,Storage Product 62,Furniture,Storage,41881.88,27770.86,142398.39,31314.95,0.2199,Consumer,Madurai,Delhi
O51122,2025-12-07,C1417,P2040,1.0,0.05,Tables Product 41,Furniture,Tables,52504.24,46067.43,49879.03,3811.6,0.0764,Consumer,Kochi,Kerala
O51123,2025-09-02,C1025,P2033,4.0,0.15,Accessories Product 34,Technology,Accessories,18507.84,16264.51,62926.66,-2131.38,-0.0339,Corporate,Delhi,Kerala
O51124,2025-07-11,C1302,P2069,3.0,0.1,Binders Product 70,Office Supplies,Binders,31690.99,24240.66,85565.67,12843.69,0.1501,Consumer,Mumbai,Delhi
O51125,2025-11-14,C1004,P2044,2.0,0.05,Stationery Product 45,Office Supplies,Stationery,33218.58,19028.06,63115.3,25059.18,0.397,Consumer,Kochi,Kerala
O51126,2025-04-16,C1473,P2057,2.0,0.25,Laptops Product 58,Technology,Laptops,10032.16,7014.74,15048.24,1018.76,0.0677,Home Office,Salem,Karnataka
O51127,2025-12-29,C1019,P2050,2.0,0.0,Phones Product 51,Technology,Phones,26671.88,18619.55,53343.76,16104.66,0.3019,Consumer,Chennai,Maharashtra
O51128,2025-11-06,C1389,P2033,1.0,0.1,Accessories Product 34,Technology,Accessories,18507.84,16264.51,16657.06,392.55,0.0236,Corporate,Delhi,Karnataka
O51129,2025-08-21,C1197,P2043,3.0,0.0,Tables Product 44,Furniture,Tables,14620.74,9187.52,43862.22,16299.66,0.3716,Home Office,Chennai,Telangana
O51130,2025-09-22,C1058,P2014,5.0,0.1,Chairs Product 15,Furniture,Chairs,12221.58,8595.65,54997.11,12018.86,0.2185,Consumer,Pune,Tamil Nadu
O51131,2025-12-10,C1447,P2077,2.0,0.1,Laptops Product 78,Technology,Laptops,47839.89,34926.79,86111.8,16258.22,0.1888,Corporate,Chennai,Delhi
O51132,2025-02-06,C1241,P2069,3.0,0.1,Binders Product 70,Office Supplies,Binders,31690.99,24240.66,85565.67,12843.69,0.1501,Home Office,Delhi,Tamil Nadu
O51133,2025-11-01,C1145,P2049,4.0,0.05,Accessories Product 50,Technology,Accessories,36467.03,22897.52,138574.71,46984.63,0.3391,Consumer,Mumbai,Delhi
O51134,2025-02-10,C1387,P2031,1.0,0.1,Phones Product 32,Technology,Phones,27150.59,16564.55,24435.53,7870.98,0.3221,Consumer,Delhi,Maharashtra
O51135,2025-01-17,C1272,P2066,3.0,0.15,Stationery Product 67,Office Supplies,Stationery,54754.87,39098.68,139624.92,22328.88,0.1599,Home Office,Kochi,Kerala
O51136,2025-12-10,C1248,P2002,3.0,0.2,Accessories Product 3,Technology,Accessories,76083.83,45638.81,182601.19,45684.76,0.2502,Home Office,Bengaluru,Karnataka
O51137,2025-10-04,C1013,P2073,5.0,0.15,Tables Product 74,Furniture,Tables,74076.28,51453.16,314824.19,57558.39,0.1828,Consumer,Delhi,Delhi
O51138,2025-11-03,C1461,P2050,3.0,0.15,Phones Product 51,Technology,Phones,26671.88,18619.55,68013.29,12154.64,0.1787,Corporate,Bengaluru,Kerala
O51139,2025-02-28,C1012,P2066,5.0,0.05,Stationery Product 67,Office Supplies,Stationery,54754.87,39098.68,260085.63,64592.23,0.2483,Corporate,Coimbatore,Maharashtra
O51140,2025-07-02,C1390,P2075,1.0,0.1,Binders Product 76,Office Supplies,Binders,43695.78,24115.72,39326.2,15210.48,0.3868,Home Office,Mumbai,Maharashtra
O51141,2025-02-10,C1383,P2047,1.0,0.05,Chairs Product 48,Furniture,Chairs,77562.16,49266.25,73684.05,24417.8,0.3314,Home Office,Kochi,Kerala
O51142,2025-02-08,C1043,P2016,4.0,0.05,Laptops Product 17,Technology,Laptops,60637.62,52413.59,230422.96,20768.6,0.0901,Home Office,Madurai,Maharashtra
O51143,2025-07-11,C1374,P2006,5.0,0.05,Laptops Product 7,Technology,Laptops,57279.45,42140.92,272077.39,61372.79,0.2256,Consumer,Delhi,Karnataka
O51144,2025-09-24,C1398,P2012,5.0,0.1,Laptops Product 13,Technology,Laptops,16281.82,11596.34,73268.19,15286.49,0.2086,Corporate,Kochi,Maharashtra
O51145,2025-05-27,C1018,P2065,2.0,0.15,Binders Product 66,Office Supplies,Binders,20647.93,15864.6,35101.48,3372.28,0.0961,Consumer,Pune,Tamil Nadu
O51146,2025-11-29,C1062,P2003,2.0,0.25,Chairs Product 4,Furniture,Chairs,72789.1,60628.14,109183.65,-12072.63,-0.1106,Corporate,Delhi,Maharashtra
O51147,2025-05-07,C1490,P2009,4.0,0.05,Storage Product 10,Furniture,Storage,50209.76,29789.99,190797.09,71637.13,0.3755,Consumer,Pune,Telangana
O51148,2025-02-15,C1238,P2016,1.0,0.15,Laptops Product 17,Technology,Laptops,60637.62,52413.59,51541.98,-871.61,-0.0169,Corporate,Mumbai,Tamil Nadu
O51149,2025-02-14,C1491,P2051,2.0,0.2,Chairs Product 52,Furniture,Chairs,34641.74,21896.2,55426.78,11634.38,0.2099,Corporate,Chennai,Telangana
O51150,2025-01-01,C1418,P2005,3.0,0.15,Tables Product 6,Furniture,Tables,18627.38,11555.02,47499.82,12834.76,0.2702,Corporate,Delhi,Maharashtra
O51151,2025-06-17,C1336,P2068,1.0,0.05,Binders Product 69,Office Supplies,Binders,73518.62,55006.72,69842.69,14835.97,0.2124,Home Office,Madurai,Karnataka
O51152,2025-04-18,C1418,P2073,3.0,0.05,Tables Product 74,Furniture,Tables,74076.28,51453.16,211117.4,56757.92,0.2688,Corporate,Delhi,Maharashtra
O51153,2025-01-19,C1402,P2008,5.0,0.0,Paper Product 9,Office Supplies,Paper,12546.55,8779.06,62732.75,18837.45,0.3003,Consumer,Salem,Telangana
O51154,2025-11-28,C1403,P2076,1.0,0.1,Phones Product 77,Technology,Phones,31874.96,24846.67,28687.46,3840.79,0.1339,Corporate,Madurai,Kerala
O51155,2025-03-13,C1099,P2020,4.0,0.15,Phones Product 21,Technology,Phones,42879.1,36071.45,145788.94,1503.14,0.0103,Consumer,Delhi,Karnataka
O51156,2025-04-19,C1162,P2023,5.0,0.0,Binders Product 24,Office Supplies,Binders,13648.36,7977.57,68241.8,28353.95,0.4155,Corporate,Delhi,Tamil Nadu
O51157,2025-09-25,C1415,P2003,5.0,0.05,Chairs Product 4,Furniture,Chairs,72789.1,60628.14,345748.22,42607.52,0.1232,Consumer,Hyderabad,Telangana
O51158,2025-08-28,C1121,P2023,3.0,0.15,Binders Product 24,Office Supplies,Binders,13648.36,7977.57,34803.32,10870.61,0.3123,Home Office,Mumbai,Telangana
O51159,2025-10-28,C1431,P2058,5.0,0.2,Paper Product 59,Office Supplies,Paper,8533.72,6340.06,34134.88,2434.58,0.0713,Corporate,Salem,Karnataka
O51160,2025-03-31,C1043,P2002,3.0,0.1,Accessories Product 3,Technology,Accessories,76083.83,45638.81,136950.89,45673.27,0.3335,Home Office,Madurai,Maharashtra
O51161,2025-04-13,C1359,P2067,1.0,0.15,Storage Product 68,Furniture,Storage,45777.6,25636.72,38910.96,13274.24,0.3411,Consumer,Hyderabad,Telangana
O51162,2025-09-07,C1407,P2039,2.0,0.1,Chairs Product 40,Furniture,Chairs,31822.56,23868.26,57280.61,9544.09,0.1666,Consumer,Madurai,Tamil Nadu
O51163,2025-01-08,C1316,P2047,3.0,0.05,Chairs Product 48,Furniture,Chairs,77562.16,49266.25,221052.16,73253.41,0.3314,Consumer,Chennai,Telangana
O51164,2025-06-02,C1380,P2053,3.0,0.1,Accessories Product 54,Technology,Accessories,58991.24,45367.54,159276.35,23173.73,0.1455,Consumer,Pune,Karnataka
O51165,2025-12-13,C1144,P2034,1.0,0.15,Stationery Product 35,Office Supplies,Stationery,6797.66,4643.32,5778.01,1134.69,0.1964,Consumer,Mumbai,Tamil Nadu
O51166,2025-06-23,C1326,P2055,5.0,0.25,Binders Product 56,Office Supplies,Binders,16705.54,9805.04,62645.78,13620.58,0.2174,Consumer,Salem,Karnataka
O51167,2025-12-09,C1362,P2039,4.0,0.0,Chairs Product 40,Furniture,Chairs,31822.56,23868.26,127290.24,31817.2,0.25,Consumer,Bengaluru,Maharashtra
O51168,2025-06-07,C1049,P2076,3.0,0.1,Phones Product 77,Technology,Phones,31874.96,24846.67,86062.39,11522.38,0.1339,Consumer,Bengaluru,Kerala
O51169,2025-08-03,C1064,P2067,1.0,0.1,Storage Product 68,Furniture,Storage,45777.6,25636.72,41199.84,15563.12,0.3777,Consumer,Coimbatore,Tamil Nadu
O51170,2025-06-26,C1354,P2045,4.0,0.1,Tables Product 46,Furniture,Tables,69698.77,48576.61,250915.57,56609.13,0.2256,Consumer,Pune,Delhi
O51171,2025-06-24,C1287,P2077,5.0,0.0,Laptops Product 78,Technology,Laptops,47839.89,34926.79,239199.45,64565.5,0.2699,Consumer,Bengaluru,Tamil Nadu
O51172,2025-12-06,C1163,P2012,3.0,0.1,Laptops Product 13,Technology,Laptops,16281.82,11596.34,43960.91,9171.89,0.2086,Consumer,Pune,Telangana
O51173,2025-12-04,C1140,P2026,1.0,0.2,Binders Product 27,Office Supplies,Binders,50136.78,40537.07,40109.42,-427.65,-0.0107,Home Office,Chennai,Telangana
O51174,2025-05-26,C1453,P2005,1.0,0.15,Tables Product 6,Furniture,Tables,18627.38,11555.02,15833.27,4278.25,0.2702,Home Office,Salem,Kerala
O51175,2025-11-20,C1313,P2016,1.0,0.1,Laptops Product 17,Technology,Laptops,60637.62,52413.59,54573.86,2160.27,0.0396,Home Office,Madurai,Maharashtra
O51176,2025-06-10,C1127,P2035,3.0,0.1,Phones Product 36,Technology,Phones,2743.0,1741.9,7406.1,2180.4,0.2944,Home Office,Bengaluru,Kerala
O51177,2025-05-07,C1397,P2001,4.0,0.1,Tables Product 2,Furniture,Tables,61893.98,38740.54,222818.33,67856.17,0.3045,Consumer,Chennai,Telangana
O51178,2025-03-23,C1420,P2076,1.0,0.1,Phones Product 77,Technology,Phones,31874.96,24846.67,28687.46,3840.79,0.1339,Corporate,Bengaluru,Maharashtra
O51179,2025-05-27,C1367,P2051,5.0,0.2,Chairs Product 52,Furniture,Chairs,34641.74,21896.2,138566.96,29085.96,0.2099,Home Office,Hyderabad,Kerala
O51180,2025-08-27,C1462,P2065,1.0,0.25,Binders Product 66,Office Supplies,Binders,20647.93,15864.6,15485.95,-378.65,-0.0245,Corporate,Chennai,Karnataka
O51181,2025-03-25,C1238,P2051,4.0,0.1,Chairs Product 52,Furniture,Chairs,34641.74,21896.2,124710.26,37125.46,0.2977,Corporate,Mumbai,Tamil Nadu
O51182,2025-04-23,C1323,P2042,3.0,0.1,Storage Product 43,Furniture,Storage,19092.63,15390.19,51550.1,5379.53,0.1044,Consumer,Bengaluru,Karnataka
O51183,2025-08-13,C1295,P2021,1.0,0.2,Laptops Product 22,Technology,Laptops,6562.71,4469.1,5250.17,781.07,0.1488,Consumer,Bengaluru,Telangana
O51184,2025-11-28,C1186,P2054,1.0,0.1,Chairs Product 55,Furniture,Chairs,56519.23,39410.95,50867.31,11456.36,0.2252,Corporate,Mumbai,Delhi
O51185,2025-08-31,C1207,P2066,5.0,0.15,Stationery Product 67,Office Supplies,Stationery,54754.87,39098.68,232708.2,37214.8,0.1599,Corporate,Salem,Karnataka
O51186,2025-05-23,C1219,P2059,5.0,0.05,Chairs Product 60,Furniture,Chairs,38547.8,29927.33,183102.05,33465.4,0.1828,Corporate,Madurai,Karnataka
O51187,2025-02-10,C1399,P2057,1.0,0.15,Laptops Product 58,Technology,Laptops,10032.16,7014.74,8527.34,1512.6,0.1774,Corporate,Kochi,Maharashtra
O51188,2025-09-15,C1189,P2011,1.0,0.15,Tables Product 12,Furniture,Tables,47986.68,36009.74,40788.68,4778.94,0.1172,Consumer,Bengaluru,Tamil Nadu
O51189,2025-10-12,C1387,P2068,5.0,0.2,Binders Product 69,Office Supplies,Binders,73518.62,55006.72,294074.48,19040.88,0.0647,Consumer,Delhi,Maharashtra
O51190,2025-04-15,C1428,P2038,4.0,0.2,Binders Product 39,Office Supplies,Binders,69402.41,51424.61,222087.71,16389.27,0.0738,Consumer,Coimbatore,Delhi
O51191,2025-07-21,C1345,P2012,2.0,0.05,Laptops Product 13,Technology,Laptops,16281.82,11596.34,30935.46,7742.78,0.2503,Corporate,Salem,Tamil Nadu
O51192,2025-11-03,C1283,P2040,2.0,0.15,Tables Product 41,Furniture,Tables,52504.24,46067.43,89257.21,-2877.65,-0.0322,Consumer,Kochi,Karnataka
O51193,2025-11-27,C1351,P2056,1.0,0.2,Phones Product 57,Technology,Phones,10100.77,6325.84,8080.62,1754.78,0.2172,Home Office,Salem,Tamil Nadu
O51194,2025-09-23,C1236,P2052,5.0,0.1,Chairs Product 53,Furniture,Chairs,20426.46,13656.17,91919.07,23638.22,0.2572,Consumer,Salem,Maharashtra
O51195,2025-07-29,C1193,P2011,3.0,0.05,Tables Product 12,Furniture,Tables,47986.68,36009.74,136762.04,28732.82,0.2101,Corporate,Salem,Tamil Nadu
O51196,2025-02-20,C1286,P2012,3.0,0.0,Laptops Product 13,Technology,Laptops,16281.82,11596.34,48845.46,14056.44,0.2878,Consumer,Coimbatore,Tamil Nadu
O51197,2025-04-28,C1258,P2073,2.0,0.1,Tables Product 74,Furniture,Tables,74076.28,51453.16,133337.3,30430.98,0.2282,Consumer,Bengaluru,Kerala
O51198,2025-07-20,C1245,P2056,4.0,0.1,Phones Product 57,Technology,Phones,10100.77,6325.84,36362.77,11059.41,0.3041,Home Office,Delhi,Delhi
O51199,2025-02-08,C1135,P2039,2.0,0.15,Chairs Product 40,Furniture,Chairs,31822.56,23868.26,54098.35,6361.83,0.1176,Consumer,Chennai,Maharashtra
O51200,2025-01-28,C1279,P2079,1.0,0.05,Tables Product 80,Furniture,Tables,60819.74,43495.05,57778.75,14283.7,0.2472,Corporate,Bengaluru,Delhi
O51201,2025-09-16,C1270,P2044,4.0,0.2,Stationery Product 45,Office Supplies,Stationery,33218.58,19028.06,106299.46,30187.22,0.284,Corporate,Hyderabad,Delhi
O51202,2025-03-25,C1170,P2034,3.0,0.05,Stationery Product 35,Office Supplies,Stationery,6797.66,4643.32,19373.33,5443.37,0.281,Corporate,Salem,Delhi
O51203,2025-06-04,C1158,P2002,5.0,0.05,Accessories Product 3,Technology,Accessories,76083.83,45638.81,361398.19,133204.14,0.3686,Consumer,Delhi,Tamil Nadu
O51204,2025-04-27,C1200,P2004,5.0,0.1,Stationery Product 5,Office Supplies,Stationery,22154.95,19379.22,99697.28,2801.18,0.0281,Corporate,Mumbai,Maharashtra
O51205,2025-01-02,C1486,P2010,1.0,0.1,Phones Product 11,Technology,Phones,49447.03,40193.38,44502.33,4308.95,0.0968,Consumer,Madurai,Maharashtra
O51206,2025-04-03,C1044,P2070,2.0,0.05,Phones Product 71,Technology,Phones,79953.27,45246.36,151911.21,61418.49,0.4043,Consumer,Kochi,Kerala
O51207,2025-06-15,C1449,P2055,1.0,0.05,Binders Product 56,Office Supplies,Binders,16705.54,9805.04,15870.26,6065.22,0.3822,Consumer,Mumbai,Delhi
O51208,2025-12-16,C1263,P2009,5.0,0.05,Storage Product 10,Furniture,Storage,50209.76,29789.99,238496.36,89546.41,0.3755,Consumer,Delhi,Delhi
O51209,2025-10-23,C1070,P2033,3.0,0.15,Accessories Product 34,Technology,Accessories,18507.84,16264.51,47194.99,-1598.54,-0.0339,Corporate,Salem,Karnataka
O51210,2025-09-15,C1363,P2066,5.0,0.2,Stationery Product 67,Office Supplies,Stationery,54754.87,39098.68,219019.48,23526.08,0.1074,Consumer,Hyderabad,Tamil Nadu
O51211,2025-03-22,C1370,P2071,4.0,0.1,Paper Product 72,Office Supplies,Paper,79468.95,63440.16,286088.22,32327.58,0.113,Consumer,Salem,Tamil Nadu
O51212,2025-09-25,C1102,P2030,5.0,0.15,Chairs Product 31,Furniture,Chairs,38498.53,28996.9,163618.75,18634.25,0.1139,Consumer,Delhi,Tamil Nadu
O51213,2025-08-23,C1489,P2074,5.0,0.15,Paper Product 75,Office Supplies,Paper,63885.75,44320.26,271514.44,49913.14,0.1838,Home Office,Madurai,Delhi
O51214,2025-11-17,C1124,P2070,4.0,0.05,Phones Product 71,Technology,Phones,79953.27,45246.36,303822.43,122836.99,0.4043,Consumer,Coimbatore,Maharashtra
O51215,2025-11-07,C1312,P2065,2.0,0.25,Binders Product 66,Office Supplies,Binders,20647.93,15864.6,30971.9,-757.3,-0.0245,Consumer,Chennai,Kerala
O51216,2025-10-28,C1463,P2069,5.0,0.2,Binders Product 70,Office Supplies,Binders,31690.99,24240.66,126763.96,5560.66,0.0439,Corporate,Pune,Kerala
O51217,2025-12-23,C1482,P2040,1.0,0.05,Tables Product 41,Furniture,Tables,52504.24,46067.43,49879.03,3811.6,0.0764,Consumer,Delhi,Telangana
O51218,2025-08-01,C1285,P2062,5.0,0.05,Storage Product 63,Furniture,Storage,2688.9,1752.13,12772.28,4011.63,0.3141,Consumer,Mumbai,Maharashtra
O51219,2025-03-03,C1457,P2031,1.0,0.05,Phones Product 32,Technology,Phones,27150.59,16564.55,25793.06,9228.51,0.3578,Consumer,Chennai,Maharashtra
O51220,2025-02-18,C1229,P2019,4.0,0.05,Chairs Product 20,Furniture,Chairs,44904.0,24841.99,170635.2,71267.24,0.4177,Corporate,Coimbatore,Telangana
O51221,2025-05-07,C1145,P2056,5.0,0.15,Phones Product 57,Technology,Phones,10100.77,6325.84,42928.27,11299.07,0.2632,Consumer,Mumbai,Delhi
O51222,2025-08-11,C1369,P2049,4.0,0.1,Accessories Product 50,Technology,Accessories,36467.03,22897.52,131281.31,39691.23,0.3023,Consumer,Pune,Tamil Nadu
O51223,2025-10-06,C1196,P2079,4.0,0.2,Tables Product 80,Furniture,Tables,60819.74,43495.05,194623.17,20642.97,0.1061,Corporate,Pune,Kerala
O51224,2025-10-21,C1372,P2024,2.0,0.15,Storage Product 25,Furniture,Storage,71728.84,53529.53,121939.03,14879.97,0.122,Consumer,Pune,Telangana
O51225,2025-10-11,C1220,P2011,5.0,0.15,Tables Product 12,Furniture,Tables,47986.68,36009.74,203943.39,23894.69,0.1172,Corporate,Mumbai,Telangana
O51226,2025-10-04,C1422,P2070,1.0,0.15,Phones Product 71,Technology,Phones,79953.27,45246.36,67960.28,22713.92,0.3342,Consumer,Mumbai,Tamil Nadu
O51227,2025-04-17,C1059,P2038,1.0,0.0,Binders Product 39,Office Supplies,Binders,69402.41,51424.61,69402.41,17977.8,0.259,Consumer,Coimbatore,Delhi
O51228,2025-05-26,C1097,P2016,5.0,0.1,Laptops Product 17,Technology,Laptops,60637.62,52413.59,272869.29,10801.34,0.0396,Consumer,Kochi,Delhi
O51229,2025-04-09,C1170,P2044,2.0,0.15,Stationery Product 45,Office Supplies,Stationery,33218.58,19028.06,56471.59,18415.47,0.3261,Corporate,Salem,Delhi
O51230,2025-03-14,C1381,P2010,2.0,0.0,Phones Product 11,Technology,Phones,49447.03,40193.38,98894.06,18507.3,0.1871,Corporate,Hyderabad,Delhi
O51231,2025-05-02,C1172,P2069,2.0,0.0,Binders Product 70,Office Supplies,Binders,31690.99,24240.66,63381.98,14900.66,0.2351,Consumer,Bengaluru,Karnataka
O51232,2025-01-30,C1150,P2022,1.0,0.2,Accessories Product 23,Technology,Accessories,16308.47,12700.29,13046.78,346.49,0.0266,Home Office,Hyderabad,Tamil Nadu
O51233,2025-07-07,C1452,P2069,4.0,0.15,Binders Product 70,Office Supplies,Binders,31690.99,24240.66,107749.37,10786.73,0.1001,Consumer,Salem,Karnataka
O51234,2025-12-30,C1349,P2037,2.0,0.05,Paper Product 38,Office Supplies,Paper,27871.02,18741.67,52954.94,15471.6,0.2922,Corporate,Delhi,Maharashtra
O51235,2025-12-20,C1389,P2001,1.0,0.15,Tables Product 2,Furniture,Tables,61893.98,38740.54,52609.88,13869.34,0.2636,Corporate,Delhi,Karnataka
O51236,2025-10-15,C1439,P2078,1.0,0.2,Tables Product 79,Furniture,Tables,6133.72,4595.0,4906.98,311.98,0.0636,Consumer,Chennai,Telangana
O51237,2025-07-14,C1121,P2071,4.0,0.1,Paper Product 72,Office Supplies,Paper,79468.95,63440.16,286088.22,32327.58,0.113,Home Office,Mumbai,Telangana
O51238,2025-06-05,C1493,P2036,5.0,0.0,Tables Product 37,Furniture,Tables,76874.21,52831.76,384371.05,120212.25,0.3128,Consumer,Madurai,Karnataka
O51239,2025-06-21,C1107,P2048,5.0,0.25,Storage Product 49,Furniture,Storage,47196.49,35282.94,176986.84,572.14,0.0032,Corporate,Coimbatore,Karnataka
O51240,2025-12-01,C1003,P2051,2.0,0.1,Chairs Product 52,Furniture,Chairs,34641.74,21896.2,62355.13,18562.73,0.2977,Corporate,Chennai,Tamil Nadu
O51241,2025-02-10,C1092,P2032,2.0,0.05,Stationery Product 33,Office Supplies,Stationery,3779.83,2280.57,7181.68,2620.54,0.3649,Corporate,Pune,Karnataka
O51242,2025-03-04,C1406,P2021,4.0,0.1,Laptops Product 22,Technology,Laptops,6562.71,4469.1,23625.76,5749.36,0.2434,Consumer,Salem,Telangana
O51243,2025-01-23,C1005,P2004,2.0,0.2,Stationery Product 5,Office Supplies,Stationery,22154.95,19379.22,35447.92,-3310.52,-0.0934,Consumer,Hyderabad,Karnataka
O51244,2025-12-26,C1287,P2017,4.0,0.05,Stationery Product 18,Office Supplies,Stationery,38596.4,22564.5,146666.32,56408.32,0.3846,Consumer,Bengaluru,Tamil Nadu
O51245,2025-03-16,C1105,P2037,1.0,0.05,Paper Product 38,Office Supplies,Paper,27871.02,18741.67,26477.47,7735.8,0.2922,Consumer,Pune,Maharashtra
O51246,2025-02-17,C1145,P2036,2.0,0.05,Tables Product 37,Furniture,Tables,76874.21,52831.76,146061.0,40397.48,0.2766,Consumer,Mumbai,Delhi
O51247,2025-06-09,C1270,P2063,1.0,0.3,Binders Product 64,Office Supplies,Binders,58712.04,35437.77,41098.43,5660.66,0.1377,Corporate,Hyderabad,Delhi
O51248,2025-11-09,C1423,P2009,3.0,0.05,Storage Product 10,Furniture,Storage,50209.76,29789.99,143097.82,53727.85,0.3755,Consumer,Delhi,Telangana
O51249,2025-04-28,C1377,P2078,4.0,0.15,Tables Product 79,Furniture,Tables,6133.72,4595.0,20854.65,2474.65,0.1187,Consumer,Coimbatore,Telangana
O51250,2025-04-10,C1095,P2041,3.0,0.25,Laptops Product 42,Technology,Laptops,17089.78,12912.68,38452.0,-286.04,-0.0074,Consumer,Bengaluru,Telangana
O51251,2025-06-16,C1456,P2047,2.0,0.05,Chairs Product 48,Furniture,Chairs,77562.16,49266.25,147368.1,48835.6,0.3314,Consumer,Madurai,Maharashtra
O51252,2025-10-17,C1228,P2043,1.0,0.3,Tables Product 44,Furniture,Tables,14620.74,9187.52,10234.52,1047.0,0.1023,Home Office,Salem,Karnataka
O51253,2025-06-05,C1201,P2015,2.0,0.25,Tables Product 16,Furniture,Tables,38551.13,28836.5,57826.69,153.69,0.0027,Consumer,Kochi,Karnataka
O51254,2025-01-07,C1211,P2053,3.0,0.2,Accessories Product 54,Technology,Accessories,58991.24,45367.54,141578.98,5476.36,0.0387,Corporate,Kochi,Telangana
O51255,2025-07-15,C1005,P2034,2.0,0.05,Stationery Product 35,Office Supplies,Stationery,6797.66,4643.32,12915.55,3628.91,0.281,Consumer,Hyderabad,Karnataka
O51256,2025-02-25,C1111,P2027,5.0,0.15,Storage Product 28,Furniture,Storage,6685.15,5650.89,28411.89,157.44,0.0055,Consumer,Bengaluru,Karnataka
O51257,2025-11-17,C1375,P2001,3.0,0.2,Tables Product 2,Furniture,Tables,61893.98,38740.54,148545.55,32323.93,0.2176,Consumer,Delhi,Kerala
O51258,2025-07-12,C1378,P2012,2.0,0.3,Laptops Product 13,Technology,Laptops,16281.82,11596.34,22794.55,-398.13,-0.0175,Corporate,Mumbai,Maharashtra
O51259,2025-02-16,C1446,P2040,1.0,0.05,Tables Product 41,Furniture,Tables,52504.24,46067.43,49879.03,3811.6,0.0764,Home Office,Madurai,Telangana
O51260,2025-05-28,C1322,P2079,2.0,0.2,Tables Product 80,Furniture,Tables,60819.74,43495.05,97311.58,10321.48,0.1061,Corporate,Pune,Tamil Nadu
O51261,2025-10-02,C1105,P2058,1.0,0.1,Paper Product 59,Office Supplies,Paper,8533.72,6340.06,7680.35,1340.29,0.1745,Consumer,Pune,Maharashtra
O51262,2025-06-06,C1138,P2068,5.0,0.05,Binders Product 69,Office Supplies,Binders,73518.62,55006.72,349213.44,74179.84,0.2124,Consumer,Delhi,Kerala
O51263,2025-07-21,C1298,P2052,2.0,0.1,Chairs Product 53,Furniture,Chairs,20426.46,13656.17,36767.63,9455.29,0.2572,Corporate,Kochi,Maharashtra
O51264,2025-05-06,C1400,P2044,5.0,0.2,Stationery Product 45,Office Supplies,Stationery,33218.58,19028.06,132874.32,37734.02,0.284,Consumer,Delhi,Tamil Nadu
O51265,2025-11-01,C1095,P2019,3.0,0.1,Chairs Product 20,Furniture,Chairs,44904.0,24841.99,121240.8,46714.83,0.3853,Consumer,Bengaluru,Telangana
O51266,2025-10-21,C1387,P2023,1.0,0.15,Binders Product 24,Office Supplies,Binders,13648.36,7977.57,11601.11,3623.54,0.3123,Consumer,Delhi,Maharashtra
O51267,2025-03-05,C1446,P2060,3.0,0.3,Laptops Product 61,Technology,Laptops,51237.86,42856.01,107599.51,-20968.52,-0.1949,Home Office,Madurai,Telangana
O51268,2025-11-21,C1451,P2057,1.0,0.1,Laptops Product 58,Technology,Laptops,10032.16,7014.74,9028.94,2014.2,0.2231,Consumer,Hyderabad,Tamil Nadu
O51269,2025-06-25,C1336,P2026,5.0,0.15,Binders Product 27,Office Supplies,Binders,50136.78,40537.07,213081.32,10395.97,0.0488,Home Office,Madurai,Karnataka
O51270,2025-04-26,C1296,P2025,4.0,0.1,Storage Product 26,Furniture,Storage,43441.32,34057.56,156388.75,20158.51,0.1289,Corporate,Kochi,Karnataka
O51271,2025-07-23,C1466,P2006,2.0,0.1,Laptops Product 7,Technology,Laptops,57279.45,42140.92,103103.01,18821.17,0.1825,Consumer,Chennai,Kerala
O51272,2025-11-17,C1388,P2041,5.0,0.15,Laptops Product 42,Technology,Laptops,17089.78,12912.68,72631.56,8068.16,0.1111,Corporate,Chennai,Tamil Nadu
O51273,2025-01-31,C1415,P2046,1.0,0.25,Chairs Product 47,Furniture,Chairs,53110.92,30880.61,39833.19,8952.58,0.2248,Consumer,Hyderabad,Telangana
O51274,2025-04-23,C1213,P2052,1.0,0.15,Chairs Product 53,Furniture,Chairs,20426.46,13656.17,17362.49,3706.32,0.2135,Consumer,Kochi,Telangana
O51275,2025-12-31,C1453,P2058,1.0,0.2,Paper Product 59,Office Supplies,Paper,8533.72,6340.06,6826.98,486.92,0.0713,Home Office,Salem,Kerala
O51276,2025-11-21,C1290,P2037,1.0,0.0,Paper Product 38,Office Supplies,Paper,27871.02,18741.67,27871.02,9129.35,0.3276,Consumer,Pune,Tamil Nadu
O51277,2025-12-10,C1021,P2068,2.0,0.05,Binders Product 69,Office Supplies,Binders,73518.62,55006.72,139685.38,29671.94,0.2124,Consumer,Chennai,Maharashtra
O51278,2025-03-08,C1192,P2052,3.0,0.1,Chairs Product 53,Furniture,Chairs,20426.46,13656.17,55151.44,14182.93,0.2572,Home Office,Hyderabad,Delhi
O51279,2025-03-16,C1467,P2014,4.0,0.0,Chairs Product 15,Furniture,Chairs,12221.58,8595.65,48886.32,14503.72,0.2967,Home Office,Bengaluru,Delhi
O51280,2025-02-14,C1149,P2025,2.0,0.05,Storage Product 26,Furniture,Storage,43441.32,34057.56,82538.51,14423.39,0.1747,Consumer,Delhi,Karnataka
O51281,2025-09-17,C1367,P2047,1.0,0.1,Chairs Product 48,Furniture,Chairs,77562.16,49266.25,69805.94,20539.69,0.2942,Home Office,Hyderabad,Kerala
O51282,2025-06-03,C1246,P2018,2.0,0.0,Laptops Product 19,Technology,Laptops,45801.09,25468.21,91602.18,40665.76,0.4439,Consumer,Salem,Karnataka
O51283,2025-06-04,C1266,P2008,5.0,0.05,Paper Product 9,Office Supplies,Paper,12546.55,8779.06,59596.11,15700.81,0.2635,Corporate,Delhi,Tamil Nadu
O51284,2025-12-29,C1460,P2063,1.0,0.1,Binders Product 64,Office Supplies,Binders,58712.04,35437.77,52840.84,17403.07,0.3293,Consumer,Pune,Kerala
O51285,2025-08-22,C1250,P2053,4.0,0.15,Accessories Product 54,Technology,Accessories,58991.24,45367.54,200570.22,19100.06,0.0952,Consumer,Chennai,Delhi
O51286,2025-02-20,C1489,P2050,1.0,0.25,Phones Product 51,Technology,Phones,26671.88,18619.55,20003.91,1384.36,0.0692,Home Office,Madurai,Delhi
O51287,2025-11-02,C1002,P2038,4.0,0.15,Binders Product 39,Office Supplies,Binders,69402.41,51424.61,235968.19,30269.75,0.1283,Corporate,Mumbai,Telangana
O51288,2025-09-19,C1392,P2003,4.0,0.1,Chairs Product 4,Furniture,Chairs,72789.1,60628.14,262040.76,19528.2,0.0745,Consumer,Bengaluru,Maharashtra
O51289,2025-11-11,C1315,P2002,3.0,0.25,Accessories Product 3,Technology,Accessories,76083.83,45638.81,171188.62,34272.19,0.2002,Corporate,Mumbai,Maharashtra
O51290,2025-05-05,C1075,P2063,3.0,0.2,Binders Product 64,Office Supplies,Binders,58712.04,35437.77,140908.9,34595.59,0.2455,Corporate,Kochi,Maharashtra
O51291,2025-09-02,C1086,P2028,2.0,0.05,Tables Product 29,Furniture,Tables,62771.45,44486.02,119265.75,30293.71,0.254,Corporate,Bengaluru,Maharashtra
O51292,2025-01-30,C1269,P2010,2.0,0.05,Phones Product 11,Technology,Phones,49447.03,40193.38,93949.36,13562.6,0.1444,Consumer,Coimbatore,Karnataka
O51293,2025-05-02,C1224,P2057,4.0,0.15,Laptops Product 58,Technology,Laptops,10032.16,7014.74,34109.34,6050.38,0.1774,Consumer,Pune,Telangana
O51294,2025-05-05,C1017,P2074,1.0,0.15,Paper Product 75,Office Supplies,Paper,63885.75,44320.26,54302.89,9982.63,0.1838,Consumer,Coimbatore,Karnataka
O51295,2025-02-06,C1112,P2026,5.0,0.2,Binders Product 27,Office Supplies,Binders,50136.78,40537.07,200547.12,-2138.23,-0.0107,Home Office,Mumbai,Delhi
O51296,2025-06-19,C1250,P2020,5.0,0.15,Phones Product 21,Technology,Phones,42879.1,36071.45,182236.18,1878.93,0.0103,Consumer,Chennai,Delhi
O51297,2025-05-04,C1232,P2038,1.0,0.15,Binders Product 39,Office Supplies,Binders,69402.41,51424.61,58992.05,7567.44,0.1283,Consumer,Salem,Karnataka
O51298,2025-12-23,C1328,P2045,1.0,0.3,Tables Product 46,Furniture,Tables,69698.77,48576.61,48789.14,212.53,0.0044,Consumer,Bengaluru,Delhi
O51299,2025-02-04,C1278,P2065,3.0,0.15,Binders Product 66,Office Supplies,Binders,20647.93,15864.6,52652.22,5058.42,0.0961,Corporate,Madurai,Maharashtra
O51300,2025-03-28,C1201,P2035,5.0,0.05,Phones Product 36,Technology,Phones,2743.0,1741.9,13029.25,4319.75,0.3315,Consumer,Kochi,Karnataka
O51301,2025-05-14,C1082,P2074,4.0,0.2,Paper Product 75,Office Supplies,Paper,63885.75,44320.26,204434.4,27153.36,0.1328,Consumer,Salem,Tamil Nadu
O51302,2025-07-15,C1124,P2064,2.0,0.05,Accessories Product 65,Technology,Accessories,53906.39,37542.43,102422.14,27337.28,0.2669,Consumer,Coimbatore,Maharashtra
O51303,2025-10-01,C1174,P2062,3.0,0.2,Storage Product 63,Furniture,Storage,2688.9,1752.13,6453.36,1196.97,0.1855,Corporate,Madurai,Telangana
O51304,2025-07-20,C1068,P2034,5.0,0.25,Stationery Product 35,Office Supplies,Stationery,6797.66,4643.32,25491.22,2274.62,0.0892,Consumer,Coimbatore,Delhi
O51305,2025-10-12,C1046,P2030,1.0,0.15,Chairs Product 31,Furniture,Chairs,38498.53,28996.9,32723.75,3726.85,0.1139,Consumer,Kochi,Kerala
O51306,2025-03-18,C1371,P2027,5.0,0.15,Storage Product 28,Furniture,Storage,6685.15,5650.89,28411.89,157.44,0.0055,Consumer,Salem,Maharashtra
O51307,2025-02-28,C1255,P2000,4.0,0.1,Laptops Product 1,Technology,Laptops,13340.82,10836.58,48026.95,4680.63,0.0975,Consumer,Salem,Telangana
O51308,2025-05-06,C1214,P2024,3.0,0.1,Storage Product 25,Furniture,Storage,71728.84,53529.53,193667.87,33079.28,0.1708,Corporate,Salem,Maharashtra
O51309,2025-04-19,C1029,P2042,1.0,0.1,Storage Product 43,Furniture,Storage,19092.63,15390.19,17183.37,1793.18,0.1044,Consumer,Chennai,Maharashtra
O51310,2025-08-12,C1280,P2066,4.0,0.15,Stationery Product 67,Office Supplies,Stationery,54754.87,39098.68,186166.56,29771.84,0.1599,Home Office,Chennai,Delhi
O51311,2025-10-05,C1411,P2062,2.0,0.2,Storage Product 63,Furniture,Storage,2688.9,1752.13,4302.24,797.98,0.1855,Home Office,Mumbai,Tamil Nadu
O51312,2025-03-09,C1481,P2050,3.0,0.15,Phones Product 51,Technology,Phones,26671.88,18619.55,68013.29,12154.64,0.1787,Corporate,Delhi,Telangana
O51313,2025-03-10,C1236,P2001,4.0,0.05,Tables Product 2,Furniture,Tables,61893.98,38740.54,235197.12,80234.96,0.3411,Consumer,Salem,Maharashtra
O51314,2025-06-14,C1247,P2063,4.0,0.1,Binders Product 64,Office Supplies,Binders,58712.04,35437.77,211363.34,69612.26,0.3293,Home Office,Hyderabad,Telangana
O51315,2025-11-01,C1367,P2073,1.0,0.2,Tables Product 74,Furniture,Tables,74076.28,51453.16,59261.02,7807.86,0.1318,Home Office,Hyderabad,Kerala
O51316,2025-06-11,C1494,P2068,2.0,0.1,Binders Product 69,Office Supplies,Binders,73518.62,55006.72,132333.52,22320.08,0.1687,Consumer,Bengaluru,Karnataka
O51317,2025-12-31,C1024,P2008,4.0,0.15,Paper Product 9,Office Supplies,Paper,12546.55,8779.06,42658.27,7542.03,0.1768,Consumer,Kochi,Maharashtra
O51318,2025-12-08,C1073,P2001,3.0,0.2,Tables Product 2,Furniture,Tables,61893.98,38740.54,148545.55,32323.93,0.2176,Corporate,Chennai,Maharashtra
O51319,2025-11-05,C1205,P2033,4.0,0.15,Accessories Product 34,Technology,Accessories,18507.84,16264.51,62926.66,-2131.38,-0.0339,Consumer,Coimbatore,Maharashtra
O51320,2025-12-09,C1489,P2059,5.0,0.1,Chairs Product 60,Furniture,Chairs,38547.8,29927.33,173465.1,23828.45,0.1374,Home Office,Madurai,Delhi
O51321,2025-02-11,C1493,P2060,3.0,0.25,Laptops Product 61,Technology,Laptops,51237.86,42856.01,115285.19,-13282.84,-0.1152,Consumer,Madurai,Karnataka
O51322,2025-12-20,C1313,P2030,3.0,0.05,Chairs Product 31,Furniture,Chairs,38498.53,28996.9,109720.81,22730.11,0.2072,Home Office,Madurai,Maharashtra
O51323,2025-04-19,C1093,P2009,4.0,0.3,Storage Product 10,Furniture,Storage,50209.76,29789.99,140587.33,21427.37,0.1524,Consumer,Madurai,Delhi
O51324,2025-02-20,C1374,P2075,1.0,0.05,Binders Product 76,Office Supplies,Binders,43695.78,24115.72,41510.99,17395.27,0.4191,Consumer,Delhi,Karnataka
O51325,2025-09-07,C1126,P2035,3.0,0.0,Phones Product 36,Technology,Phones,2743.0,1741.9,8229.0,3003.3,0.365,Corporate,Bengaluru,Telangana
O51326,2025-12-07,C1424,P2048,5.0,0.25,Storage Product 49,Furniture,Storage,47196.49,35282.94,176986.84,572.14,0.0032,Consumer,Salem,Karnataka
O51327,2025-01-21,C1024,P2069,1.0,0.05,Binders Product 70,Office Supplies,Binders,31690.99,24240.66,30106.44,5865.78,0.1948,Consumer,Kochi,Maharashtra
O51328,2025-10-27,C1333,P2048,1.0,0.15,Storage Product 49,Furniture,Storage,47196.49,35282.94,40117.02,4834.08,0.1205,Consumer,Hyderabad,Tamil Nadu
O51329,2025-05-19,C1354,P2002,1.0,0.2,Accessories Product 3,Technology,Accessories,76083.83,45638.81,60867.06,15228.25,0.2502,Consumer,Pune,Delhi
O51330,2025-12-25,C1115,P2073,3.0,0.2,Tables Product 74,Furniture,Tables,74076.28,51453.16,177783.07,23423.59,0.1318,Home Office,Salem,Delhi
O51331,2025-11-20,C1047,P2004,1.0,0.3,Stationery Product 5,Office Supplies,Stationery,22154.95,19379.22,15508.46,-3870.76,-0.2496,Consumer,Delhi,Karnataka
O51332,2025-04-02,C1225,P2060,4.0,0.1,Laptops Product 61,Technology,Laptops,51237.86,42856.01,184456.3,13032.26,0.0707,Consumer,Kochi,Kerala
O51333,2025-10-07,C1265,P2025,1.0,0.15,Storage Product 26,Furniture,Storage,43441.32,34057.56,36925.12,2867.56,0.0777,Corporate,Madurai,Kerala
O51334,2025-05-05,C1098,P2071,5.0,0.05,Paper Product 72,Office Supplies,Paper,79468.95,63440.16,377477.51,60276.71,0.1597,Consumer,Hyderabad,Telangana
O51335,2025-04-21,C1458,P2004,2.0,0.1,Stationery Product 5,Office Supplies,Stationery,22154.95,19379.22,39878.91,1120.47,0.0281,Consumer,Madurai,Delhi
O51336,2025-12-20,C1010,P2014,5.0,0.2,Chairs Product 15,Furniture,Chairs,12221.58,8595.65,48886.32,5908.07,0.1209,Consumer,Kochi,Kerala
O51337,2025-05-19,C1084,P2015,3.0,0.1,Tables Product 16,Furniture,Tables,38551.13,28836.5,104088.05,17578.55,0.1689,Consumer,Coimbatore,Karnataka
O51338,2025-09-30,C1404,P2000,1.0,0.15,Laptops Product 1,Technology,Laptops,13340.82,10836.58,11339.7,503.12,0.0444,Consumer,Mumbai,Tamil Nadu
O51339,2025-04-09,C1213,P2015,1.0,0.1,Tables Product 16,Furniture,Tables,38551.13,28836.5,34696.02,5859.52,0.1689,Consumer,Kochi,Telangana
O51340,2025-09-09,C1172,P2036,4.0,0.15,Tables Product 37,Furniture,Tables,76874.21,52831.76,261372.31,50045.27,0.1915,Consumer,Bengaluru,Karnataka
O51341,2025-12-04,C1390,P2002,1.0,0.3,Accessories Product 3,Technology,Accessories,76083.83,45638.81,53258.68,7619.87,0.1431,Home Office,Mumbai,Maharashtra
O51342,2025-04-14,C1208,P2051,5.0,0.0,Chairs Product 52,Furniture,Chairs,34641.74,21896.2,173208.7,63727.7,0.3679,Consumer,Kochi,Delhi
O51343,2025-08-02,C1447,P2046,3.0,0.15,Chairs Product 47,Furniture,Chairs,53110.92,30880.61,135432.85,42791.02,0.316,Corporate,Chennai,Delhi
O51344,2025-09-06,C1381,P2012,2.0,0.2,Laptops Product 13,Technology,Laptops,16281.82,11596.34,26050.91,2858.23,0.1097,Corporate,Hyderabad,Delhi
O51345,2025-06-01,C1063,P2079,1.0,0.1,Tables Product 80,Furniture,Tables,60819.74,43495.05,54737.77,11242.72,0.2054,Consumer,Delhi,Tamil Nadu
O51346,2025-09-07,C1257,P2054,2.0,0.0,Chairs Product 55,Furniture,Chairs,56519.23,39410.95,113038.46,34216.56,0.3027,Corporate,Hyderabad,Delhi
O51347,2025-10-02,C1331,P2020,1.0,0.15,Phones Product 21,Technology,Phones,42879.1,36071.45,36447.24,375.79,0.0103,Corporate,Pune,Delhi
O51348,2025-06-14,C1120,P2065,3.0,0.1,Binders Product 66,Office Supplies,Binders,20647.93,15864.6,55749.41,8155.61,0.1463,Corporate,Pune,Kerala
O51349,2025-12-07,C1297,P2053,5.0,0.05,Accessories Product 54,Technology,Accessories,58991.24,45367.54,280208.39,53370.69,0.1905,Consumer,Kochi,Maharashtra
O51350,2025-01-08,C1465,P2026,3.0,0.2,Binders Product 27,Office Supplies,Binders,50136.78,40537.07,120328.27,-1282.94,-0.0107,Consumer,Coimbatore,Tamil Nadu
O51351,2025-10-11,C1053,P2037,2.0,0.1,Paper Product 38,Office Supplies,Paper,27871.02,18741.67,50167.84,12684.5,0.2528,Home Office,Chennai,Telangana
O51352,2025-01-05,C1330,P2057,1.0,0.25,Laptops Product 58,Technology,Laptops,10032.16,7014.74,7524.12,509.38,0.0677,Consumer,Bengaluru,Maharashtra
O51353,2025-05-25,C1271,P2061,2.0,0.2,Storage Product 62,Furniture,Storage,41881.88,27770.86,67011.01,11469.29,0.1712,Corporate,Chennai,Tamil Nadu
O51354,2025-04-11,C1240,P2045,5.0,0.15,Tables Product 46,Furniture,Tables,69698.77,48576.61,296219.77,53336.72,0.1801,Home Office,Pune,Karnataka
O51355,2025-06-13,C1242,P2010,3.0,0.0,Phones Product 11,Technology,Phones,49447.03,40193.38,148341.09,27760.95,0.1871,Home Office,Bengaluru,Maharashtra
O51356,2025-05-27,C1017,P2071,2.0,0.1,Paper Product 72,Office Supplies,Paper,79468.95,63440.16,143044.11,16163.79,0.113,Consumer,Coimbatore,Karnataka
O51357,2025-03-05,C1482,P2007,2.0,0.05,Storage Product 8,Furniture,Storage,77465.02,47348.43,147183.54,52486.68,0.3566,Consumer,Delhi,Telangana
O51358,2025-04-01,C1186,P2070,5.0,0.25,Phones Product 71,Technology,Phones,79953.27,45246.36,299824.76,73592.96,0.2455,Corporate,Mumbai,Delhi
O51359,2025-04-27,C1345,P2063,1.0,0.05,Binders Product 64,Office Supplies,Binders,58712.04,35437.77,55776.44,20338.67,0.3646,Corporate,Salem,Tamil Nadu
O51360,2025-12-20,C1143,P2020,2.0,0.1,Phones Product 21,Technology,Phones,42879.1,36071.45,77182.38,5039.48,0.0653,Consumer,Delhi,Telangana
O51361,2025-09-24,C1261,P2071,5.0,0.1,Paper Product 72,Office Supplies,Paper,79468.95,63440.16,357610.28,40409.48,0.113,Home Office,Coimbatore,Tamil Nadu
O51362,2025-11-06,C1440,P2062,1.0,0.05,Storage Product 63,Furniture,Storage,2688.9,1752.13,2554.46,802.33,0.3141,Consumer,Chennai,Tamil Nadu
O51363,2025-06-22,C1363,P2063,1.0,0.05,Binders Product 64,Office Supplies,Binders,58712.04,35437.77,55776.44,20338.67,0.3646,Consumer,Hyderabad,Tamil Nadu
O51364,2025-02-16,C1490,P2019,3.0,0.15,Chairs Product 20,Furniture,Chairs,44904.0,24841.99,114505.2,39979.23,0.3491,Consumer,Pune,Telangana
O51365,2025-05-20,C1430,P2007,5.0,0.0,Storage Product 8,Furniture,Storage,77465.02,47348.43,387325.1,150582.95,0.3888,Consumer,Bengaluru,Kerala
O51366,2025-09-03,C1238,P2057,1.0,0.0,Laptops Product 58,Technology,Laptops,10032.16,7014.74,10032.16,3017.42,0.3008,Corporate,Mumbai,Tamil Nadu
O51367,2025-05-29,C1303,P2045,3.0,0.1,Tables Product 46,Furniture,Tables,69698.77,48576.61,188186.68,42456.85,0.2256,Corporate,Delhi,Delhi
O51368,2025-09-03,C1297,P2030,4.0,0.15,Chairs Product 31,Furniture,Chairs,38498.53,28996.9,130895.0,14907.4,0.1139,Consumer,Kochi,Maharashtra
O51369,2025-01-05,C1075,P2008,5.0,0.15,Paper Product 9,Office Supplies,Paper,12546.55,8779.06,53322.84,9427.54,0.1768,Corporate,Kochi,Maharashtra
O51370,2025-07-03,C1187,P2014,4.0,0.1,Chairs Product 15,Furniture,Chairs,12221.58,8595.65,43997.69,9615.09,0.2185,Consumer,Hyderabad,Telangana
O51371,2025-01-20,C1332,P2025,1.0,0.15,Storage Product 26,Furniture,Storage,43441.32,34057.56,36925.12,2867.56,0.0777,Consumer,Delhi,Tamil Nadu
O51372,2025-02-15,C1387,P2009,5.0,0.1,Storage Product 10,Furniture,Storage,50209.76,29789.99,225943.92,76993.97,0.3408,Consumer,Delhi,Maharashtra
O51373,2025-01-12,C1486,P2028,3.0,0.25,Tables Product 29,Furniture,Tables,62771.45,44486.02,141235.76,7777.7,0.0551,Consumer,Madurai,Maharashtra
O51374,2025-03-11,C1245,P2079,1.0,0.0,Tables Product 80,Furniture,Tables,60819.74,43495.05,60819.74,17324.69,0.2849,Home Office,Delhi,Delhi
O51375,2025-01-17,C1129,P2035,5.0,0.15,Phones Product 36,Technology,Phones,2743.0,1741.9,11657.75,2948.25,0.2529,Consumer,Kochi,Telangana
O51376,2025-05-27,C1473,P2036,5.0,0.25,Tables Product 37,Furniture,Tables,76874.21,52831.76,288278.29,24119.49,0.0837,Home Office,Salem,Karnataka
O51377,2025-06-03,C1314,P2070,4.0,0.2,Phones Product 71,Technology,Phones,79953.27,45246.36,255850.46,74865.02,0.2926,Corporate,Chennai,Delhi
O51378,2025-10-31,C1410,P2022,1.0,0.05,Accessories Product 23,Technology,Accessories,16308.47,12700.29,15493.05,2792.76,0.1803,Consumer,Kochi,Maharashtra
O51379,2025-04-18,C1282,P2040,3.0,0.1,Tables Product 41,Furniture,Tables,52504.24,46067.43,141761.45,3559.16,0.0251,Consumer,Coimbatore,Kerala
O51380,2025-08-24,C1078,P2079,3.0,0.15,Tables Product 80,Furniture,Tables,60819.74,43495.05,155090.34,24605.19,0.1587,Consumer,Bengaluru,Karnataka
O51381,2025-11-04,C1071,P2027,1.0,0.0,Storage Product 28,Furniture,Storage,6685.15,5650.89,6685.15,1034.26,0.1547,Consumer,Kochi,Karnataka
O51382,2025-12-18,C1262,P2047,1.0,0.2,Chairs Product 48,Furniture,Chairs,77562.16,49266.25,62049.73,12783.48,0.206,Consumer,Pune,Maharashtra
O51383,2025-03-11,C1190,P2037,2.0,0.15,Paper Product 38,Office Supplies,Paper,27871.02,18741.67,47380.73,9897.39,0.2089,Consumer,Mumbai,Maharashtra
O51384,2025-07-02,C1366,P2030,4.0,0.15,Chairs Product 31,Furniture,Chairs,38498.53,28996.9,130895.0,14907.4,0.1139,Home Office,Kochi,Karnataka
O51385,2025-09-07,C1374,P2013,1.0,0.05,Phones Product 14,Technology,Phones,26276.26,19570.22,24962.45,5392.23,0.216,Consumer,Delhi,Karnataka
O51386,2025-08-16,C1429,P2072,1.0,0.15,Accessories Product 73,Technology,Accessories,59154.4,49684.38,50281.24,596.86,0.0119,Consumer,Chennai,Karnataka
O51387,2025-04-12,C1062,P2076,2.0,0.15,Phones Product 77,Technology,Phones,31874.96,24846.67,54187.43,4494.09,0.0829,Corporate,Delhi,Maharashtra
O51388,2025-03-16,C1487,P2028,2.0,0.2,Tables Product 29,Furniture,Tables,62771.45,44486.02,100434.32,11462.28,0.1141,Consumer,Madurai,Telangana
O51389,2025-08-04,C1379,P2050,5.0,0.0,Phones Product 51,Technology,Phones,26671.88,18619.55,133359.4,40261.65,0.3019,Consumer,Chennai,Karnataka
O51390,2025-07-22,C1011,P2048,3.0,0.0,Storage Product 49,Furniture,Storage,47196.49,35282.94,141589.47,35740.65,0.2524,Home Office,Mumbai,Kerala
O51391,2025-07-11,C1140,P2042,4.0,0.1,Storage Product 43,Furniture,Storage,19092.63,15390.19,68733.47,7172.71,0.1044,Home Office,Chennai,Telangana
O51392,2025-09-06,C1253,P2071,5.0,0.05,Paper Product 72,Office Supplies,Paper,79468.95,63440.16,377477.51,60276.71,0.1597,Consumer,Chennai,Maharashtra
O51393,2025-08-30,C1042,P2004,1.0,0.15,Stationery Product 5,Office Supplies,Stationery,22154.95,19379.22,18831.71,-547.51,-0.0291,Consumer,Kochi,Karnataka
O51394,2025-06-28,C1016,P2041,2.0,0.25,Laptops Product 42,Technology,Laptops,17089.78,12912.68,25634.67,-190.69,-0.0074,Consumer,Kochi,Karnataka
O51395,2025-08-07,C1062,P2006,3.0,0.1,Laptops Product 7,Technology,Laptops,57279.45,42140.92,154654.51,28231.75,0.1825,Corporate,Delhi,Maharashtra
O51396,2025-03-23,C1252,P2041,5.0,0.2,Laptops Product 42,Technology,Laptops,17089.78,12912.68,68359.12,3795.72,0.0555,Home Office,Chennai,Maharashtra
O51397,2025-04-02,C1464,P2035,3.0,0.0,Phones Product 36,Technology,Phones,2743.0,1741.9,8229.0,3003.3,0.365,Home Office,Bengaluru,Telangana
O51398,2025-06-24,C1375,P2026,2.0,0.05,Binders Product 27,Office Supplies,Binders,50136.78,40537.07,95259.88,14185.74,0.1489,Consumer,Delhi,Kerala
O51399,2025-08-27,C1291,P2057,5.0,0.0,Laptops Product 58,Technology,Laptops,10032.16,7014.74,50160.8,15087.1,0.3008,Consumer,Salem,Tamil Nadu
O51400,2025-09-17,C1468,P2045,5.0,0.1,Tables Product 46,Furniture,Tables,69698.77,48576.61,313644.47,70761.42,0.2256,Consumer,Coimbatore,Tamil Nadu
O51401,2025-12-31,C1007,P2065,3.0,0.25,Binders Product 66,Office Supplies,Binders,20647.93,15864.6,46457.84,-1135.96,-0.0245,Home Office,Salem,Delhi
O51402,2025-06-12,C1324,P2024,2.0,0.0,Storage Product 25,Furniture,Storage,71728.84,53529.53,143457.68,36398.62,0.2537,Home Office,Madurai,Tamil Nadu
O51403,2025-02-17,C1089,P2072,1.0,0.15,Accessories Product 73,Technology,Accessories,59154.4,49684.38,50281.24,596.86,0.0119,Consumer,Mumbai,Karnataka
O51404,2025-11-25,C1207,P2026,5.0,0.1,Binders Product 27,Office Supplies,Binders,50136.78,40537.07,225615.51,22930.16,0.1016,Corporate,Salem,Karnataka
O51405,2025-11-24,C1291,P2000,1.0,0.25,Laptops Product 1,Technology,Laptops,13340.82,10836.58,10005.62,-830.96,-0.083,Consumer,Salem,Tamil Nadu
O51406,2025-04-26,C1283,P2073,2.0,0.05,Tables Product 74,Furniture,Tables,74076.28,51453.16,140744.93,37838.61,0.2688,Consumer,Kochi,Karnataka
O51407,2025-12-03,C1117,P2041,5.0,0.05,Laptops Product 42,Technology,Laptops,17089.78,12912.68,81176.45,16613.05,0.2047,Consumer,Hyderabad,Tamil Nadu
O51408,2025-12-03,C1348,P2051,5.0,0.0,Chairs Product 52,Furniture,Chairs,34641.74,21896.2,173208.7,63727.7,0.3679,Consumer,Kochi,Delhi
O51409,2025-08-13,C1174,P2024,1.0,0.1,Storage Product 25,Furniture,Storage,71728.84,53529.53,64555.96,11026.43,0.1708,Corporate,Madurai,Telangana
O51410,2025-12-18,C1075,P2053,4.0,0.05,Accessories Product 54,Technology,Accessories,58991.24,45367.54,224166.71,42696.55,0.1905,Corporate,Kochi,Maharashtra
O51411,2025-11-24,C1100,P2066,1.0,0.2,Stationery Product 67,Office Supplies,Stationery,54754.87,39098.68,43803.9,4705.22,0.1074,Consumer,Pune,Kerala
O51412,2025-05-27,C1413,P2005,1.0,0.15,Tables Product 6,Furniture,Tables,18627.38,11555.02,15833.27,4278.25,0.2702,Consumer,Mumbai,Karnataka
O51413,2025-03-04,C1150,P2057,4.0,0.15,Laptops Product 58,Technology,Laptops,10032.16,7014.74,34109.34,6050.38,0.1774,Home Office,Hyderabad,Tamil Nadu
O51414,2025-10-21,C1399,P2069,2.0,0.15,Binders Product 70,Office Supplies,Binders,31690.99,24240.66,53874.68,5393.36,0.1001,Corporate,Kochi,Maharashtra
O51415,2025-11-19,C1269,P2052,2.0,0.0,Chairs Product 53,Furniture,Chairs,20426.46,13656.17,40852.92,13540.58,0.3314,Consumer,Coimbatore,Karnataka
O51416,2025-11-21,C1457,P2065,5.0,0.1,Binders Product 66,Office Supplies,Binders,20647.93,15864.6,92915.68,13592.68,0.1463,Consumer,Chennai,Maharashtra
O51417,2025-01-13,C1070,P2057,3.0,0.3,Laptops Product 58,Technology,Laptops,10032.16,7014.74,21067.54,23.32,0.0011,Corporate,Salem,Karnataka
O51418,2025-07-08,C1492,P2001,3.0,0.2,Tables Product 2,Furniture,Tables,61893.98,38740.54,148545.55,32323.93,0.2176,Consumer,Mumbai,Karnataka
O51419,2025-10-14,C1179,P2075,5.0,0.25,Binders Product 76,Office Supplies,Binders,43695.78,24115.72,163859.17,43280.57,0.2641,Consumer,Chennai,Tamil Nadu
O51420,2025-07-27,C1123,P2021,3.0,0.2,Laptops Product 22,Technology,Laptops,6562.71,4469.1,15750.5,2343.2,0.1488,Consumer,Bengaluru,Maharashtra
O51421,2025-04-24,C1380,P2036,1.0,0.05,Tables Product 37,Furniture,Tables,76874.21,52831.76,73030.5,20198.74,0.2766,Consumer,Pune,Karnataka
O51422,2025-01-22,C1292,P2019,1.0,0.05,Chairs Product 20,Furniture,Chairs,44904.0,24841.99,42658.8,17816.81,0.4177,Corporate,Pune,Tamil Nadu
O51423,2025-12-15,C1284,P2023,4.0,0.0,Binders Product 24,Office Supplies,Binders,13648.36,7977.57,54593.44,22683.16,0.4155,Consumer,Pune,Delhi
O51424,2025-08-02,C1194,P2064,4.0,0.1,Accessories Product 65,Technology,Accessories,53906.39,37542.43,194063.0,43893.28,0.2262,Consumer,Coimbatore,Karnataka
O51425,2025-06-20,C1398,P2064,5.0,0.05,Accessories Product 65,Technology,Accessories,53906.39,37542.43,256055.35,68343.2,0.2669,Corporate,Kochi,Maharashtra
O51426,2025-11-19,C1227,P2000,5.0,0.1,Laptops Product 1,Technology,Laptops,13340.82,10836.58,60033.69,5850.79,0.0975,Consumer,Pune,Maharashtra
O51427,2025-02-23,C1430,P2002,5.0,0.15,Accessories Product 3,Technology,Accessories,76083.83,45638.81,323356.28,95162.23,0.2943,Consumer,Bengaluru,Kerala
O51428,2025-10-25,C1429,P2045,1.0,0.2,Tables Product 46,Furniture,Tables,69698.77,48576.61,55759.02,7182.41,0.1288,Consumer,Chennai,Karnataka
O51429,2025-11-16,C1435,P2054,3.0,0.15,Chairs Product 55,Furniture,Chairs,56519.23,39410.95,144124.04,25891.19,0.1796,Corporate,Hyderabad,Kerala
O51430,2025-05-06,C1274,P2074,5.0,0.25,Paper Product 75,Office Supplies,Paper,63885.75,44320.26,239571.56,17970.26,0.075,Consumer,Chennai,Tamil Nadu
O51431,2025-10-04,C1460,P2063,5.0,0.0,Binders Product 64,Office Supplies,Binders,58712.04,35437.77,293560.2,116371.35,0.3964,Consumer,Pune,Kerala
O51432,2025-07-23,C1105,P2044,1.0,0.0,Stationery Product 45,Office Supplies,Stationery,33218.58,19028.06,33218.58,14190.52,0.4272,Consumer,Pune,Maharashtra
O51433,2025-07-13,C1020,P2025,1.0,0.15,Storage Product 26,Furniture,Storage,43441.32,34057.56,36925.12,2867.56,0.0777,Corporate,Salem,Telangana
O51434,2025-06-18,C1063,P2076,1.0,0.1,Phones Product 77,Technology,Phones,31874.96,24846.67,28687.46,3840.79,0.1339,Consumer,Delhi,Tamil Nadu
O51435,2025-06-01,C1164,P2064,3.0,0.05,Accessories Product 65,Technology,Accessories,53906.39,37542.43,153633.21,41005.92,0.2669,Consumer,Bengaluru,Telangana
O51436,2025-02-04,C1026,P2023,5.0,0.1,Binders Product 24,Office Supplies,Binders,13648.36,7977.57,61417.62,21529.77,0.3505,Consumer,Mumbai,Karnataka
O51437,2025-07-03,C1310,P2073,2.0,0.05,Tables Product 74,Furniture,Tables,74076.28,51453.16,140744.93,37838.61,0.2688,Consumer,Bengaluru,Kerala
O51438,2025-10-13,C1499,P2034,2.0,0.1,Stationery Product 35,Office Supplies,Stationery,6797.66,4643.32,12235.79,2949.15,0.241,Home Office,Mumbai,Tamil Nadu
O51439,2025-02-26,C1284,P2023,5.0,0.1,Binders Product 24,Office Supplies,Binders,13648.36,7977.57,61417.62,21529.77,0.3505,Consumer,Pune,Delhi
O51440,2025-08-10,C1147,P2027,5.0,0.1,Storage Product 28,Furniture,Storage,6685.15,5650.89,30083.18,1828.73,0.0608,Consumer,Pune,Maharashtra
O51441,2025-10-30,C1280,P2079,5.0,0.15,Tables Product 80,Furniture,Tables,60819.74,43495.05,258483.9,41008.65,0.1587,Home Office,Chennai,Delhi
O51442,2025-06-12,C1325,P2015,5.0,0.1,Tables Product 16,Furniture,Tables,38551.13,28836.5,173480.08,29297.58,0.1689,Corporate,Bengaluru,Tamil Nadu
O51443,2025-01-19,C1318,P2058,3.0,0.05,Paper Product 59,Office Supplies,Paper,8533.72,6340.06,24321.1,5300.92,0.218,Consumer,Madurai,Delhi
O51444,2025-09-21,C1163,P2053,2.0,0.05,Accessories Product 54,Technology,Accessories,58991.24,45367.54,112083.36,21348.28,0.1905,Consumer,Pune,Telangana
O51445,2025-10-09,C1385,P2078,4.0,0.1,Tables Product 79,Furniture,Tables,6133.72,4595.0,22081.39,3701.39,0.1676,Corporate,Kochi,Kerala
O51446,2025-04-23,C1405,P2015,2.0,0.15,Tables Product 16,Furniture,Tables,38551.13,28836.5,65536.92,7863.92,0.12,Home Office,Chennai,Telangana
O51447,2025-11-23,C1223,P2014,2.0,0.2,Chairs Product 15,Furniture,Chairs,12221.58,8595.65,19554.53,2363.23,0.1209,Consumer,Bengaluru,Delhi
O51448,2025-01-30,C1271,P2010,1.0,0.15,Phones Product 11,Technology,Phones,49447.03,40193.38,42029.98,1836.6,0.0437,Corporate,Chennai,Tamil Nadu
O51449,2025-05-15,C1145,P2064,5.0,0.05,Accessories Product 65,Technology,Accessories,53906.39,37542.43,256055.35,68343.2,0.2669,Consumer,Mumbai,Delhi
O51450,2025-03-08,C1452,P2078,5.0,0.15,Tables Product 79,Furniture,Tables,6133.72,4595.0,26068.31,3093.31,0.1187,Consumer,Salem,Karnataka
O51451,2025-03-06,C1437,P2067,5.0,0.15,Storage Product 68,Furniture,Storage,45777.6,25636.72,194554.8,66371.2,0.3411,Corporate,Kochi,Maharashtra
O51452,2025-10-19,C1355,P2042,1.0,0.1,Storage Product 43,Furniture,Storage,19092.63,15390.19,17183.37,1793.18,0.1044,Corporate,Hyderabad,Maharashtra
O51453,2025-01-25,C1029,P2068,3.0,0.15,Binders Product 69,Office Supplies,Binders,73518.62,55006.72,187472.48,22452.32,0.1198,Consumer,Chennai,Maharashtra
O51454,2025-02-06,C1044,P2012,3.0,0.1,Laptops Product 13,Technology,Laptops,16281.82,11596.34,43960.91,9171.89,0.2086,Consumer,Kochi,Kerala
O51455,2025-01-01,C1274,P2009,4.0,0.15,Storage Product 10,Furniture,Storage,50209.76,29789.99,170713.18,51553.22,0.302,Consumer,Chennai,Tamil Nadu
O51456,2025-02-06,C1470,P2074,3.0,0.15,Paper Product 75,Office Supplies,Paper,63885.75,44320.26,162908.66,29947.88,0.1838,Consumer,Salem,Delhi
O51457,2025-05-21,C1033,P2040,3.0,0.05,Tables Product 41,Furniture,Tables,52504.24,46067.43,149637.08,11434.79,0.0764,Home Office,Chennai,Karnataka
O51458,2025-08-20,C1140,P2049,5.0,0.15,Accessories Product 50,Technology,Accessories,36467.03,22897.52,154984.88,40497.28,0.2613,Home Office,Chennai,Telangana
O51459,2025-05-16,C1426,P2070,2.0,0.05,Phones Product 71,Technology,Phones,79953.27,45246.36,151911.21,61418.49,0.4043,Consumer,Madurai,Telangana
O51460,2025-07-07,C1317,P2058,3.0,0.0,Paper Product 59,Office Supplies,Paper,8533.72,6340.06,25601.16,6580.98,0.2571,Consumer,Chennai,Maharashtra
O51461,2025-05-08,C1373,P2038,3.0,0.3,Binders Product 39,Office Supplies,Binders,69402.41,51424.61,145745.06,-8528.77,-0.0585,Corporate,Madurai,Telangana
O51462,2025-07-20,C1220,P2002,1.0,0.25,Accessories Product 3,Technology,Accessories,76083.83,45638.81,57062.87,11424.06,0.2002,Corporate,Mumbai,Telangana
O51463,2025-05-07,C1355,P2075,4.0,0.0,Binders Product 76,Office Supplies,Binders,43695.78,24115.72,174783.12,78320.24,0.4481,Corporate,Hyderabad,Maharashtra
O51464,2025-09-14,C1021,P2006,1.0,0.1,Laptops Product 7,Technology,Laptops,57279.45,42140.92,51551.5,9410.58,0.1825,Consumer,Chennai,Maharashtra
O51465,2025-06-13,C1179,P2048,5.0,0.05,Storage Product 49,Furniture,Storage,47196.49,35282.94,224183.33,47768.63,0.2131,Consumer,Chennai,Tamil Nadu
O51466,2025-02-04,C1435,P2025,2.0,0.1,Storage Product 26,Furniture,Storage,43441.32,34057.56,78194.38,10079.26,0.1289,Corporate,Hyderabad,Kerala
O51467,2025-07-13,C1366,P2032,4.0,0.2,Stationery Product 33,Office Supplies,Stationery,3779.83,2280.57,12095.46,2973.18,0.2458,Home Office,Kochi,Karnataka
O51468,2025-07-10,C1419,P2047,1.0,0.25,Chairs Product 48,Furniture,Chairs,77562.16,49266.25,58171.62,8905.37,0.1531,Corporate,Mumbai,Telangana
O51469,2025-04-14,C1328,P2078,3.0,0.15,Tables Product 79,Furniture,Tables,6133.72,4595.0,15640.99,1855.99,0.1187,Consumer,Bengaluru,Delhi
O51470,2025-01-23,C1230,P2001,3.0,0.1,Tables Product 2,Furniture,Tables,61893.98,38740.54,167113.75,50892.13,0.3045,Corporate,Hyderabad,Maharashtra
O51471,2025-09-22,C1498,P2070,4.0,0.15,Phones Product 71,Technology,Phones,79953.27,45246.36,271841.12,90855.68,0.3342,Home Office,Salem,Kerala
O51472,2025-10-17,C1402,P2031,3.0,0.1,Phones Product 32,Technology,Phones,27150.59,16564.55,73306.59,23612.94,0.3221,Consumer,Salem,Telangana
O51473,2025-09-17,C1037,P2003,1.0,0.25,Chairs Product 4,Furniture,Chairs,72789.1,60628.14,54591.82,-6036.32,-0.1106,Consumer,Chennai,Maharashtra
O51474,2025-12-24,C1069,P2019,1.0,0.2,Chairs Product 20,Furniture,Chairs,44904.0,24841.99,35923.2,11081.21,0.3085,Home Office,Chennai,Kerala
O51475,2025-03-16,C1115,P2035,3.0,0.15,Phones Product 36,Technology,Phones,2743.0,1741.9,6994.65,1768.95,0.2529,Home Office,Salem,Delhi
O51476,2025-12-21,C1238,P2031,3.0,0.1,Phones Product 32,Technology,Phones,27150.59,16564.55,73306.59,23612.94,0.3221,Corporate,Mumbai,Tamil Nadu
O51477,2025-03-13,C1334,P2027,5.0,0.1,Storage Product 28,Furniture,Storage,6685.15,5650.89,30083.18,1828.73,0.0608,Consumer,Chennai,Telangana
O51478,2025-09-16,C1440,P2076,2.0,0.0,Phones Product 77,Technology,Phones,31874.96,24846.67,63749.92,14056.58,0.2205,Consumer,Chennai,Tamil Nadu
O51479,2025-07-07,C1147,P2000,4.0,0.2,Laptops Product 1,Technology,Laptops,13340.82,10836.58,42690.62,-655.7,-0.0154,Consumer,Pune,Maharashtra
O51480,2025-06-22,C1008,P2059,1.0,0.1,Chairs Product 60,Furniture,Chairs,38547.8,29927.33,34693.02,4765.69,0.1374,Corporate,Coimbatore,Delhi
O51481,2025-10-17,C1287,P2055,4.0,0.1,Binders Product 56,Office Supplies,Binders,16705.54,9805.04,60139.94,20919.78,0.3479,Consumer,Bengaluru,Tamil Nadu
O51482,2025-02-14,C1387,P2034,5.0,0.1,Stationery Product 35,Office Supplies,Stationery,6797.66,4643.32,30589.47,7372.87,0.241,Consumer,Delhi,Maharashtra
O51483,2025-03-02,C1049,P2029,1.0,0.2,Phones Product 30,Technology,Phones,35257.0,27824.57,28205.6,381.03,0.0135,Consumer,Bengaluru,Kerala
O51484,2025-03-24,C1337,P2053,5.0,0.05,Accessories Product 54,Technology,Accessories,58991.24,45367.54,280208.39,53370.69,0.1905,Corporate,Hyderabad,Tamil Nadu
O51485,2025-05-03,C1004,P2035,5.0,0.2,Phones Product 36,Technology,Phones,2743.0,1741.9,10972.0,2262.5,0.2062,Consumer,Kochi,Kerala
O51486,2025-12-24,C1403,P2054,3.0,0.25,Chairs Product 55,Furniture,Chairs,56519.23,39410.95,127168.27,8935.42,0.0703,Corporate,Madurai,Kerala
O51487,2025-01-16,C1342,P2079,4.0,0.25,Tables Product 80,Furniture,Tables,60819.74,43495.05,182459.22,8479.02,0.0465,Consumer,Madurai,Karnataka
O51488,2025-03-07,C1125,P2057,4.0,0.1,Laptops Product 58,Technology,Laptops,10032.16,7014.74,36115.78,8056.82,0.2231,Consumer,Delhi,Telangana
O51489,2025-05-25,C1074,P2064,3.0,0.05,Accessories Product 65,Technology,Accessories,53906.39,37542.43,153633.21,41005.92,0.2669,Corporate,Madurai,Karnataka
O51490,2025-06-11,C1164,P2068,4.0,0.1,Binders Product 69,Office Supplies,Binders,73518.62,55006.72,264667.03,44640.15,0.1687,Consumer,Bengaluru,Telangana
O51491,2025-08-22,C1277,P2050,3.0,0.1,Phones Product 51,Technology,Phones,26671.88,18619.55,72014.08,16155.43,0.2243,Corporate,Salem,Telangana
O51492,2025-05-24,C1441,P2021,1.0,0.05,Laptops Product 22,Technology,Laptops,6562.71,4469.1,6234.57,1765.47,0.2832,Home Office,Salem,Tamil Nadu
O51493,2025-12-24,C1323,P2052,5.0,0.15,Chairs Product 53,Furniture,Chairs,20426.46,13656.17,86812.45,18531.6,0.2135,Consumer,Bengaluru,Karnataka
O51494,2025-07-07,C1476,P2035,5.0,0.1,Phones Product 36,Technology,Phones,2743.0,1741.9,12343.5,3634.0,0.2944,Consumer,Chennai,Karnataka
O51495,2025-11-18,C1299,P2067,4.0,0.2,Storage Product 68,Furniture,Storage,45777.6,25636.72,146488.32,43941.44,0.3,Consumer,Bengaluru,Maharashtra
O51496,2025-01-13,C1289,P2035,2.0,0.0,Phones Product 36,Technology,Phones,2743.0,1741.9,5486.0,2002.2,0.365,Corporate,Chennai,Delhi
O51497,2025-07-03,C1076,P2051,5.0,0.15,Chairs Product 52,Furniture,Chairs,34641.74,21896.2,147227.39,37746.39,0.2564,Corporate,Kochi,Telangana
O51498,2025-04-21,C1297,P2052,3.0,0.2,Chairs Product 53,Furniture,Chairs,20426.46,13656.17,49023.5,8054.99,0.1643,Consumer,Kochi,Maharashtra
O51499,2025-10-17,C1136,P2049,2.0,0.2,Accessories Product 50,Technology,Accessories,36467.03,22897.52,58347.25,12552.21,0.2151,Consumer,Kochi,Tamil Nadu
O51500,2025-10-22,C1105,P2079,2.0,0.2,Tables Product 80,Furniture,Tables,60819.74,43495.05,97311.58,10321.48,0.1061,Consumer,Pune,Maharashtra
O51501,2025-08-03,C1094,P2040,5.0,0.15,Tables Product 41,Furniture,Tables,52504.24,46067.43,223143.02,-7194.13,-0.0322,Corporate,Delhi,Maharashtra
O51502,2025-04-30,C1134,P2017,5.0,0.25,Stationery Product 18,Office Supplies,Stationery,38596.4,22564.5,144736.5,31914.0,0.2205,Home Office,Salem,Delhi
O51503,2025-02-24,C1067,P2021,5.0,0.1,Laptops Product 22,Technology,Laptops,6562.71,4469.1,29532.2,7186.7,0.2434,Corporate,Bengaluru,Telangana
O51504,2025-01-27,C1146,P2065,3.0,0.1,Binders Product 66,Office Supplies,Binders,20647.93,15864.6,55749.41,8155.61,0.1463,Corporate,Salem,Telangana
O51505,2025-04-28,C1489,P2020,2.0,0.0,Phones Product 21,Technology,Phones,42879.1,36071.45,85758.2,13615.3,0.1588,Home Office,Madurai,Delhi
O51506,2025-08-09,C1477,P2043,4.0,0.0,Tables Product 44,Furniture,Tables,14620.74,9187.52,58482.96,21732.88,0.3716,Consumer,Pune,Delhi
O51507,2025-08-19,C1158,P2046,3.0,0.05,Chairs Product 47,Furniture,Chairs,53110.92,30880.61,151366.12,58724.29,0.388,Consumer,Delhi,Tamil Nadu
O51508,2025-02-22,C1383,P2038,1.0,0.05,Binders Product 39,Office Supplies,Binders,69402.41,51424.61,65932.29,14507.68,0.22,Home Office,Kochi,Kerala
O51509,2025-10-22,C1162,P2028,5.0,0.05,Tables Product 29,Furniture,Tables,62771.45,44486.02,298164.39,75734.29,0.254,Corporate,Delhi,Tamil Nadu
O51510,2025-11-17,C1440,P2053,2.0,0.05,Accessories Product 54,Technology,Accessories,58991.24,45367.54,112083.36,21348.28,0.1905,Consumer,Chennai,Tamil Nadu
O51511,2025-08-21,C1340,P2016,3.0,0.0,Laptops Product 17,Technology,Laptops,60637.62,52413.59,181912.86,24672.09,0.1356,Consumer,Chennai,Karnataka
O51512,2025-06-07,C1188,P2079,1.0,0.25,Tables Product 80,Furniture,Tables,60819.74,43495.05,45614.8,2119.75,0.0465,Consumer,Delhi,Maharashtra
O51513,2025-09-26,C1414,P2059,3.0,0.0,Chairs Product 60,Furniture,Chairs,38547.8,29927.33,115643.4,25861.41,0.2236,Corporate,Delhi,Kerala
O51514,2025-01-21,C1338,P2030,3.0,0.15,Chairs Product 31,Furniture,Chairs,38498.53,28996.9,98171.25,11180.55,0.1139,Consumer,Salem,Maharashtra
O51515,2025-02-22,C1094,P2072,4.0,0.05,Accessories Product 73,Technology,Accessories,59154.4,49684.38,224786.72,26049.2,0.1159,Corporate,Delhi,Maharashtra
O51516,2025-10-02,C1180,P2077,4.0,0.25,Laptops Product 78,Technology,Laptops,47839.89,34926.79,143519.67,3812.51,0.0266,Consumer,Madurai,Maharashtra
O51517,2025-11-09,C1287,P2048,3.0,0.25,Storage Product 49,Furniture,Storage,47196.49,35282.94,106192.1,343.28,0.0032,Consumer,Bengaluru,Tamil Nadu
O51518,2025-10-08,C1321,P2001,1.0,0.15,Tables Product 2,Furniture,Tables,61893.98,38740.54,52609.88,13869.34,0.2636,Corporate,Pune,Karnataka
O51519,2025-08-02,C1186,P2047,2.0,0.15,Chairs Product 48,Furniture,Chairs,77562.16,49266.25,131855.67,33323.17,0.2527,Corporate,Mumbai,Delhi
O51520,2025-01-31,C1371,P2013,2.0,0.0,Phones Product 14,Technology,Phones,26276.26,19570.22,52552.52,13412.08,0.2552,Consumer,Salem,Maharashtra
O51521,2025-12-03,C1137,P2058,5.0,0.3,Paper Product 59,Office Supplies,Paper,8533.72,6340.06,29868.02,-1832.28,-0.0613,Corporate,Mumbai,Karnataka
O51522,2025-07-02,C1129,P2057,5.0,0.2,Laptops Product 58,Technology,Laptops,10032.16,7014.74,40128.64,5054.94,0.126,Consumer,Kochi,Telangana
O51523,2025-01-23,C1193,P2057,2.0,0.25,Laptops Product 58,Technology,Laptops,10032.16,7014.74,15048.24,1018.76,0.0677,Corporate,Salem,Tamil Nadu
O51524,2025-02-01,C1315,P2050,3.0,0.15,Phones Product 51,Technology,Phones,26671.88,18619.55,68013.29,12154.64,0.1787,Corporate,Mumbai,Maharashtra
O51525,2025-03-15,C1471,P2001,3.0,0.1,Tables Product 2,Furniture,Tables,61893.98,38740.54,167113.75,50892.13,0.3045,Home Office,Chennai,Tamil Nadu
O51526,2025-01-10,C1272,P2040,4.0,0.25,Tables Product 41,Furniture,Tables,52504.24,46067.43,157512.72,-26757.0,-0.1699,Home Office,Kochi,Kerala
O51527,2025-02-23,C1351,P2015,4.0,0.1,Tables Product 16,Furniture,Tables,38551.13,28836.5,138784.07,23438.07,0.1689,Home Office,Salem,Tamil Nadu
O51528,2025-02-21,C1143,P2003,5.0,0.15,Chairs Product 4,Furniture,Chairs,72789.1,60628.14,309353.68,6212.98,0.0201,Consumer,Delhi,Telangana
O51529,2025-05-28,C1015,P2011,2.0,0.0,Tables Product 12,Furniture,Tables,47986.68,36009.74,95973.36,23953.88,0.2496,Consumer,Coimbatore,Delhi
O51530,2025-06-09,C1301,P2028,3.0,0.25,Tables Product 29,Furniture,Tables,62771.45,44486.02,141235.76,7777.7,0.0551,Consumer,Hyderabad,Kerala
O51531,2025-01-14,C1422,P2006,2.0,0.05,Laptops Product 7,Technology,Laptops,57279.45,42140.92,108830.95,24549.11,0.2256,Consumer,Mumbai,Tamil Nadu
O51532,2025-06-27,C1244,P2013,1.0,0.05,Phones Product 14,Technology,Phones,26276.26,19570.22,24962.45,5392.23,0.216,Consumer,Salem,Kerala
O51533,2025-02-22,C1414,P2011,2.0,0.15,Tables Product 12,Furniture,Tables,47986.68,36009.74,81577.36,9557.88,0.1172,Corporate,Delhi,Kerala
O51534,2025-12-01,C1106,P2004,1.0,0.2,Stationery Product 5,Office Supplies,Stationery,22154.95,19379.22,17723.96,-1655.26,-0.0934,Consumer,Kochi,Tamil Nadu
O51535,2025-01-22,C1087,P2031,4.0,0.15,Phones Product 32,Technology,Phones,27150.59,16564.55,92312.01,26053.81,0.2822,Corporate,Coimbatore,Tamil Nadu
O51536,2025-01-30,C1128,P2073,4.0,0.05,Tables Product 74,Furniture,Tables,74076.28,51453.16,281489.86,75677.22,0.2688,Consumer,Kochi,Tamil Nadu
O51537,2025-07-10,C1394,P2042,5.0,0.0,Storage Product 43,Furniture,Storage,19092.63,15390.19,95463.15,18512.2,0.1939,Consumer,Mumbai,Karnataka
O51538,2025-09-17,C1374,P2068,2.0,0.2,Binders Product 69,Office Supplies,Binders,73518.62,55006.72,117629.79,7616.35,0.0647,Consumer,Delhi,Karnataka
O51539,2025-07-24,C1340,P2044,2.0,0.3,Stationery Product 45,Office Supplies,Stationery,33218.58,19028.06,46506.01,8449.89,0.1817,Consumer,Chennai,Karnataka
O51540,2025-02-28,C1003,P2008,1.0,0.2,Paper Product 9,Office Supplies,Paper,12546.55,8779.06,10037.24,1258.18,0.1254,Corporate,Chennai,Tamil Nadu
O51541,2025-09-21,C1326,P2048,4.0,0.1,Storage Product 49,Furniture,Storage,47196.49,35282.94,169907.36,28775.6,0.1694,Consumer,Salem,Karnataka
O51542,2025-01-12,C1409,P2032,1.0,0.25,Stationery Product 33,Office Supplies,Stationery,3779.83,2280.57,2834.87,554.3,0.1955,Consumer,Pune,Telangana
O51543,2025-04-29,C1366,P2017,4.0,0.1,Stationery Product 18,Office Supplies,Stationery,38596.4,22564.5,138947.04,48689.04,0.3504,Home Office,Kochi,Karnataka
O51544,2025-10-17,C1305,P2008,1.0,0.1,Paper Product 9,Office Supplies,Paper,12546.55,8779.06,11291.9,2512.84,0.2225,Home Office,Coimbatore,Delhi
O51545,2025-12-04,C1395,P2061,4.0,0.1,Storage Product 62,Furniture,Storage,41881.88,27770.86,150774.77,39691.33,0.2632,Home Office,Salem,Telangana
O51546,2025-09-05,C1094,P2056,1.0,0.1,Phones Product 57,Technology,Phones,10100.77,6325.84,9090.69,2764.85,0.3041,Corporate,Delhi,Maharashtra
O51547,2025-12-20,C1208,P2028,4.0,0.2,Tables Product 29,Furniture,Tables,62771.45,44486.02,200868.64,22924.56,0.1141,Consumer,Kochi,Delhi
O51548,2025-05-07,C1224,P2077,1.0,0.1,Laptops Product 78,Technology,Laptops,47839.89,34926.79,43055.9,8129.11,0.1888,Consumer,Pune,Telangana
O51549,2025-03-16,C1458,P2024,2.0,0.1,Storage Product 25,Furniture,Storage,71728.84,53529.53,129111.91,22052.85,0.1708,Consumer,Madurai,Delhi
O51550,2025-12-27,C1347,P2014,5.0,0.05,Chairs Product 15,Furniture,Chairs,12221.58,8595.65,58052.5,15074.25,0.2597,Consumer,Delhi,Telangana
O51551,2025-07-23,C1479,P2005,1.0,0.0,Tables Product 6,Furniture,Tables,18627.38,11555.02,18627.38,7072.36,0.3797,Consumer,Madurai,Kerala
O51552,2025-02-18,C1320,P2041,5.0,0.15,Laptops Product 42,Technology,Laptops,17089.78,12912.68,72631.56,8068.16,0.1111,Consumer,Kochi,Telangana
O51553,2025-03-20,C1046,P2028,2.0,0.05,Tables Product 29,Furniture,Tables,62771.45,44486.02,119265.75,30293.71,0.254,Consumer,Kochi,Kerala
O51554,2025-08-29,C1475,P2078,2.0,0.05,Tables Product 79,Furniture,Tables,6133.72,4595.0,11654.07,2464.07,0.2114,Home Office,Hyderabad,Karnataka
O51555,2025-12-15,C1180,P2003,4.0,0.15,Chairs Product 4,Furniture,Chairs,72789.1,60628.14,247482.94,4970.38,0.0201,Consumer,Madurai,Maharashtra
O51556,2025-06-03,C1105,P2056,5.0,0.15,Phones Product 57,Technology,Phones,10100.77,6325.84,42928.27,11299.07,0.2632,Consumer,Pune,Maharashtra
O51557,2025-10-01,C1198,P2048,3.0,0.2,Storage Product 49,Furniture,Storage,47196.49,35282.94,113271.58,7422.76,0.0655,Home Office,Bengaluru,Karnataka
O51558,2025-04-06,C1385,P2043,4.0,0.1,Tables Product 44,Furniture,Tables,14620.74,9187.52,52634.66,15884.58,0.3018,Corporate,Kochi,Kerala
O51559,2025-08-02,C1105,P2079,5.0,0.25,Tables Product 80,Furniture,Tables,60819.74,43495.05,228074.03,10598.78,0.0465,Consumer,Pune,Maharashtra
O51560,2025-10-21,C1279,P2074,1.0,0.25,Paper Product 75,Office Supplies,Paper,63885.75,44320.26,47914.31,3594.05,0.075,Corporate,Bengaluru,Delhi
O51561,2025-07-28,C1259,P2013,1.0,0.2,Phones Product 14,Technology,Phones,26276.26,19570.22,21021.01,1450.79,0.069,Consumer,Chennai,Maharashtra
O51562,2025-12-09,C1107,P2002,2.0,0.15,Accessories Product 3,Technology,Accessories,76083.83,45638.81,129342.51,38064.89,0.2943,Corporate,Coimbatore,Karnataka
O51563,2025-03-29,C1018,P2061,3.0,0.1,Storage Product 62,Furniture,Storage,41881.88,27770.86,113081.08,29768.5,0.2632,Consumer,Pune,Tamil Nadu
O51564,2025-11-02,C1409,P2063,1.0,0.3,Binders Product 64,Office Supplies,Binders,58712.04,35437.77,41098.43,5660.66,0.1377,Consumer,Pune,Telangana
O51565,2025-09-21,C1458,P2044,5.0,0.05,Stationery Product 45,Office Supplies,Stationery,33218.58,19028.06,157788.26,62647.96,0.397,Consumer,Madurai,Delhi
O51566,2025-11-21,C1295,P2057,5.0,0.05,Laptops Product 58,Technology,Laptops,10032.16,7014.74,47652.76,12579.06,0.264,Consumer,Bengaluru,Telangana
O51567,2025-11-16,C1305,P2019,1.0,0.1,Chairs Product 20,Furniture,Chairs,44904.0,24841.99,40413.6,15571.61,0.3853,Home Office,Coimbatore,Delhi
O51568,2025-06-06,C1170,P2057,5.0,0.0,Laptops Product 58,Technology,Laptops,10032.16,7014.74,50160.8,15087.1,0.3008,Corporate,Salem,Delhi
O51569,2025-06-05,C1330,P2056,5.0,0.3,Phones Product 57,Technology,Phones,10100.77,6325.84,35352.7,3723.5,0.1053,Consumer,Bengaluru,Maharashtra
O51570,2025-05-19,C1492,P2076,2.0,0.15,Phones Product 77,Technology,Phones,31874.96,24846.67,54187.43,4494.09,0.0829,Consumer,Mumbai,Karnataka
O51571,2025-05-01,C1194,P2067,3.0,0.15,Storage Product 68,Furniture,Storage,45777.6,25636.72,116732.88,39822.72,0.3411,Consumer,Coimbatore,Karnataka
O51572,2025-03-06,C1011,P2077,2.0,0.15,Laptops Product 78,Technology,Laptops,47839.89,34926.79,81327.81,11474.23,0.1411,Home Office,Mumbai,Kerala
O51573,2025-04-17,C1194,P2051,3.0,0.1,Chairs Product 52,Furniture,Chairs,34641.74,21896.2,93532.7,27844.1,0.2977,Consumer,Coimbatore,Karnataka
O51574,2025-05-27,C1489,P2036,5.0,0.0,Tables Product 37,Furniture,Tables,76874.21,52831.76,384371.05,120212.25,0.3128,Home Office,Madurai,Delhi
O51575,2025-05-17,C1282,P2007,3.0,0.15,Storage Product 8,Furniture,Storage,77465.02,47348.43,197535.8,55490.51,0.2809,Consumer,Coimbatore,Kerala
O51576,2025-06-11,C1368,P2043,5.0,0.15,Tables Product 44,Furniture,Tables,14620.74,9187.52,62138.14,16200.54,0.2607,Consumer,Delhi,Karnataka
O51577,2025-04-10,C1181,P2004,5.0,0.1,Stationery Product 5,Office Supplies,Stationery,22154.95,19379.22,99697.28,2801.18,0.0281,Consumer,Salem,Tamil Nadu
O51578,2025-12-04,C1449,P2068,2.0,0.1,Binders Product 69,Office Supplies,Binders,73518.62,55006.72,117629.79,7616.35,0.0647,Consumer,Mumbai,Delhi
O51579,2025-11-03,C1304,P2030,2.0,0.05,Chairs Product 31,Furniture,Chairs,38498.53,28996.9,73147.21,15153.41,0.2072,Corporate,Mumbai,Telangana
O51580,2025-05-21,C1143,P2044,4.0,0.05,Stationery Product 45,Office Supplies,Stationery,33218.58,19028.06,126230.6,50118.36,0.397,Consumer,Delhi,Telangana
O51581,2025-03-24,C1385,P2008,1.0,0.05,Paper Product 9,Office Supplies,Paper,12546.55,8779.06,11919.22,3140.16,0.2635,Corporate,Kochi,Kerala
O51582,2025-06-26,C1315,P2031,4.0,0.1,Phones Product 32,Technology,Phones,27150.59,16564.55,97742.12,31483.92,0.3221,Corporate,Mumbai,Maharashtra
O51583,2025-07-17,C1181,P2032,4.0,0.2,Stationery Product 33,Office Supplies,Stationery,3779.83,2280.57,12095.46,2973.18,0.2458,Consumer,Salem,Tamil Nadu
O51584,2025-04-22,C1029,P2066,3.0,0.2,Stationery Product 67,Office Supplies,Stationery,54754.87,39098.68,131411.69,14115.65,0.1074,Consumer,Chennai,Maharashtra
O51585,2025-02-25,C1083,P2029,5.0,0.1,Phones Product 30,Technology,Phones,35257.0,27824.57,158656.5,19533.65,0.1231,Consumer,Coimbatore,Delhi
O51586,2025-06-28,C1165,P2075,5.0,0.15,Binders Product 76,Office Supplies,Binders,43695.78,24115.72,185707.06,65128.46,0.3507,Corporate,Madurai,Karnataka
O51587,2025-07-05,C1283,P2028,5.0,0.15,Tables Product 29,Furniture,Tables,62771.45,44486.02,266778.66,44348.56,0.1662,Consumer,Kochi,Karnataka
O51588,2025-08-06,C1280,P2002,1.0,0.05,Accessories Product 3,Technology,Accessories,76083.83,45638.81,72279.64,26640.83,0.3686,Home Office,Chennai,Delhi
O51589,2025-11-12,C1095,P2056,3.0,0.05,Phones Product 57,Technology,Phones,10100.77,6325.84,28787.19,9809.67,0.3408,Consumer,Bengaluru,Telangana
O51590,2025-08-05,C1380,P2029,3.0,0.3,Phones Product 30,Technology,Phones,35257.0,27824.57,74039.7,-9434.01,-0.1274,Consumer,Pune,Karnataka
O51591,2025-04-30,C1265,P2008,5.0,0.15,Paper Product 9,Office Supplies,Paper,12546.55,8779.06,53322.84,9427.54,0.1768,Corporate,Madurai,Kerala
O51592,2025-06-24,C1443,P2025,4.0,0.3,Storage Product 26,Furniture,Storage,43441.32,34057.56,121635.7,-14594.54,-0.12,Consumer,Coimbatore,Karnataka
O51593,2025-01-23,C1297,P2001,1.0,0.1,Tables Product 2,Furniture,Tables,61893.98,38740.54,55704.58,16964.04,0.3045,Consumer,Kochi,Maharashtra
O51594,2025-08-01,C1295,P2061,4.0,0.15,Storage Product 62,Furniture,Storage,41881.88,27770.86,142398.39,31314.95,0.2199,Consumer,Bengaluru,Telangana
O51595,2025-08-23,C1224,P2002,2.0,0.05,Accessories Product 3,Technology,Accessories,76083.83,45638.81,144559.28,53281.66,0.3686,Consumer,Pune,Telangana
O51596,2025-01-13,C1332,P2045,3.0,0.05,Tables Product 46,Furniture,Tables,69698.77,48576.61,198641.49,52911.66,0.2664,Consumer,Delhi,Tamil Nadu
O51597,2025-04-11,C1360,P2067,3.0,0.1,Storage Product 68,Furniture,Storage,45777.6,25636.72,123599.52,46689.36,0.3777,Consumer,Coimbatore,Telangana
O51598,2025-01-24,C1373,P2024,4.0,0.1,Storage Product 25,Furniture,Storage,71728.84,53529.53,258223.82,44105.7,0.1708,Corporate,Madurai,Telangana
O51599,2025-12-30,C1041,P2050,1.0,0.05,Phones Product 51,Technology,Phones,26671.88,18619.55,25338.29,6718.74,0.2652,Consumer,Bengaluru,Tamil Nadu
O51600,2025-01-11,C1302,P2012,3.0,0.05,Laptops Product 13,Technology,Laptops,16281.82,11596.34,46403.19,11614.17,0.2503,Consumer,Mumbai,Delhi
O51601,2025-09-30,C1420,P2043,4.0,0.0,Tables Product 44,Furniture,Tables,14620.74,9187.52,58482.96,21732.88,0.3716,Corporate,Bengaluru,Maharashtra
O51602,2025-10-08,C1245,P2034,1.0,0.15,Stationery Product 35,Office Supplies,Stationery,6797.66,4643.32,5778.01,1134.69,0.1964,Home Office,Delhi,Delhi
O51603,2025-04-04,C1207,P2054,4.0,0.1,Chairs Product 55,Furniture,Chairs,56519.23,39410.95,203469.23,45825.43,0.2252,Corporate,Salem,Karnataka
O51604,2025-07-20,C1236,P2008,1.0,0.0,Paper Product 9,Office Supplies,Paper,12546.55,8779.06,12546.55,3767.49,0.3003,Consumer,Salem,Maharashtra
O51605,2025-01-21,C1021,P2001,5.0,0.05,Tables Product 2,Furniture,Tables,61893.98,38740.54,293996.41,100293.71,0.3411,Consumer,Chennai,Maharashtra
O51606,2025-12-06,C1184,P2060,1.0,0.05,Laptops Product 61,Technology,Laptops,51237.86,42856.01,48675.97,5819.96,0.1196,Consumer,Chennai,Tamil Nadu
O51607,2025-07-30,C1467,P2040,2.0,0.15,Tables Product 41,Furniture,Tables,52504.24,46067.43,89257.21,-2877.65,-0.0322,Home Office,Bengaluru,Delhi
O51608,2025-05-20,C1241,P2043,5.0,0.0,Tables Product 44,Furniture,Tables,14620.74,9187.52,73103.7,27166.1,0.3716,Home Office,Delhi,Tamil Nadu
O51609,2025-10-20,C1362,P2063,4.0,0.2,Binders Product 64,Office Supplies,Binders,58712.04,35437.77,187878.53,46127.45,0.2455,Consumer,Bengaluru,Maharashtra
O51610,2025-10-25,C1282,P2030,5.0,0.0,Chairs Product 31,Furniture,Chairs,38498.53,28996.9,192492.65,47508.15,0.2468,Consumer,Coimbatore,Kerala
O51611,2025-04-11,C1040,P2046,5.0,0.05,Chairs Product 47,Furniture,Chairs,53110.92,30880.61,252276.87,97873.82,0.388,Consumer,Salem,Delhi
O51612,2025-10-31,C1335,P2001,4.0,0.25,Tables Product 2,Furniture,Tables,61893.98,38740.54,185681.94,30719.78,0.1654,Consumer,Hyderabad,Kerala
O51613,2025-12-25,C1161,P2076,4.0,0.15,Phones Product 77,Technology,Phones,31874.96,24846.67,108374.86,8988.18,0.0829,Corporate,Coimbatore,Karnataka
O51614,2025-01-28,C1159,P2068,2.0,0.0,Binders Product 69,Office Supplies,Binders,73518.62,55006.72,147037.24,37023.8,0.2518,Corporate,Madurai,Maharashtra
O51615,2025-02-10,C1473,P2057,4.0,0.2,Laptops Product 58,Technology,Laptops,10032.16,7014.74,32102.91,4043.95,0.126,Home Office,Salem,Karnataka
O51616,2025-12-21,C1088,P2043,3.0,0.1,Tables Product 44,Furniture,Tables,14620.74,9187.52,39476.0,11913.44,0.3018,Home Office,Hyderabad,Delhi
O51617,2025-10-30,C1321,P2073,3.0,0.2,Tables Product 74,Furniture,Tables,74076.28,51453.16,177783.07,23423.59,0.1318,Corporate,Pune,Karnataka
O51618,2025-05-26,C1011,P2055,2.0,0.15,Binders Product 56,Office Supplies,Binders,16705.54,9805.04,28399.42,8789.34,0.3095,Home Office,Mumbai,Kerala
O51619,2025-09-13,C1423,P2042,1.0,0.15,Storage Product 43,Furniture,Storage,19092.63,15390.19,16228.74,838.55,0.0517,Consumer,Delhi,Telangana
O51620,2025-08-15,C1072,P2033,1.0,0.3,Accessories Product 34,Technology,Accessories,18507.84,16264.51,12955.49,-3309.02,-0.2554,Consumer,Mumbai,Maharashtra
O51621,2025-08-24,C1075,P2029,3.0,0.05,Phones Product 30,Technology,Phones,35257.0,27824.57,100482.45,17008.74,0.1693,Corporate,Kochi,Maharashtra
O51622,2025-12-27,C1345,P2070,4.0,0.15,Phones Product 71,Technology,Phones,79953.27,45246.36,271841.12,90855.68,0.3342,Corporate,Salem,Tamil Nadu
O51623,2025-01-13,C1200,P2069,2.0,0.1,Binders Product 70,Office Supplies,Binders,31690.99,24240.66,57043.78,8562.46,0.1501,Corporate,Mumbai,Maharashtra
O51624,2025-07-29,C1009,P2054,1.0,0.0,Chairs Product 55,Furniture,Chairs,56519.23,39410.95,56519.23,17108.28,0.3027,Corporate,Bengaluru,Telangana
O51625,2025-08-17,C1351,P2066,1.0,0.0,Stationery Product 67,Office Supplies,Stationery,54754.87,39098.68,54754.87,15656.19,0.2859,Home Office,Salem,Tamil Nadu
O51626,2025-04-10,C1225,P2012,5.0,0.05,Laptops Product 13,Technology,Laptops,16281.82,11596.34,77338.64,19356.94,0.2503,Consumer,Kochi,Kerala
O51627,2025-01-31,C1175,P2002,3.0,0.15,Accessories Product 3,Technology,Accessories,76083.83,45638.81,194013.77,57097.34,0.2943,Consumer,Kochi,Maharashtra
O51628,2025-01-16,C1275,P2025,4.0,0.15,Storage Product 26,Furniture,Storage,43441.32,34057.56,147700.49,11470.25,0.0777,Consumer,Mumbai,Delhi
O51629,2025-05-17,C1038,P2056,2.0,0.15,Phones Product 57,Technology,Phones,10100.77,6325.84,17171.31,4519.63,0.2632,Corporate,Kochi,Maharashtra
O51630,2025-11-25,C1059,P2023,1.0,0.0,Binders Product 24,Office Supplies,Binders,13648.36,7977.57,13648.36,5670.79,0.4155,Consumer,Coimbatore,Delhi
O51631,2025-06-15,C1065,P2052,5.0,0.1,Chairs Product 53,Furniture,Chairs,20426.46,13656.17,91919.07,23638.22,0.2572,Consumer,Salem,Delhi
O51632,2025-11-06,C1320,P2069,3.0,0.25,Binders Product 70,Office Supplies,Binders,31690.99,24240.66,71304.73,-1417.25,-0.0199,Consumer,Kochi,Telangana
O51633,2025-04-10,C1434,P2042,3.0,0.1,Storage Product 43,Furniture,Storage,19092.63,15390.19,51550.1,5379.53,0.1044,Consumer,Madurai,Maharashtra
O51634,2025-04-19,C1123,P2059,2.0,0.15,Chairs Product 60,Furniture,Chairs,38547.8,29927.33,65531.26,5676.6,0.0866,Consumer,Bengaluru,Maharashtra
O51635,2025-12-09,C1163,P2057,1.0,0.2,Laptops Product 58,Technology,Laptops,10032.16,7014.74,8025.73,1010.99,0.126,Consumer,Pune,Telangana
O51636,2025-06-22,C1407,P2048,2.0,0.2,Storage Product 49,Furniture,Storage,47196.49,35282.94,75514.38,4948.5,0.0655,Consumer,Madurai,Tamil Nadu
O51637,2025-08-25,C1410,P2041,2.0,0.1,Laptops Product 42,Technology,Laptops,17089.78,12912.68,30761.6,4936.24,0.1605,Consumer,Kochi,Maharashtra
O51638,2025-06-11,C1385,P2075,5.0,0.2,Binders Product 76,Office Supplies,Binders,43695.78,24115.72,174783.12,54204.52,0.3101,Corporate,Kochi,Kerala
O51639,2025-08-04,C1158,P2065,3.0,0.1,Binders Product 66,Office Supplies,Binders,20647.93,15864.6,55749.41,8155.61,0.1463,Consumer,Delhi,Tamil Nadu
O51640,2025-09-21,C1056,P2010,4.0,0.2,Phones Product 11,Technology,Phones,49447.03,40193.38,158230.5,-2543.02,-0.0161,Consumer,Chennai,Karnataka
O51641,2025-09-20,C1077,P2017,3.0,0.05,Stationery Product 18,Office Supplies,Stationery,38596.4,22564.5,109999.74,42306.24,0.3846,Consumer,Coimbatore,Delhi
O51642,2025-10-19,C1193,P2051,3.0,0.1,Chairs Product 52,Furniture,Chairs,34641.74,21896.2,93532.7,27844.1,0.2977,Corporate,Salem,Tamil Nadu
O51643,2025-10-01,C1284,P2045,5.0,0.0,Tables Product 46,Furniture,Tables,69698.77,48576.61,348493.85,105610.8,0.303,Consumer,Pune,Delhi
O51644,2025-01-03,C1014,P2043,4.0,0.2,Tables Product 44,Furniture,Tables,14620.74,9187.52,46786.37,10036.29,0.2145,Consumer,Pune,Maharashtra
O51645,2025-01-28,C1011,P2021,1.0,0.1,Laptops Product 22,Technology,Laptops,6562.71,4469.1,5906.44,1437.34,0.2434,Home Office,Mumbai,Kerala
O51646,2025-11-22,C1100,P2052,4.0,0.05,Chairs Product 53,Furniture,Chairs,20426.46,13656.17,77620.55,22995.87,0.2963,Consumer,Pune,Kerala
O51647,2025-05-29,C1155,P2058,1.0,0.05,Paper Product 59,Office Supplies,Paper,8533.72,6340.06,8107.03,1766.97,0.218,Consumer,Hyderabad,Tamil Nadu
O51648,2025-01-28,C1339,P2029,4.0,0.25,Phones Product 30,Technology,Phones,35257.0,27824.57,105771.0,-5527.28,-0.0523,Consumer,Mumbai,Telangana
O51649,2025-11-06,C1124,P2007,2.0,0.2,Storage Product 8,Furniture,Storage,77465.02,47348.43,123944.03,29247.17,0.236,Consumer,Coimbatore,Maharashtra
O51650,2025-03-06,C1358,P2056,4.0,0.15,Phones Product 57,Technology,Phones,10100.77,6325.84,34342.62,9039.26,0.2632,Home Office,Kochi,Tamil Nadu
O51651,2025-12-22,C1279,P2072,5.0,0.15,Accessories Product 73,Technology,Accessories,59154.4,49684.38,251406.2,2984.3,0.0119,Corporate,Bengaluru,Delhi
O51652,2025-01-21,C1404,P2019,1.0,0.1,Chairs Product 20,Furniture,Chairs,44904.0,24841.99,40413.6,15571.61,0.3853,Consumer,Mumbai,Tamil Nadu
O51653,2025-09-09,C1393,P2024,3.0,0.1,Storage Product 25,Furniture,Storage,71728.84,53529.53,193667.87,33079.28,0.1708,Corporate,Pune,Telangana
O51654,2025-08-23,C1109,P2018,5.0,0.25,Laptops Product 19,Technology,Laptops,45801.09,25468.21,171754.09,44413.04,0.2586,Consumer,Kochi,Kerala
O51655,2025-08-15,C1333,P2004,1.0,0.05,Stationery Product 5,Office Supplies,Stationery,22154.95,19379.22,21047.2,1667.98,0.0792,Consumer,Hyderabad,Tamil Nadu
O51656,2025-01-13,C1356,P2074,1.0,0.1,Paper Product 75,Office Supplies,Paper,63885.75,44320.26,57497.18,13176.92,0.2292,Consumer,Pune,Karnataka
O51657,2025-11-09,C1145,P2078,3.0,0.1,Tables Product 79,Furniture,Tables,6133.72,4595.0,16561.04,2776.04,0.1676,Consumer,Mumbai,Delhi
O51658,2025-02-18,C1215,P2071,2.0,0.1,Paper Product 72,Office Supplies,Paper,79468.95,63440.16,143044.11,16163.79,0.113,Consumer,Salem,Karnataka
O51659,2025-04-28,C1397,P2026,5.0,0.1,Binders Product 27,Office Supplies,Binders,50136.78,40537.07,225615.51,22930.16,0.1016,Consumer,Chennai,Telangana
O51660,2025-02-23,C1161,P2039,3.0,0.1,Chairs Product 40,Furniture,Chairs,31822.56,23868.26,85920.91,14316.13,0.1666,Corporate,Coimbatore,Karnataka
O51661,2025-05-18,C1127,P2025,3.0,0.05,Storage Product 26,Furniture,Storage,43441.32,34057.56,123807.76,21635.08,0.1747,Home Office,Bengaluru,Kerala
O51662,2025-02-22,C1313,P2026,2.0,0.1,Binders Product 27,Office Supplies,Binders,50136.78,40537.07,90246.2,9172.06,0.1016,Home Office,Madurai,Maharashtra
O51663,2025-02-13,C1331,P2061,5.0,0.05,Storage Product 62,Furniture,Storage,41881.88,27770.86,198938.93,60084.63,0.302,Corporate,Pune,Delhi
O51664,2025-10-30,C1149,P2049,3.0,0.05,Accessories Product 50,Technology,Accessories,36467.03,22897.52,103931.04,35238.48,0.3391,Consumer,Delhi,Karnataka
O51665,2025-02-22,C1453,P2041,2.0,0.0,Laptops Product 42,Technology,Laptops,17089.78,12912.68,34179.56,8354.2,0.2444,Home Office,Salem,Kerala
O51666,2025-03-15,C1035,P2028,5.0,0.2,Tables Product 29,Furniture,Tables,62771.45,44486.02,251085.8,28655.7,0.1141,Corporate,Madurai,Kerala
O51667,2025-02-15,C1172,P2038,4.0,0.1,Binders Product 39,Office Supplies,Binders,69402.41,51424.61,249848.68,44150.24,0.1767,Consumer,Bengaluru,Karnataka
O51668,2025-01-13,C1419,P2059,1.0,0.15,Chairs Product 60,Furniture,Chairs,38547.8,29927.33,32765.63,2838.3,0.0866,Corporate,Mumbai,Telangana
O51669,2025-06-14,C1021,P2040,2.0,0.15,Tables Product 41,Furniture,Tables,52504.24,46067.43,89257.21,-2877.65,-0.0322,Consumer,Chennai,Maharashtra
O51670,2025-04-12,C1205,P2032,1.0,0.15,Stationery Product 33,Office Supplies,Stationery,3779.83,2280.57,3212.86,932.29,0.2902,Consumer,Coimbatore,Maharashtra
O51671,2025-10-07,C1126,P2015,4.0,0.1,Tables Product 16,Furniture,Tables,38551.13,28836.5,138784.07,23438.07,0.1689,Corporate,Bengaluru,Telangana
O51672,2025-09-15,C1335,P2022,3.0,0.1,Accessories Product 23,Technology,Accessories,16308.47,12700.29,44032.87,5932.0,0.1347,Consumer,Hyderabad,Kerala
O51673,2025-12-03,C1444,P2006,3.0,0.1,Laptops Product 7,Technology,Laptops,57279.45,42140.92,154654.51,28231.75,0.1825,Corporate,Kochi,Kerala
O51674,2025-12-22,C1355,P2025,5.0,0.15,Storage Product 26,Furniture,Storage,43441.32,34057.56,184625.61,14337.81,0.0777,Corporate,Hyderabad,Maharashtra
O51675,2025-05-18,C1439,P2011,2.0,0.1,Tables Product 12,Furniture,Tables,47986.68,36009.74,86376.02,14356.54,0.1662,Consumer,Chennai,Telangana
O51676,2025-06-12,C1216,P2071,2.0,0.2,Paper Product 72,Office Supplies,Paper,79468.95,63440.16,127150.32,270.0,0.0021,Consumer,Madurai,Delhi
O51677,2025-04-21,C1095,P2004,5.0,0.2,Stationery Product 5,Office Supplies,Stationery,22154.95,19379.22,88619.8,-8276.3,-0.0934,Consumer,Bengaluru,Telangana
O51678,2025-04-12,C1416,P2068,1.0,0.05,Binders Product 69,Office Supplies,Binders,73518.62,55006.72,69842.69,14835.97,0.2124,Consumer,Mumbai,Delhi
O51679,2025-01-17,C1428,P2048,3.0,0.05,Storage Product 49,Furniture,Storage,47196.49,35282.94,134510.0,28661.18,0.2131,Consumer,Coimbatore,Delhi
O51680,2025-09-25,C1163,P2025,3.0,0.15,Storage Product 26,Furniture,Storage,43441.32,34057.56,110775.37,8602.69,0.0777,Consumer,Pune,Telangana
O51681,2025-07-01,C1147,P2004,2.0,0.1,Stationery Product 5,Office Supplies,Stationery,22154.95,19379.22,39878.91,1120.47,0.0281,Consumer,Pune,Maharashtra
O51682,2025-01-24,C1017,P2021,2.0,0.0,Laptops Product 22,Technology,Laptops,6562.71,4469.1,13125.42,4187.22,0.319,Consumer,Coimbatore,Karnataka
O51683,2025-01-29,C1293,P2078,5.0,0.2,Tables Product 79,Furniture,Tables,6133.72,4595.0,24534.88,1559.88,0.0636,Consumer,Mumbai,Kerala
O51684,2025-06-20,C1194,P2012,4.0,0.05,Laptops Product 13,Technology,Laptops,16281.82,11596.34,61870.92,15485.56,0.2503,Consumer,Coimbatore,Karnataka
O51685,2025-08-16,C1150,P2027,1.0,0.25,Storage Product 28,Furniture,Storage,6685.15,5650.89,5013.86,-637.03,-0.1271,Home Office,Hyderabad,Tamil Nadu
O51686,2025-07-07,C1479,P2032,4.0,0.15,Stationery Product 33,Office Supplies,Stationery,3779.83,2280.57,12851.42,3729.14,0.2902,Consumer,Madurai,Kerala
O51687,2025-12-12,C1364,P2022,4.0,0.2,Accessories Product 23,Technology,Accessories,16308.47,12700.29,52187.1,1385.94,0.0266,Home Office,Hyderabad,Telangana
O51688,2025-08-18,C1122,P2017,2.0,0.05,Stationery Product 18,Office Supplies,Stationery,38596.4,22564.5,73333.16,28204.16,0.3846,Consumer,Bengaluru,Karnataka
O51689,2025-11-17,C1399,P2029,2.0,0.05,Phones Product 30,Technology,Phones,35257.0,27824.57,66988.3,11339.16,0.1693,Corporate,Kochi,Maharashtra
O51690,2025-12-06,C1186,P2025,2.0,0.1,Storage Product 26,Furniture,Storage,43441.32,34057.56,78194.38,10079.26,0.1289,Corporate,Mumbai,Delhi
O51691,2025-04-29,C1452,P2015,4.0,0.05,Tables Product 16,Furniture,Tables,38551.13,28836.5,146494.29,31148.29,0.2126,Consumer,Salem,Karnataka
O51692,2025-06-05,C1451,P2076,1.0,0.1,Phones Product 77,Technology,Phones,31874.96,24846.67,28687.46,3840.79,0.1339,Consumer,Hyderabad,Tamil Nadu
O51693,2025-09-29,C1148,P2038,2.0,0.1,Binders Product 39,Office Supplies,Binders,69402.41,51424.61,124924.34,22075.12,0.1767,Consumer,Chennai,Telangana
O51694,2025-06-24,C1103,P2032,3.0,0.05,Stationery Product 33,Office Supplies,Stationery,3779.83,2280.57,10772.52,3930.81,0.3649,Consumer,Chennai,Maharashtra
O51695,2025-04-14,C1242,P2025,1.0,0.05,Storage Product 26,Furniture,Storage,43441.32,34057.56,41269.25,7211.69,0.1747,Home Office,Bengaluru,Maharashtra
O51696,2025-04-02,C1461,P2047,3.0,0.2,Chairs Product 48,Furniture,Chairs,77562.16,49266.25,186149.18,38350.43,0.206,Corporate,Bengaluru,Kerala
O51697,2025-07-05,C1230,P2064,1.0,0.05,Accessories Product 65,Technology,Accessories,53906.39,37542.43,51211.07,13668.64,0.2669,Corporate,Hyderabad,Maharashtra
O51698,2025-10-10,C1478,P2037,2.0,0.0,Paper Product 38,Office Supplies,Paper,27871.02,18741.67,55742.04,18258.7,0.3276,Home Office,Madurai,Maharashtra
O51699,2025-06-30,C1205,P2001,5.0,0.15,Tables Product 2,Furniture,Tables,61893.98,38740.54,263049.42,69346.72,0.2636,Consumer,Coimbatore,Maharashtra
O51700,2025-06-19,C1197,P2005,2.0,0.3,Tables Product 6,Furniture,Tables,18627.38,11555.02,26078.33,2968.29,0.1138,Home Office,Chennai,Telangana
O51701,2025-07-06,C1395,P2045,4.0,0.1,Tables Product 46,Furniture,Tables,69698.77,48576.61,250915.57,56609.13,0.2256,Home Office,Salem,Telangana
O51702,2025-06-24,C1399,P2049,4.0,0.05,Accessories Product 50,Technology,Accessories,36467.03,22897.52,138574.71,46984.63,0.3391,Corporate,Kochi,Maharashtra
O51703,2025-08-10,C1336,P2037,1.0,0.15,Paper Product 38,Office Supplies,Paper,27871.02,18741.67,23690.37,4948.7,0.2089,Home Office,Madurai,Karnataka
O51704,2025-08-21,C1492,P2017,4.0,0.25,Stationery Product 18,Office Supplies,Stationery,38596.4,22564.5,115789.2,25531.2,0.2205,Consumer,Mumbai,Karnataka
O51705,2025-06-11,C1086,P2026,2.0,0.2,Binders Product 27,Office Supplies,Binders,50136.78,40537.07,80218.85,-855.29,-0.0107,Corporate,Bengaluru,Maharashtra
O51706,2025-05-14,C1141,P2040,3.0,0.15,Tables Product 41,Furniture,Tables,52504.24,46067.43,133885.81,-4316.48,-0.0322,Consumer,Delhi,Telangana
O51707,2025-08-12,C1316,P2071,2.0,0.1,Paper Product 72,Office Supplies,Paper,79468.95,63440.16,143044.11,16163.79,0.113,Consumer,Chennai,Telangana
O51708,2025-06-02,C1198,P2073,1.0,0.15,Tables Product 74,Furniture,Tables,74076.28,51453.16,62964.84,11511.68,0.1828,Home Office,Bengaluru,Karnataka
O51709,2025-02-02,C1045,P2016,4.0,0.0,Laptops Product 17,Technology,Laptops,60637.62,52413.59,242550.48,32896.12,0.1356,Corporate,Kochi,Telangana
O51710,2025-02-24,C1287,P2061,3.0,0.15,Storage Product 62,Furniture,Storage,41881.88,27770.86,106798.79,23486.21,0.2199,Consumer,Bengaluru,Tamil Nadu
O51711,2025-01-07,C1014,P2028,5.0,0.15,Tables Product 29,Furniture,Tables,62771.45,44486.02,266778.66,44348.56,0.1662,Consumer,Pune,Maharashtra
O51712,2025-09-01,C1043,P2057,3.0,0.25,Laptops Product 58,Technology,Laptops,10032.16,7014.74,22572.36,1528.14,0.0677,Home Office,Madurai,Maharashtra
O51713,2025-11-09,C1400,P2069,3.0,0.05,Binders Product 70,Office Supplies,Binders,31690.99,24240.66,90319.32,17597.34,0.1948,Consumer,Delhi,Tamil Nadu
O51714,2025-05-06,C1168,P2077,2.0,0.0,Laptops Product 78,Technology,Laptops,47839.89,34926.79,95679.78,25826.2,0.2699,Consumer,Coimbatore,Kerala
O51715,2025-01-12,C1309,P2021,5.0,0.15,Laptops Product 22,Technology,Laptops,6562.71,4469.1,27891.52,5546.02,0.1988,Consumer,Pune,Kerala
O51716,2025-01-16,C1494,P2005,1.0,0.15,Tables Product 6,Furniture,Tables,18627.38,11555.02,15833.27,4278.25,0.2702,Consumer,Bengaluru,Karnataka
O51717,2025-07-27,C1043,P2025,1.0,0.2,Storage Product 26,Furniture,Storage,43441.32,34057.56,34753.06,695.5,0.02,Home Office,Madurai,Maharashtra
O51718,2025-02-12,C1097,P2038,3.0,0.05,Binders Product 39,Office Supplies,Binders,69402.41,51424.61,197796.87,43523.04,0.22,Consumer,Kochi,Delhi
O51719,2025-05-15,C1260,P2011,3.0,0.05,Tables Product 12,Furniture,Tables,47986.68,36009.74,136762.04,28732.82,0.2101,Corporate,Salem,Delhi
O51720,2025-08-16,C1108,P2013,4.0,0.1,Phones Product 14,Technology,Phones,26276.26,19570.22,94594.54,16313.66,0.1725,Consumer,Salem,Maharashtra
O51721,2025-04-21,C1282,P2021,5.0,0.1,Laptops Product 22,Technology,Laptops,6562.71,4469.1,29532.2,7186.7,0.2434,Consumer,Coimbatore,Kerala
O51722,2025-11-03,C1371,P2050,3.0,0.2,Phones Product 51,Technology,Phones,26671.88,18619.55,64012.51,8153.86,0.1274,Consumer,Salem,Maharashtra
O51723,2025-06-09,C1342,P2022,4.0,0.1,Accessories Product 23,Technology,Accessories,16308.47,12700.29,58710.49,7909.33,0.1347,Consumer,Madurai,Karnataka
O51724,2025-11-27,C1103,P2047,5.0,0.2,Chairs Product 48,Furniture,Chairs,77562.16,49266.25,310248.64,63917.39,0.206,Consumer,Chennai,Maharashtra
O51725,2025-09-21,C1255,P2070,1.0,0.15,Phones Product 71,Technology,Phones,79953.27,45246.36,67960.28,22713.92,0.3342,Consumer,Salem,Telangana
O51726,2025-08-13,C1378,P2049,4.0,0.2,Accessories Product 50,Technology,Accessories,36467.03,22897.52,116694.5,25104.42,0.2151,Corporate,Mumbai,Maharashtra
O51727,2025-08-05,C1205,P2012,5.0,0.1,Laptops Product 13,Technology,Laptops,16281.82,11596.34,73268.19,15286.49,0.2086,Consumer,Coimbatore,Maharashtra
O51728,2025-02-14,C1334,P2009,4.0,0.2,Storage Product 10,Furniture,Storage,50209.76,29789.99,160671.23,41511.27,0.2584,Consumer,Chennai,Telangana
O51729,2025-08-02,C1042,P2054,3.0,0.05,Chairs Product 55,Furniture,Chairs,56519.23,39410.95,161079.81,42846.96,0.266,Consumer,Kochi,Karnataka
O51730,2025-02-28,C1352,P2008,2.0,0.15,Paper Product 9,Office Supplies,Paper,12546.55,8779.06,21329.14,3771.02,0.1768,Corporate,Salem,Tamil Nadu
O51731,2025-05-12,C1244,P2078,1.0,0.05,Tables Product 79,Furniture,Tables,6133.72,4595.0,5827.03,1232.03,0.2114,Consumer,Salem,Kerala
O51732,2025-04-14,C1286,P2051,3.0,0.1,Chairs Product 52,Furniture,Chairs,34641.74,21896.2,93532.7,27844.1,0.2977,Consumer,Coimbatore,Tamil Nadu
O51733,2025-07-14,C1354,P2001,3.0,0.1,Tables Product 2,Furniture,Tables,61893.98,38740.54,167113.75,50892.13,0.3045,Consumer,Pune,Delhi
O51734,2025-06-06,C1272,P2024,5.0,0.05,Storage Product 25,Furniture,Storage,71728.84,53529.53,340711.99,73064.34,0.2144,Home Office,Kochi,Kerala
O51735,2025-04-08,C1475,P2012,4.0,0.25,Laptops Product 13,Technology,Laptops,16281.82,11596.34,48845.46,2460.1,0.0504,Home Office,Hyderabad,Karnataka
O51736,2025-08-14,C1082,P2050,1.0,0.05,Phones Product 51,Technology,Phones,26671.88,18619.55,25338.29,6718.74,0.2652,Consumer,Salem,Tamil Nadu
O51737,2025-07-24,C1109,P2057,3.0,0.2,Laptops Product 58,Technology,Laptops,10032.16,7014.74,24077.18,3032.96,0.126,Consumer,Kochi,Kerala
O51738,2025-03-20,C1437,P2033,5.0,0.3,Accessories Product 34,Technology,Accessories,18507.84,16264.51,64777.44,-16545.11,-0.2554,Corporate,Kochi,Maharashtra
O51739,2025-05-04,C1189,P2034,1.0,0.0,Stationery Product 35,Office Supplies,Stationery,6797.66,4643.32,6797.66,2154.34,0.3169,Consumer,Bengaluru,Tamil Nadu
O51740,2025-08-06,C1470,P2002,4.0,0.15,Accessories Product 3,Technology,Accessories,76083.83,45638.81,258685.02,76129.78,0.2943,Consumer,Salem,Delhi
O51741,2025-01-04,C1287,P2058,3.0,0.05,Paper Product 59,Office Supplies,Paper,8533.72,6340.06,24321.1,5300.92,0.218,Consumer,Bengaluru,Tamil Nadu
O51742,2025-03-31,C1423,P2069,3.0,0.0,Binders Product 70,Office Supplies,Binders,31690.99,24240.66,95072.97,22350.99,0.2351,Consumer,Delhi,Telangana
O51743,2025-04-14,C1396,P2047,3.0,0.1,Chairs Product 48,Furniture,Chairs,77562.16,49266.25,209417.83,61619.08,0.2942,Home Office,Madurai,Karnataka
O51744,2025-04-29,C1250,P2063,1.0,0.25,Binders Product 64,Office Supplies,Binders,58712.04,35437.77,44034.03,8596.26,0.1952,Consumer,Chennai,Delhi
O51745,2025-05-13,C1211,P2018,1.0,0.0,Laptops Product 19,Technology,Laptops,45801.09,25468.21,45801.09,20332.88,0.4439,Corporate,Kochi,Telangana
O51746,2025-11-08,C1290,P2066,1.0,0.15,Stationery Product 67,Office Supplies,Stationery,54754.87,39098.68,46541.64,7442.96,0.1599,Consumer,Pune,Tamil Nadu
O51747,2025-04-06,C1132,P2072,1.0,0.1,Accessories Product 73,Technology,Accessories,59154.4,49684.38,53238.96,3554.58,0.0668,Consumer,Salem,Karnataka
O51748,2025-11-27,C1200,P2075,5.0,0.2,Binders Product 76,Office Supplies,Binders,43695.78,24115.72,174783.12,54204.52,0.3101,Corporate,Mumbai,Maharashtra
O51749,2025-05-23,C1284,P2004,2.0,0.0,Stationery Product 5,Office Supplies,Stationery,22154.95,19379.22,44309.9,5551.46,0.1253,Consumer,Pune,Delhi
O51750,2025-10-15,C1325,P2066,5.0,0.15,Stationery Product 67,Office Supplies,Stationery,54754.87,39098.68,232708.2,37214.8,0.1599,Corporate,Bengaluru,Tamil Nadu
O51751,2025-01-28,C1408,P2010,3.0,0.15,Phones Product 11,Technology,Phones,49447.03,40193.38,126089.93,5509.79,0.0437,Home Office,Bengaluru,Maharashtra
O51752,2025-10-05,C1094,P2067,5.0,0.15,Storage Product 68,Furniture,Storage,45777.6,25636.72,194554.8,66371.2,0.3411,Corporate,Delhi,Maharashtra
O51753,2025-08-21,C1277,P2068,4.0,0.25,Binders Product 69,Office Supplies,Binders,73518.62,55006.72,220555.86,528.98,0.0024,Corporate,Salem,Telangana
O51754,2025-01-17,C1449,P2000,1.0,0.2,Laptops Product 1,Technology,Laptops,13340.82,10836.58,10672.66,-163.92,-0.0154,Consumer,Mumbai,Delhi
O51755,2025-02-28,C1428,P2062,4.0,0.0,Storage Product 63,Furniture,Storage,2688.9,1752.13,10755.6,3747.08,0.3484,Consumer,Coimbatore,Delhi
O51756,2025-03-31,C1324,P2028,4.0,0.1,Tables Product 29,Furniture,Tables,62771.45,44486.02,225977.22,48033.14,0.2126,Home Office,Madurai,Tamil Nadu
O51757,2025-07-18,C1218,P2011,3.0,0.1,Tables Product 12,Furniture,Tables,47986.68,36009.74,129564.04,21534.82,0.1662,Corporate,Pune,Telangana
O51758,2025-12-28,C1088,P2076,1.0,0.1,Phones Product 77,Technology,Phones,31874.96,24846.67,28687.46,3840.79,0.1339,Home Office,Hyderabad,Delhi
O51759,2025-01-26,C1071,P2040,4.0,0.1,Tables Product 41,Furniture,Tables,52504.24,46067.43,189015.26,4745.54,0.0251,Consumer,Kochi,Karnataka
O51760,2025-01-25,C1246,P2001,3.0,0.1,Tables Product 2,Furniture,Tables,61893.98,38740.54,167113.75,50892.13,0.3045,Consumer,Salem,Karnataka
O51761,2025-10-28,C1128,P2036,1.0,0.1,Tables Product 37,Furniture,Tables,76874.21,52831.76,69186.79,16355.03,0.2364,Consumer,Kochi,Tamil Nadu
O51762,2025-12-05,C1211,P2044,2.0,0.3,Stationery Product 45,Office Supplies,Stationery,33218.58,19028.06,46506.01,8449.89,0.1817,Corporate,Kochi,Telangana
O51763,2025-09-24,C1427,P2079,3.0,0.0,Tables Product 80,Furniture,Tables,60819.74,43495.05,182459.22,51974.07,0.2849,Home Office,Coimbatore,Maharashtra
O51764,2025-06-30,C1342,P2047,5.0,0.25,Chairs Product 48,Furniture,Chairs,77562.16,49266.25,290858.1,44526.85,0.1531,Consumer,Madurai,Karnataka
O51765,2025-12-26,C1095,P2023,1.0,0.1,Binders Product 24,Office Supplies,Binders,13648.36,7977.57,12283.52,4305.95,0.3505,Consumer,Bengaluru,Telangana
O51766,2025-03-09,C1074,P2021,4.0,0.15,Laptops Product 22,Technology,Laptops,6562.71,4469.1,22313.21,4436.81,0.1988,Corporate,Madurai,Karnataka
O51767,2025-12-17,C1422,P2010,4.0,0.2,Phones Product 11,Technology,Phones,49447.03,40193.38,158230.5,-2543.02,-0.0161,Consumer,Mumbai,Tamil Nadu
O51768,2025-11-17,C1494,P2057,5.0,0.1,Laptops Product 58,Technology,Laptops,10032.16,7014.74,45144.72,10071.02,0.2231,Consumer,Bengaluru,Karnataka
O51769,2025-02-18,C1053,P2045,5.0,0.1,Tables Product 46,Furniture,Tables,69698.77,48576.61,313644.47,70761.42,0.2256,Home Office,Chennai,Telangana
O51770,2025-06-24,C1343,P2028,4.0,0.1,Tables Product 29,Furniture,Tables,62771.45,44486.02,225977.22,48033.14,0.2126,Consumer,Chennai,Karnataka
O51771,2025-02-21,C1458,P2034,1.0,0.1,Stationery Product 35,Office Supplies,Stationery,6797.66,4643.32,6117.89,1474.57,0.241,Consumer,Madurai,Delhi
O51772,2025-04-12,C1412,P2014,3.0,0.25,Chairs Product 15,Furniture,Chairs,12221.58,8595.65,27498.56,1711.61,0.0622,Home Office,Kochi,Maharashtra
O51773,2025-08-04,C1053,P2059,5.0,0.2,Chairs Product 60,Furniture,Chairs,38547.8,29927.33,154191.2,4554.55,0.0295,Home Office,Chennai,Telangana
O51774,2025-07-07,C1217,P2041,5.0,0.05,Laptops Product 42,Technology,Laptops,17089.78,12912.68,81176.45,16613.05,0.2047,Corporate,Hyderabad,Kerala
O51775,2025-02-26,C1015,P2042,5.0,0.05,Storage Product 43,Furniture,Storage,19092.63,15390.19,90689.99,13739.04,0.1515,Consumer,Coimbatore,Delhi
O51776,2025-02-16,C1098,P2079,2.0,0.1,Tables Product 80,Furniture,Tables,60819.74,43495.05,109475.53,22485.43,0.2054,Consumer,Hyderabad,Telangana
O51777,2025-06-08,C1019,P2073,1.0,0.0,Tables Product 74,Furniture,Tables,74076.28,51453.16,74076.28,22623.12,0.3054,Consumer,Chennai,Maharashtra
O51778,2025-06-23,C1045,P2048,1.0,0.15,Storage Product 49,Furniture,Storage,47196.49,35282.94,40117.02,4834.08,0.1205,Corporate,Kochi,Telangana
O51779,2025-08-30,C1450,P2063,1.0,0.05,Binders Product 64,Office Supplies,Binders,58712.04,35437.77,55776.44,20338.67,0.3646,Corporate,Chennai,Karnataka
O51780,2025-10-09,C1192,P2031,1.0,0.1,Phones Product 32,Technology,Phones,27150.59,16564.55,24435.53,7870.98,0.3221,Home Office,Hyderabad,Delhi
O51781,2025-08-29,C1382,P2063,1.0,0.0,Binders Product 64,Office Supplies,Binders,58712.04,35437.77,58712.04,23274.27,0.3964,Corporate,Hyderabad,Maharashtra
O51782,2025-01-05,C1057,P2001,4.0,0.1,Tables Product 2,Furniture,Tables,61893.98,38740.54,222818.33,67856.17,0.3045,Consumer,Chennai,Telangana
O51783,2025-03-25,C1436,P2023,5.0,0.15,Binders Product 24,Office Supplies,Binders,13648.36,7977.57,58005.53,18117.68,0.3123,Consumer,Salem,Karnataka
O51784,2025-11-04,C1110,P2065,4.0,0.1,Binders Product 66,Office Supplies,Binders,20647.93,15864.6,74332.55,10874.15,0.1463,Consumer,Coimbatore,Delhi
O51785,2025-12-27,C1128,P2037,2.0,0.3,Paper Product 38,Office Supplies,Paper,27871.02,18741.67,39019.43,1536.09,0.0394,Consumer,Kochi,Tamil Nadu
O51786,2025-09-05,C1336,P2030,3.0,0.2,Chairs Product 31,Furniture,Chairs,38498.53,28996.9,92396.47,5405.77,0.0585,Home Office,Madurai,Karnataka
O51787,2025-02-23,C1193,P2025,5.0,0.1,Storage Product 26,Furniture,Storage,43441.32,34057.56,195485.94,25198.14,0.1289,Corporate,Salem,Tamil Nadu
O51788,2025-06-10,C1412,P2028,2.0,0.0,Tables Product 29,Furniture,Tables,62771.45,44486.02,125542.9,36570.86,0.2913,Home Office,Kochi,Maharashtra
O51789,2025-08-14,C1339,P2066,4.0,0.2,Stationery Product 67,Office Supplies,Stationery,54754.87,39098.68,175215.58,18820.86,0.1074,Consumer,Mumbai,Telangana
O51790,2025-01-15,C1325,P2077,3.0,0.25,Laptops Product 78,Technology,Laptops,47839.89,34926.79,107639.75,2859.38,0.0266,Corporate,Bengaluru,Tamil Nadu
O51791,2025-08-12,C1007,P2024,2.0,0.2,Storage Product 25,Furniture,Storage,71728.84,53529.53,114766.14,7707.08,0.0672,Home Office,Salem,Delhi
O51792,2025-03-02,C1028,P2047,3.0,0.05,Chairs Product 48,Furniture,Chairs,77562.16,49266.25,221052.16,73253.41,0.3314,Corporate,Chennai,Tamil Nadu
O51793,2025-05-02,C1111,P2064,2.0,0.3,Accessories Product 65,Technology,Accessories,53906.39,37542.43,75468.95,384.09,0.0051,Consumer,Bengaluru,Karnataka
O51794,2025-10-04,C1434,P2052,4.0,0.05,Chairs Product 53,Furniture,Chairs,20426.46,13656.17,77620.55,22995.87,0.2963,Consumer,Madurai,Maharashtra
O51795,2025-02-15,C1160,P2066,3.0,0.15,Stationery Product 67,Office Supplies,Stationery,54754.87,39098.68,139624.92,22328.88,0.1599,Consumer,Pune,Telangana
O51796,2025-10-21,C1130,P2017,2.0,0.25,Stationery Product 18,Office Supplies,Stationery,38596.4,22564.5,57894.6,12765.6,0.2205,Consumer,Coimbatore,Telangana
O51797,2025-03-03,C1187,P2008,4.0,0.05,Paper Product 9,Office Supplies,Paper,12546.55,8779.06,47676.89,12560.65,0.2635,Consumer,Hyderabad,Telangana
O51798,2025-03-27,C1162,P2037,5.0,0.25,Paper Product 38,Office Supplies,Paper,27871.02,18741.67,104516.33,10807.98,0.1034,Corporate,Delhi,Tamil Nadu
O51799,2025-07-29,C1196,P2020,4.0,0.1,Phones Product 21,Technology,Phones,42879.1,36071.45,154364.76,10078.96,0.0653,Corporate,Pune,Kerala
O51800,2025-03-19,C1474,P2064,4.0,0.3,Accessories Product 65,Technology,Accessories,53906.39,37542.43,150937.89,768.17,0.0051,Consumer,Bengaluru,Telangana
O51801,2025-07-21,C1363,P2020,5.0,0.1,Phones Product 21,Technology,Phones,42879.1,36071.45,192955.95,12598.7,0.0653,Consumer,Hyderabad,Tamil Nadu
O51802,2025-10-29,C1203,P2026,4.0,0.25,Binders Product 27,Office Supplies,Binders,50136.78,40537.07,150410.34,-11737.94,-0.078,Home Office,Hyderabad,Tamil Nadu
O51803,2025-08-11,C1211,P2069,5.0,0.0,Binders Product 70,Office Supplies,Binders,31690.99,24240.66,158454.95,37251.65,0.2351,Corporate,Kochi,Telangana
O51804,2025-08-10,C1108,P2043,5.0,0.15,Tables Product 44,Furniture,Tables,14620.74,9187.52,62138.14,16200.54,0.2607,Consumer,Salem,Maharashtra
O51805,2025-01-03,C1275,P2027,5.0,0.15,Storage Product 28,Furniture,Storage,6685.15,5650.89,28411.89,157.44,0.0055,Consumer,Mumbai,Delhi
O51806,2025-01-06,C1072,P2044,2.0,0.1,Stationery Product 45,Office Supplies,Stationery,33218.58,19028.06,59793.44,21737.32,0.3635,Consumer,Mumbai,Maharashtra
O51807,2025-04-03,C1166,P2016,3.0,0.05,Laptops Product 17,Technology,Laptops,60637.62,52413.59,172817.22,15576.45,0.0901,Consumer,Bengaluru,Maharashtra
O51808,2025-01-08,C1259,P2039,2.0,0.15,Chairs Product 40,Furniture,Chairs,31822.56,23868.26,54098.35,6361.83,0.1176,Consumer,Chennai,Maharashtra
O51809,2025-08-23,C1242,P2002,5.0,0.05,Accessories Product 3,Technology,Accessories,76083.83,45638.81,361398.19,133204.14,0.3686,Home Office,Bengaluru,Maharashtra
O51810,2025-04-18,C1274,P2075,3.0,0.15,Binders Product 76,Office Supplies,Binders,43695.78,24115.72,111424.24,39077.08,0.3507,Consumer,Chennai,Tamil Nadu
O51811,2025-06-10,C1101,P2075,3.0,0.05,Binders Product 76,Office Supplies,Binders,43695.78,24115.72,124532.97,52185.81,0.4191,Corporate,Chennai,Maharashtra
O51812,2025-07-28,C1474,P2065,5.0,0.25,Binders Product 66,Office Supplies,Binders,20647.93,15864.6,77429.74,-1893.26,-0.0245,Consumer,Bengaluru,Telangana
O51813,2025-08-28,C1172,P2045,3.0,0.0,Tables Product 46,Furniture,Tables,69698.77,48576.61,209096.31,63366.48,0.303,Consumer,Bengaluru,Karnataka
O51814,2025-11-27,C1170,P2029,3.0,0.05,Phones Product 30,Technology,Phones,35257.0,27824.57,100482.45,17008.74,0.1693,Corporate,Salem,Delhi
O51815,2025-11-29,C1140,P2068,2.0,0.05,Binders Product 69,Office Supplies,Binders,73518.62,55006.72,139685.38,29671.94,0.2124,Home Office,Chennai,Telangana
O51816,2025-02-19,C1396,P2008,3.0,0.1,Paper Product 9,Office Supplies,Paper,12546.55,8779.06,33875.68,7538.5,0.2225,Home Office,Madurai,Karnataka
O51817,2025-01-11,C1187,P2010,5.0,0.05,Phones Product 11,Technology,Phones,49447.03,40193.38,234873.39,33906.49,0.1444,Consumer,Hyderabad,Telangana
O51818,2025-12-17,C1440,P2068,1.0,0.1,Binders Product 69,Office Supplies,Binders,73518.62,55006.72,66166.76,11160.04,0.1687,Consumer,Chennai,Tamil Nadu
O51819,2025-06-05,C1085,P2065,1.0,0.2,Binders Product 66,Office Supplies,Binders,20647.93,15864.6,16518.34,653.74,0.0396,Consumer,Coimbatore,Tamil Nadu
O51820,2025-03-11,C1475,P2030,1.0,0.15,Chairs Product 31,Furniture,Chairs,38498.53,28996.9,32723.75,3726.85,0.1139,Home Office,Hyderabad,Karnataka
O51821,2025-06-18,C1051,P2032,5.0,0.15,Stationery Product 33,Office Supplies,Stationery,3779.83,2280.57,16064.28,4661.43,0.2902,Corporate,Kochi,Karnataka
O51822,2025-09-29,C1110,P2038,1.0,0.0,Binders Product 39,Office Supplies,Binders,69402.41,51424.61,69402.41,17977.8,0.259,Consumer,Coimbatore,Delhi
O51823,2025-03-09,C1436,P2045,2.0,0.15,Tables Product 46,Furniture,Tables,69698.77,48576.61,118487.91,21334.69,0.1801,Consumer,Salem,Karnataka
O51824,2025-12-21,C1364,P2036,5.0,0.05,Tables Product 37,Furniture,Tables,76874.21,52831.76,365152.5,100993.7,0.2766,Home Office,Hyderabad,Telangana
O51825,2025-09-09,C1341,P2059,5.0,0.2,Chairs Product 60,Furniture,Chairs,38547.8,29927.33,154191.2,4554.55,0.0295,Consumer,Kochi,Telangana
O51826,2025-02-17,C1042,P2030,5.0,0.05,Chairs Product 31,Furniture,Chairs,38498.53,28996.9,182868.02,37883.52,0.2072,Consumer,Kochi,Karnataka
O51827,2025-07-03,C1210,P2010,3.0,0.1,Phones Product 11,Technology,Phones,49447.03,40193.38,133506.98,12926.84,0.0968,Consumer,Chennai,Tamil Nadu
O51828,2025-11-16,C1455,P2001,3.0,0.1,Tables Product 2,Furniture,Tables,61893.98,38740.54,167113.75,50892.13,0.3045,Consumer,Chennai,Delhi
O51829,2025-07-06,C1499,P2026,3.0,0.2,Binders Product 27,Office Supplies,Binders,50136.78,40537.07,120328.27,-1282.94,-0.0107,Home Office,Mumbai,Tamil Nadu
O51830,2025-03-31,C1199,P2001,4.0,0.05,Tables Product 2,Furniture,Tables,61893.98,38740.54,235197.12,80234.96,0.3411,Corporate,Delhi,Tamil Nadu
O51831,2025-11-28,C1297,P2020,2.0,0.15,Phones Product 21,Technology,Phones,42879.1,36071.45,72894.47,751.57,0.0103,Consumer,Kochi,Maharashtra
O51832,2025-05-19,C1345,P2057,5.0,0.05,Laptops Product 58,Technology,Laptops,10032.16,7014.74,47652.76,12579.06,0.264,Corporate,Salem,Tamil Nadu
O51833,2025-12-23,C1239,P2004,5.0,0.15,Stationery Product 5,Office Supplies,Stationery,22154.95,19379.22,94158.54,-2737.56,-0.0291,Consumer,Coimbatore,Maharashtra
O51834,2025-03-30,C1114,P2051,3.0,0.25,Chairs Product 52,Furniture,Chairs,34641.74,21896.2,77943.92,12255.32,0.1572,Corporate,Madurai,Kerala
O51835,2025-10-01,C1025,P2044,5.0,0.1,Stationery Product 45,Office Supplies,Stationery,33218.58,19028.06,149483.61,54343.31,0.3635,Corporate,Delhi,Kerala
O51836,2025-01-19,C1406,P2019,5.0,0.1,Chairs Product 20,Furniture,Chairs,44904.0,24841.99,202068.0,77858.05,0.3853,Consumer,Salem,Telangana
O51837,2025-11-07,C1298,P2060,1.0,0.25,Laptops Product 61,Technology,Laptops,51237.86,42856.01,38428.4,-4427.61,-0.1152,Corporate,Kochi,Maharashtra
O51838,2025-12-24,C1076,P2037,5.0,0.1,Paper Product 38,Office Supplies,Paper,27871.02,18741.67,125419.59,31711.24,0.2528,Corporate,Kochi,Telangana
O51839,2025-06-03,C1411,P2019,4.0,0.1,Chairs Product 20,Furniture,Chairs,44904.0,24841.99,161654.4,62286.44,0.3853,Home Office,Mumbai,Tamil Nadu
O51840,2025-09-17,C1136,P2024,3.0,0.15,Storage Product 25,Furniture,Storage,71728.84,53529.53,182908.54,22319.95,0.122,Consumer,Kochi,Tamil Nadu
O51841,2025-04-18,C1019,P2001,2.0,0.15,Tables Product 2,Furniture,Tables,61893.98,38740.54,105219.77,27738.69,0.2636,Consumer,Chennai,Maharashtra
O51842,2025-10-12,C1439,P2031,2.0,0.05,Phones Product 32,Technology,Phones,27150.59,16564.55,51586.12,18457.02,0.3578,Consumer,Chennai,Telangana
O51843,2025-02-28,C1210,P2025,1.0,0.2,Storage Product 26,Furniture,Storage,43441.32,34057.56,34753.06,695.5,0.02,Consumer,Chennai,Tamil Nadu
O51844,2025-05-05,C1239,P2069,2.0,0.1,Binders Product 70,Office Supplies,Binders,31690.99,24240.66,57043.78,8562.46,0.1501,Consumer,Coimbatore,Maharashtra
O51845,2025-12-20,C1038,P2040,2.0,0.0,Tables Product 41,Furniture,Tables,52504.24,46067.43,105008.48,12873.62,0.1226,Corporate,Kochi,Maharashtra
O51846,2025-09-30,C1434,P2066,3.0,0.2,Stationery Product 67,Office Supplies,Stationery,54754.87,39098.68,131411.69,14115.65,0.1074,Consumer,Madurai,Maharashtra
O51847,2025-04-17,C1267,P2000,3.0,0.1,Laptops Product 1,Technology,Laptops,13340.82,10836.58,36020.21,3510.47,0.0975,Corporate,Coimbatore,Kerala
O51848,2025-10-26,C1206,P2050,4.0,0.05,Phones Product 51,Technology,Phones,26671.88,18619.55,101353.14,26874.94,0.2652,Consumer,Pune,Delhi
O51849,2025-09-02,C1478,P2004,1.0,0.15,Stationery Product 5,Office Supplies,Stationery,22154.95,19379.22,18831.71,-547.51,-0.0291,Home Office,Madurai,Maharashtra
O51850,2025-12-02,C1438,P2012,2.0,0.2,Laptops Product 13,Technology,Laptops,16281.82,11596.34,26050.91,2858.23,0.1097,Corporate,Pune,Delhi
O51851,2025-09-04,C1461,P2018,4.0,0.2,Laptops Product 19,Technology,Laptops,45801.09,25468.21,146563.49,44690.65,0.3049,Corporate,Bengaluru,Kerala
O51852,2025-01-08,C1266,P2011,1.0,0.25,Tables Product 12,Furniture,Tables,47986.68,36009.74,35990.01,-19.73,-0.0005,Corporate,Delhi,Tamil Nadu
O51853,2025-05-21,C1153,P2047,2.0,0.2,Chairs Product 48,Furniture,Chairs,77562.16,49266.25,124099.46,25566.96,0.206,Consumer,Chennai,Maharashtra
O51854,2025-12-28,C1041,P2024,2.0,0.0,Storage Product 25,Furniture,Storage,71728.84,53529.53,143457.68,36398.62,0.2537,Consumer,Bengaluru,Tamil Nadu
O51855,2025-01-08,C1410,P2056,3.0,0.1,Phones Product 57,Technology,Phones,10100.77,6325.84,27272.08,8294.56,0.3041,Consumer,Kochi,Maharashtra
O51856,2025-12-18,C1010,P2034,5.0,0.2,Stationery Product 35,Office Supplies,Stationery,6797.66,4643.32,27190.64,3974.04,0.1462,Consumer,Kochi,Kerala
O51857,2025-04-04,C1293,P2075,1.0,0.1,Binders Product 76,Office Supplies,Binders,43695.78,24115.72,39326.2,15210.48,0.3868,Consumer,Mumbai,Kerala
O51858,2025-11-17,C1097,P2004,2.0,0.15,Stationery Product 5,Office Supplies,Stationery,22154.95,19379.22,37663.42,-1095.02,-0.0291,Consumer,Kochi,Delhi
O51859,2025-02-08,C1426,P2021,1.0,0.15,Laptops Product 22,Technology,Laptops,6562.71,4469.1,5578.3,1109.2,0.1988,Consumer,Madurai,Telangana
O51860,2025-03-22,C1274,P2076,4.0,0.1,Phones Product 77,Technology,Phones,31874.96,24846.67,114749.86,15363.18,0.1339,Consumer,Chennai,Tamil Nadu
O51861,2025-07-06,C1447,P2056,4.0,0.25,Phones Product 57,Technology,Phones,10100.77,6325.84,30302.31,4998.95,0.165,Corporate,Chennai,Delhi
O51862,2025-03-25,C1389,P2046,5.0,0.1,Chairs Product 47,Furniture,Chairs,53110.92,30880.61,238999.14,84596.09,0.354,Corporate,Delhi,Karnataka
O51863,2025-03-29,C1429,P2053,2.0,0.1,Accessories Product 54,Technology,Accessories,58991.24,45367.54,106184.23,15449.15,0.1455,Consumer,Chennai,Karnataka
O51864,2025-08-30,C1371,P2002,3.0,0.3,Accessories Product 3,Technology,Accessories,76083.83,45638.81,159776.04,22859.61,0.1431,Consumer,Salem,Maharashtra
O51865,2025-12-08,C1229,P2052,2.0,0.1,Chairs Product 53,Furniture,Chairs,20426.46,13656.17,36767.63,9455.29,0.2572,Corporate,Coimbatore,Telangana
O51866,2025-04-03,C1368,P2030,1.0,0.05,Chairs Product 31,Furniture,Chairs,38498.53,28996.9,36573.6,7576.7,0.2072,Consumer,Delhi,Karnataka
O51867,2025-03-27,C1425,P2068,4.0,0.1,Binders Product 69,Office Supplies,Binders,73518.62,55006.72,264667.03,44640.15,0.1687,Consumer,Coimbatore,Karnataka
O51868,2025-02-13,C1219,P2032,1.0,0.2,Stationery Product 33,Office Supplies,Stationery,3779.83,2280.57,3023.86,743.29,0.2458,Corporate,Madurai,Karnataka
O51869,2025-05-17,C1064,P2071,5.0,0.2,Paper Product 72,Office Supplies,Paper,79468.95,63440.16,317875.8,675.0,0.0021,Consumer,Coimbatore,Tamil Nadu
O51870,2025-03-15,C1354,P2049,4.0,0.2,Accessories Product 50,Technology,Accessories,36467.03,22897.52,116694.5,25104.42,0.2151,Consumer,Pune,Delhi
O51871,2025-02-05,C1231,P2015,3.0,0.15,Tables Product 16,Furniture,Tables,38551.13,28836.5,98305.38,11795.88,0.12,Consumer,Hyderabad,Telangana
O51872,2025-04-11,C1327,P2075,4.0,0.05,Binders Product 76,Office Supplies,Binders,43695.78,24115.72,166043.96,69581.08,0.4191,Corporate,Salem,Telangana
O51873,2025-06-05,C1442,P2076,2.0,0.2,Phones Product 77,Technology,Phones,31874.96,24846.67,50999.94,1306.6,0.0256,Consumer,Delhi,Tamil Nadu
O51874,2025-09-12,C1051,P2038,2.0,0.25,Binders Product 39,Office Supplies,Binders,69402.41,51424.61,104103.62,1254.4,0.012,Corporate,Kochi,Karnataka
O51875,2025-06-20,C1373,P2045,4.0,0.05,Tables Product 46,Furniture,Tables,69698.77,48576.61,264855.33,70548.89,0.2664,Corporate,Madurai,Telangana
O51876,2025-08-04,C1430,P2046,5.0,0.05,Chairs Product 47,Furniture,Chairs,53110.92,30880.61,252276.87,97873.82,0.388,Consumer,Bengaluru,Kerala
O51877,2025-06-19,C1375,P2043,2.0,0.3,Tables Product 44,Furniture,Tables,14620.74,9187.52,20469.04,2094.0,0.1023,Consumer,Delhi,Kerala
O51878,2025-09-09,C1262,P2008,2.0,0.2,Paper Product 9,Office Supplies,Paper,12546.55,8779.06,20074.48,2516.36,0.1254,Consumer,Pune,Maharashtra
O51879,2025-12-26,C1266,P2049,3.0,0.25,Accessories Product 50,Technology,Accessories,36467.03,22897.52,82050.82,13358.26,0.1628,Corporate,Delhi,Tamil Nadu
O51880,2025-11-18,C1358,P2076,4.0,0.2,Phones Product 77,Technology,Phones,31874.96,24846.67,101999.87,2613.19,0.0256,Home Office,Kochi,Tamil Nadu
O51881,2025-02-24,C1316,P2059,2.0,0.15,Chairs Product 60,Furniture,Chairs,38547.8,29927.33,65531.26,5676.6,0.0866,Consumer,Chennai,Telangana
O51882,2025-04-01,C1323,P2014,5.0,0.15,Chairs Product 15,Furniture,Chairs,12221.58,8595.65,51941.72,8963.47,0.1726,Consumer,Bengaluru,Karnataka
O51883,2025-10-05,C1408,P2035,1.0,0.15,Phones Product 36,Technology,Phones,2743.0,1741.9,2331.55,589.65,0.2529,Home Office,Bengaluru,Maharashtra
O51884,2025-04-11,C1395,P2062,4.0,0.0,Storage Product 63,Furniture,Storage,2688.9,1752.13,10755.6,3747.08,0.3484,Home Office,Salem,Telangana
O51885,2025-06-04,C1153,P2068,3.0,0.15,Binders Product 69,Office Supplies,Binders,73518.62,55006.72,187472.48,22452.32,0.1198,Consumer,Chennai,Maharashtra
O51886,2025-12-15,C1357,P2079,2.0,0.1,Tables Product 80,Furniture,Tables,60819.74,43495.05,109475.53,22485.43,0.2054,Corporate,Pune,Telangana
O51887,2025-12-30,C1365,P2040,5.0,0.15,Tables Product 41,Furniture,Tables,52504.24,46067.43,223143.02,-7194.13,-0.0322,Consumer,Delhi,Tamil Nadu
O51888,2025-05-21,C1139,P2073,4.0,0.1,Tables Product 74,Furniture,Tables,74076.28,51453.16,266674.61,60861.97,0.2282,Home Office,Coimbatore,Kerala
O51889,2025-06-22,C1426,P2023,5.0,0.1,Binders Product 24,Office Supplies,Binders,13648.36,7977.57,61417.62,21529.77,0.3505,Consumer,Madurai,Telangana
O51890,2025-01-10,C1050,P2048,5.0,0.05,Storage Product 49,Furniture,Storage,47196.49,35282.94,224183.33,47768.63,0.2131,Home Office,Chennai,Tamil Nadu
O51891,2025-08-16,C1116,P2017,3.0,0.05,Stationery Product 18,Office Supplies,Stationery,38596.4,22564.5,109999.74,42306.24,0.3846,Corporate,Pune,Telangana
O51892,2025-09-22,C1420,P2006,4.0,0.05,Laptops Product 7,Technology,Laptops,57279.45,42140.92,217661.91,49098.23,0.2256,Corporate,Bengaluru,Maharashtra
O51893,2025-09-05,C1045,P2003,2.0,0.05,Chairs Product 4,Furniture,Chairs,72789.1,60628.14,138299.29,17043.01,0.1232,Corporate,Kochi,Telangana
O51894,2025-09-04,C1308,P2068,3.0,0.3,Binders Product 69,Office Supplies,Binders,73518.62,55006.72,154389.1,-10631.06,-0.0689,Corporate,Madurai,Tamil Nadu
O51895,2025-06-04,C1087,P2059,2.0,0.05,Chairs Product 60,Furniture,Chairs,38547.8,29927.33,73240.82,13386.16,0.1828,Corporate,Coimbatore,Tamil Nadu
O51896,2025-02-03,C1207,P2054,1.0,0.05,Chairs Product 55,Furniture,Chairs,56519.23,39410.95,53693.27,14282.32,0.266,Corporate,Salem,Karnataka
O51897,2025-05-09,C1376,P2015,5.0,0.15,Tables Product 16,Furniture,Tables,38551.13,28836.5,163842.3,19659.8,0.12,Corporate,Pune,Delhi
O51898,2025-06-09,C1268,P2028,1.0,0.15,Tables Product 29,Furniture,Tables,62771.45,44486.02,53355.73,8869.71,0.1662,Consumer,Pune,Tamil Nadu
O51899,2025-03-30,C1088,P2022,5.0,0.05,Accessories Product 23,Technology,Accessories,16308.47,12700.29,77465.23,13963.78,0.1803,Home Office,Hyderabad,Delhi
O51900,2025-04-03,C1380,P2013,3.0,0.2,Phones Product 14,Technology,Phones,26276.26,19570.22,63063.02,4352.36,0.069,Consumer,Pune,Karnataka
O51901,2025-11-23,C1117,P2078,2.0,0.2,Tables Product 79,Furniture,Tables,6133.72,4595.0,9813.95,623.95,0.0636,Consumer,Hyderabad,Tamil Nadu
O51902,2025-08-29,C1053,P2048,2.0,0.05,Storage Product 49,Furniture,Storage,47196.49,35282.94,89673.33,19107.45,0.2131,Home Office,Chennai,Telangana
O51903,2025-11-19,C1440,P2032,3.0,0.1,Stationery Product 33,Office Supplies,Stationery,3779.83,2280.57,10205.54,3363.83,0.3296,Consumer,Chennai,Tamil Nadu
O51904,2025-04-27,C1115,P2024,4.0,0.25,Storage Product 25,Furniture,Storage,71728.84,53529.53,215186.52,1068.4,0.005,Home Office,Salem,Delhi
O51905,2025-04-04,C1117,P2020,1.0,0.2,Phones Product 21,Technology,Phones,42879.1,36071.45,34303.28,-1768.17,-0.0515,Consumer,Hyderabad,Tamil Nadu
O51906,2025-06-12,C1259,P2016,1.0,0.15,Laptops Product 17,Technology,Laptops,60637.62,52413.59,51541.98,-871.61,-0.0169,Consumer,Chennai,Maharashtra
O51907,2025-04-09,C1074,P2022,2.0,0.0,Accessories Product 23,Technology,Accessories,16308.47,12700.29,32616.94,7216.36,0.2212,Corporate,Madurai,Karnataka
O51908,2025-04-23,C1479,P2056,2.0,0.1,Phones Product 57,Technology,Phones,10100.77,6325.84,18181.39,5529.71,0.3041,Consumer,Madurai,Kerala
O51909,2025-12-25,C1304,P2057,2.0,0.15,Laptops Product 58,Technology,Laptops,10032.16,7014.74,17054.67,3025.19,0.1774,Corporate,Mumbai,Telangana
O51910,2025-04-01,C1006,P2013,3.0,0.05,Phones Product 14,Technology,Phones,26276.26,19570.22,74887.34,16176.68,0.216,Consumer,Bengaluru,Telangana
O51911,2025-12-12,C1365,P2019,4.0,0.1,Chairs Product 20,Furniture,Chairs,44904.0,24841.99,161654.4,62286.44,0.3853,Consumer,Delhi,Tamil Nadu
O51912,2025-07-25,C1121,P2029,1.0,0.15,Phones Product 30,Technology,Phones,35257.0,27824.57,29968.45,2143.88,0.0715,Home Office,Mumbai,Telangana
O51913,2025-01-17,C1010,P2018,5.0,0.1,Laptops Product 19,Technology,Laptops,45801.09,25468.21,206104.9,78763.85,0.3822,Consumer,Kochi,Kerala
O51914,2025-10-01,C1347,P2052,3.0,0.2,Chairs Product 53,Furniture,Chairs,20426.46,13656.17,49023.5,8054.99,0.1643,Consumer,Delhi,Telangana
O51915,2025-06-22,C1437,P2055,1.0,0.2,Binders Product 56,Office Supplies,Binders,16705.54,9805.04,13364.43,3559.39,0.2663,Corporate,Kochi,Maharashtra
O51916,2025-04-26,C1488,P2076,4.0,0.1,Phones Product 77,Technology,Phones,31874.96,24846.67,114749.86,15363.18,0.1339,Home Office,Coimbatore,Tamil Nadu
O51917,2025-12-15,C1214,P2022,3.0,0.2,Accessories Product 23,Technology,Accessories,16308.47,12700.29,39140.33,1039.46,0.0266,Corporate,Salem,Maharashtra
O51918,2025-06-30,C1428,P2061,1.0,0.05,Storage Product 62,Furniture,Storage,41881.88,27770.86,39787.79,12016.93,0.302,Consumer,Coimbatore,Delhi
O51919,2025-04-01,C1278,P2032,3.0,0.2,Stationery Product 33,Office Supplies,Stationery,3779.83,2280.57,9071.59,2229.88,0.2458,Corporate,Madurai,Maharashtra
O51920,2025-03-23,C1497,P2017,1.0,0.05,Stationery Product 18,Office Supplies,Stationery,38596.4,22564.5,36666.58,14102.08,0.3846,Consumer,Pune,Maharashtra
O51921,2025-11-20,C1027,P2072,1.0,0.0,Accessories Product 73,Technology,Accessories,59154.4,49684.38,59154.4,9470.02,0.1601,Consumer,Salem,Karnataka
O51922,2025-04-24,C1234,P2032,4.0,0.15,Stationery Product 33,Office Supplies,Stationery,3779.83,2280.57,12851.42,3729.14,0.2902,Consumer,Chennai,Tamil Nadu
O51923,2025-09-14,C1366,P2031,5.0,0.1,Phones Product 32,Technology,Phones,27150.59,16564.55,122177.66,39354.91,0.3221,Home Office,Kochi,Karnataka
O51924,2025-02-27,C1312,P2060,4.0,0.25,Laptops Product 61,Technology,Laptops,51237.86,42856.01,153713.58,-17710.46,-0.1152,Consumer,Chennai,Kerala
O51925,2025-06-03,C1025,P2053,1.0,0.1,Accessories Product 54,Technology,Accessories,58991.24,45367.54,53092.12,7724.58,0.1455,Corporate,Delhi,Kerala
O51926,2025-12-31,C1408,P2016,3.0,0.1,Laptops Product 17,Technology,Laptops,60637.62,52413.59,163721.57,6480.8,0.0396,Home Office,Bengaluru,Maharashtra
O51927,2025-04-26,C1053,P2018,4.0,0.1,Laptops Product 19,Technology,Laptops,45801.09,25468.21,164883.92,63011.08,0.3822,Home Office,Chennai,Telangana
O51928,2025-12-09,C1028,P2069,5.0,0.1,Binders Product 70,Office Supplies,Binders,31690.99,24240.66,142609.46,21406.16,0.1501,Corporate,Chennai,Tamil Nadu
O51929,2025-09-23,C1466,P2033,1.0,0.1,Accessories Product 34,Technology,Accessories,18507.84,16264.51,16657.06,392.55,0.0236,Consumer,Chennai,Kerala
O51930,2025-11-11,C1352,P2024,4.0,0.15,Storage Product 25,Furniture,Storage,71728.84,53529.53,243878.06,29759.94,0.122,Corporate,Salem,Tamil Nadu
O51931,2025-07-22,C1163,P2067,4.0,0.2,Storage Product 68,Furniture,Storage,45777.6,25636.72,146488.32,43941.44,0.3,Consumer,Pune,Telangana
O51932,2025-02-10,C1269,P2073,4.0,0.2,Tables Product 74,Furniture,Tables,74076.28,51453.16,237044.1,31231.46,0.1318,Consumer,Coimbatore,Karnataka
O51933,2025-04-15,C1333,P2073,4.0,0.3,Tables Product 74,Furniture,Tables,74076.28,51453.16,207413.58,1600.94,0.0077,Consumer,Hyderabad,Tamil Nadu
O51934,2025-07-12,C1034,P2010,3.0,0.05,Phones Product 11,Technology,Phones,49447.03,40193.38,140924.04,20343.9,0.1444,Home Office,Kochi,Telangana
O51935,2025-10-05,C1285,P2015,5.0,0.15,Tables Product 16,Furniture,Tables,38551.13,28836.5,163842.3,19659.8,0.12,Consumer,Mumbai,Maharashtra
O51936,2025-12-20,C1347,P2060,5.0,0.1,Laptops Product 61,Technology,Laptops,51237.86,42856.01,230570.37,16290.32,0.0707,Consumer,Delhi,Telangana
O51937,2025-08-25,C1272,P2079,1.0,0.15,Tables Product 80,Furniture,Tables,60819.74,43495.05,51696.78,8201.73,0.1587,Home Office,Kochi,Kerala
O51938,2025-08-09,C1450,P2006,2.0,0.1,Laptops Product 7,Technology,Laptops,57279.45,42140.92,103103.01,18821.17,0.1825,Corporate,Chennai,Karnataka
O51939,2025-03-09,C1207,P2015,3.0,0.3,Tables Product 16,Furniture,Tables,38551.13,28836.5,80957.37,-5552.13,-0.0686,Corporate,Salem,Karnataka
O51940,2025-07-16,C1237,P2015,1.0,0.15,Tables Product 16,Furniture,Tables,38551.13,28836.5,32768.46,3931.96,0.12,Consumer,Bengaluru,Delhi
O51941,2025-09-13,C1413,P2039,1.0,0.25,Chairs Product 40,Furniture,Chairs,31822.56,23868.26,23866.92,-1.34,-0.0001,Consumer,Mumbai,Karnataka
O51942,2025-05-19,C1499,P2011,4.0,0.2,Tables Product 12,Furniture,Tables,47986.68,36009.74,153557.38,9518.42,0.062,Home Office,Mumbai,Tamil Nadu
O51943,2025-11-08,C1092,P2034,2.0,0.25,Stationery Product 35,Office Supplies,Stationery,6797.66,4643.32,10196.49,909.85,0.0892,Corporate,Pune,Karnataka
O51944,2025-05-29,C1172,P2020,2.0,0.2,Phones Product 21,Technology,Phones,42879.1,36071.45,68606.56,-3536.34,-0.0515,Consumer,Bengaluru,Karnataka
O51945,2025-04-09,C1078,P2049,3.0,0.1,Accessories Product 50,Technology,Accessories,36467.03,22897.52,98460.98,29768.42,0.3023,Consumer,Bengaluru,Karnataka
O51946,2025-03-17,C1109,P2042,2.0,0.05,Storage Product 43,Furniture,Storage,19092.63,15390.19,36276.0,5495.62,0.1515,Consumer,Kochi,Kerala
O51947,2025-10-09,C1216,P2016,1.0,0.1,Laptops Product 17,Technology,Laptops,60637.62,52413.59,54573.86,2160.27,0.0396,Consumer,Madurai,Delhi
O51948,2025-04-19,C1434,P2031,2.0,0.0,Phones Product 32,Technology,Phones,27150.59,16564.55,54301.18,21172.08,0.3899,Consumer,Madurai,Maharashtra
O51949,2025-07-07,C1357,P2040,2.0,0.1,Tables Product 41,Furniture,Tables,52504.24,46067.43,94507.63,2372.77,0.0251,Corporate,Pune,Telangana
O51950,2025-07-18,C1105,P2005,5.0,0.1,Tables Product 6,Furniture,Tables,18627.38,11555.02,83823.21,26048.11,0.3108,Consumer,Pune,Maharashtra
O51951,2025-10-30,C1046,P2026,1.0,0.1,Binders Product 27,Office Supplies,Binders,50136.78,40537.07,45123.1,4586.03,0.1016,Consumer,Kochi,Kerala
O51952,2025-11-23,C1180,P2019,2.0,0.3,Chairs Product 20,Furniture,Chairs,44904.0,24841.99,62865.6,13181.62,0.2097,Consumer,Madurai,Maharashtra
O51953,2025-06-03,C1063,P2024,2.0,0.25,Storage Product 25,Furniture,Storage,71728.84,53529.53,107593.26,534.2,0.005,Consumer,Delhi,Tamil Nadu
O51954,2025-02-09,C1245,P2065,4.0,0.05,Binders Product 66,Office Supplies,Binders,20647.93,15864.6,78462.13,15003.73,0.1912,Home Office,Delhi,Delhi
O51955,2025-05-13,C1243,P2008,2.0,0.1,Paper Product 9,Office Supplies,Paper,12546.55,8779.06,22583.79,5025.67,0.2225,Consumer,Kochi,Karnataka
O51956,2025-05-12,C1421,P2052,2.0,0.1,Chairs Product 53,Furniture,Chairs,20426.46,13656.17,36767.63,9455.29,0.2572,Corporate,Hyderabad,Karnataka
O51957,2025-10-06,C1319,P2060,5.0,0.1,Laptops Product 61,Technology,Laptops,51237.86,42856.01,230570.37,16290.32,0.0707,Consumer,Coimbatore,Karnataka
O51958,2025-12-28,C1086,P2037,1.0,0.2,Paper Product 38,Office Supplies,Paper,27871.02,18741.67,22296.82,3555.15,0.1594,Corporate,Bengaluru,Maharashtra
O51959,2025-03-25,C1216,P2002,3.0,0.1,Accessories Product 3,Technology,Accessories,76083.83,45638.81,205426.34,68509.91,0.3335,Consumer,Madurai,Delhi
O51960,2025-08-30,C1489,P2069,1.0,0.15,Binders Product 70,Office Supplies,Binders,31690.99,24240.66,26937.34,2696.68,0.1001,Home Office,Madurai,Delhi
O51961,2025-04-26,C1006,P2054,4.0,0.2,Chairs Product 55,Furniture,Chairs,56519.23,39410.95,180861.54,23217.74,0.1284,Consumer,Bengaluru,Telangana
O51962,2025-04-19,C1277,P2000,1.0,0.2,Laptops Product 1,Technology,Laptops,13340.82,10836.58,10672.66,-163.92,-0.0154,Corporate,Salem,Telangana
O51963,2025-08-09,C1336,P2069,2.0,0.05,Binders Product 70,Office Supplies,Binders,31690.99,24240.66,60212.88,11731.56,0.1948,Home Office,Madurai,Karnataka
O51964,2025-02-10,C1209,P2044,4.0,0.15,Stationery Product 45,Office Supplies,Stationery,33218.58,19028.06,112943.17,36830.93,0.3261,Consumer,Mumbai,Maharashtra
O51965,2025-05-27,C1496,P2046,1.0,0.1,Chairs Product 47,Furniture,Chairs,53110.92,30880.61,47799.83,16919.22,0.354,Corporate,Madurai,Karnataka
O51966,2025-04-22,C1168,P2078,4.0,0.1,Tables Product 79,Furniture,Tables,6133.72,4595.0,22081.39,3701.39,0.1676,Consumer,Coimbatore,Kerala
O51967,2025-04-13,C1329,P2025,3.0,0.0,Storage Product 26,Furniture,Storage,43441.32,34057.56,130323.96,28151.28,0.216,Consumer,Madurai,Maharashtra
O51968,2025-02-15,C1137,P2013,1.0,0.1,Phones Product 14,Technology,Phones,26276.26,19570.22,23648.63,4078.41,0.1725,Corporate,Mumbai,Karnataka
O51969,2025-11-20,C1440,P2053,2.0,0.1,Accessories Product 54,Technology,Accessories,58991.24,45367.54,106184.23,15449.15,0.1455,Consumer,Chennai,Tamil Nadu
O51970,2025-09-28,C1390,P2070,4.0,0.05,Phones Product 71,Technology,Phones,79953.27,45246.36,303822.43,122836.99,0.4043,Home Office,Mumbai,Maharashtra
O51971,2025-07-14,C1495,P2045,5.0,0.15,Tables Product 46,Furniture,Tables,69698.77,48576.61,296219.77,53336.72,0.1801,Consumer,Pune,Delhi
O51972,2025-10-07,C1380,P2030,4.0,0.2,Chairs Product 31,Furniture,Chairs,38498.53,28996.9,123195.3,7207.7,0.0585,Consumer,Pune,Karnataka
O51973,2025-10-10,C1305,P2058,5.0,0.05,Paper Product 59,Office Supplies,Paper,8533.72,6340.06,40535.17,8834.87,0.218,Home Office,Coimbatore,Delhi
O51974,2025-02-09,C1229,P2028,2.0,0.0,Tables Product 29,Furniture,Tables,62771.45,44486.02,125542.9,36570.86,0.2913,Corporate,Coimbatore,Telangana
O51975,2025-07-08,C1474,P2016,3.0,0.2,Laptops Product 17,Technology,Laptops,60637.62,52413.59,145530.29,-11710.48,-0.0805,Consumer,Bengaluru,Telangana
O51976,2025-06-13,C1307,P2013,5.0,0.0,Phones Product 14,Technology,Phones,26276.26,19570.22,131381.3,33530.2,0.2552,Consumer,Pune,Karnataka
O51977,2025-01-24,C1160,P2035,3.0,0.25,Phones Product 36,Technology,Phones,2743.0,1741.9,6171.75,946.05,0.1533,Consumer,Pune,Telangana
O51978,2025-01-24,C1000,P2057,4.0,0.15,Laptops Product 58,Technology,Laptops,10032.16,7014.74,34109.34,6050.38,0.1774,Consumer,Salem,Maharashtra
O51979,2025-01-04,C1235,P2023,2.0,0.1,Binders Product 24,Office Supplies,Binders,13648.36,7977.57,24567.05,8611.91,0.3505,Corporate,Pune,Kerala
O51980,2025-11-19,C1436,P2062,5.0,0.05,Storage Product 63,Furniture,Storage,2688.9,1752.13,12772.28,4011.63,0.3141,Consumer,Salem,Karnataka
O51981,2025-10-17,C1187,P2024,4.0,0.0,Storage Product 25,Furniture,Storage,71728.84,53529.53,286915.36,72797.24,0.2537,Consumer,Hyderabad,Telangana
O51982,2025-06-30,C1417,P2058,1.0,0.05,Paper Product 59,Office Supplies,Paper,8533.72,6340.06,8107.03,1766.97,0.218,Consumer,Kochi,Kerala
O51983,2025-09-05,C1003,P2031,4.0,0.05,Phones Product 32,Technology,Phones,27150.59,16564.55,103172.24,36914.04,0.3578,Corporate,Chennai,Tamil Nadu
O51984,2025-04-26,C1400,P2017,3.0,0.15,Stationery Product 18,Office Supplies,Stationery,38596.4,22564.5,98420.82,30727.32,0.3122,Consumer,Delhi,Tamil Nadu
O51985,2025-10-06,C1131,P2036,2.0,0.05,Tables Product 37,Furniture,Tables,76874.21,52831.76,146061.0,40397.48,0.2766,Consumer,Delhi,Delhi
O51986,2025-12-31,C1426,P2025,2.0,0.1,Storage Product 26,Furniture,Storage,43441.32,34057.56,78194.38,10079.26,0.1289,Consumer,Madurai,Telangana
O51987,2025-03-10,C1217,P2008,4.0,0.15,Paper Product 9,Office Supplies,Paper,12546.55,8779.06,42658.27,7542.03,0.1768,Corporate,Hyderabad,Kerala
O51988,2025-12-17,C1259,P2063,1.0,0.1,Binders Product 64,Office Supplies,Binders,58712.04,35437.77,52840.84,17403.07,0.3293,Consumer,Chennai,Maharashtra
O51989,2025-09-11,C1000,P2071,3.0,0.0,Paper Product 72,Office Supplies,Paper,79468.95,63440.16,238406.85,48086.37,0.2017,Consumer,Salem,Maharashtra
O51990,2025-06-30,C1070,P2019,4.0,0.0,Chairs Product 20,Furniture,Chairs,44904.0,24841.99,179616.0,80248.04,0.4468,Corporate,Salem,Karnataka
O51991,2025-11-14,C1477,P2053,4.0,0.0,Accessories Product 54,Technology,Accessories,58991.24,45367.54,235964.96,54494.8,0.2309,Consumer,Pune,Delhi
O51992,2025-06-18,C1177,P2029,2.0,0.15,Phones Product 30,Technology,Phones,35257.0,27824.57,59936.9,4287.76,0.0715,Consumer,Madurai,Telangana
O51993,2025-11-09,C1456,P2052,3.0,0.1,Chairs Product 53,Furniture,Chairs,20426.46,13656.17,55151.44,14182.93,0.2572,Consumer,Madurai,Maharashtra
O51994,2025-09-06,C1188,P2062,1.0,0.2,Storage Product 63,Furniture,Storage,2688.9,1752.13,2151.12,398.99,0.1855,Consumer,Delhi,Maharashtra
O51995,2025-07-07,C1290,P2010,2.0,0.1,Phones Product 11,Technology,Phones,49447.03,40193.38,89004.65,8617.89,0.0968,Consumer,Pune,Tamil Nadu
O51996,2025-02-23,C1007,P2030,4.0,0.1,Chairs Product 31,Furniture,Chairs,38498.53,28996.9,138594.71,22607.11,0.1631,Home Office,Salem,Delhi
O51997,2025-11-22,C1252,P2048,2.0,0.1,Storage Product 49,Furniture,Storage,47196.49,35282.94,84953.68,14387.8,0.1694,Home Office,Chennai,Maharashtra
O51998,2025-12-23,C1407,P2018,2.0,0.15,Laptops Product 19,Technology,Laptops,45801.09,25468.21,77861.85,26925.43,0.3458,Consumer,Madurai,Tamil Nadu
O51999,2025-11-09,C1466,P2011,5.0,0.05,Tables Product 12,Furniture,Tables,47986.68,36009.74,227936.73,47888.03,0.2101,Consumer,Chennai,Kerala
O52000,2025-05-18,C1291,P2014,2.0,0.05,Chairs Product 15,Furniture,Chairs,12221.58,8595.65,23221.0,6029.7,0.2597,Consumer,Salem,Tamil Nadu
O52001,2025-06-17,C1433,P2030,2.0,0.15,Chairs Product 31,Furniture,Chairs,38498.53,28996.9,65447.5,7453.7,0.1139,Consumer,Mumbai,Maharashtra
O52002,2025-04-13,C1243,P2042,3.0,0.1,Storage Product 43,Furniture,Storage,19092.63,15390.19,51550.1,5379.53,0.1044,Consumer,Kochi,Karnataka
O52003,2025-03-26,C1122,P2036,2.0,0.1,Tables Product 37,Furniture,Tables,76874.21,52831.76,138373.58,32710.06,0.2364,Consumer,Bengaluru,Karnataka
O52004,2025-11-13,C1298,P2078,1.0,0.15,Tables Product 79,Furniture,Tables,6133.72,4595.0,5213.66,618.66,0.1187,Corporate,Kochi,Maharashtra
O52005,2025-07-31,C1282,P2028,4.0,0.1,Tables Product 29,Furniture,Tables,62771.45,44486.02,225977.22,48033.14,0.2126,Consumer,Coimbatore,Kerala
O52006,2025-01-03,C1031,P2025,3.0,0.15,Storage Product 26,Furniture,Storage,43441.32,34057.56,110775.37,8602.69,0.0777,Consumer,Mumbai,Telangana
O52007,2025-06-28,C1333,P2001,2.0,0.15,Tables Product 2,Furniture,Tables,61893.98,38740.54,105219.77,27738.69,0.2636,Consumer,Hyderabad,Tamil Nadu
O52008,2025-12-08,C1376,P2014,1.0,0.15,Chairs Product 15,Furniture,Chairs,12221.58,8595.65,10388.34,1792.69,0.1726,Corporate,Pune,Delhi
O52009,2025-10-30,C1145,P2003,4.0,0.15,Chairs Product 4,Furniture,Chairs,72789.1,60628.14,247482.94,4970.38,0.0201,Consumer,Mumbai,Delhi
O52010,2025-11-28,C1155,P2049,3.0,0.15,Accessories Product 50,Technology,Accessories,36467.03,22897.52,92990.93,24298.37,0.2613,Consumer,Hyderabad,Tamil Nadu
O52011,2025-02-07,C1412,P2037,1.0,0.15,Paper Product 38,Office Supplies,Paper,27871.02,18741.67,23690.37,4948.7,0.2089,Home Office,Kochi,Maharashtra
O52012,2025-08-27,C1015,P2022,2.0,0.2,Accessories Product 23,Technology,Accessories,16308.47,12700.29,26093.55,692.97,0.0266,Consumer,Coimbatore,Delhi
O52013,2025-06-18,C1354,P2058,5.0,0.1,Paper Product 59,Office Supplies,Paper,8533.72,6340.06,38401.74,6701.44,0.1745,Consumer,Pune,Delhi
O52014,2025-12-09,C1046,P2074,5.0,0.1,Paper Product 75,Office Supplies,Paper,63885.75,44320.26,287485.88,65884.58,0.2292,Consumer,Kochi,Kerala
O52015,2025-11-10,C1250,P2027,3.0,0.2,Storage Product 28,Furniture,Storage,6685.15,5650.89,16044.36,-908.31,-0.0566,Consumer,Chennai,Delhi
O52016,2025-11-02,C1186,P2065,1.0,0.15,Binders Product 66,Office Supplies,Binders,20647.93,15864.6,17550.74,1686.14,0.0961,Corporate,Mumbai,Delhi
O52017,2025-01-30,C1030,P2007,4.0,0.0,Storage Product 8,Furniture,Storage,77465.02,47348.43,309860.08,120466.36,0.3888,Corporate,Coimbatore,Kerala
O52018,2025-07-09,C1259,P2028,1.0,0.25,Tables Product 29,Furniture,Tables,62771.45,44486.02,47078.59,2592.57,0.0551,Consumer,Chennai,Maharashtra
O52019,2025-12-23,C1420,P2010,5.0,0.0,Phones Product 11,Technology,Phones,49447.03,40193.38,247235.15,46268.25,0.1871,Corporate,Bengaluru,Maharashtra
O52020,2025-01-25,C1016,P2017,3.0,0.15,Stationery Product 18,Office Supplies,Stationery,38596.4,22564.5,98420.82,30727.32,0.3122,Consumer,Kochi,Karnataka
O52021,2025-04-22,C1038,P2054,2.0,0.2,Chairs Product 55,Furniture,Chairs,56519.23,39410.95,90430.77,11608.87,0.1284,Corporate,Kochi,Maharashtra
O52022,2025-07-25,C1303,P2049,1.0,0.25,Accessories Product 50,Technology,Accessories,36467.03,22897.52,27350.27,4452.75,0.1628,Corporate,Delhi,Delhi
O52023,2025-07-04,C1429,P2013,5.0,0.0,Phones Product 14,Technology,Phones,26276.26,19570.22,131381.3,33530.2,0.2552,Consumer,Chennai,Karnataka
O52024,2025-02-16,C1473,P2073,4.0,0.15,Tables Product 74,Furniture,Tables,74076.28,51453.16,251859.35,46046.71,0.1828,Home Office,Salem,Karnataka
O52025,2025-08-16,C1431,P2008,3.0,0.1,Paper Product 9,Office Supplies,Paper,12546.55,8779.06,33875.68,7538.5,0.2225,Corporate,Salem,Karnataka
O52026,2025-02-08,C1038,P2010,2.0,0.1,Phones Product 11,Technology,Phones,49447.03,40193.38,89004.65,8617.89,0.0968,Corporate,Kochi,Maharashtra
O52027,2025-01-16,C1488,P2062,1.0,0.0,Storage Product 63,Furniture,Storage,2688.9,1752.13,2688.9,936.77,0.3484,Home Office,Coimbatore,Tamil Nadu
O52028,2025-01-22,C1131,P2075,4.0,0.15,Binders Product 76,Office Supplies,Binders,43695.78,24115.72,148565.65,52102.77,0.3507,Consumer,Delhi,Delhi
O52029,2025-08-01,C1029,P2066,2.0,0.1,Stationery Product 67,Office Supplies,Stationery,54754.87,39098.68,98558.77,20361.41,0.2066,Consumer,Chennai,Maharashtra
O52030,2025-11-06,C1157,P2052,5.0,0.05,Chairs Product 53,Furniture,Chairs,20426.46,13656.17,97025.68,28744.83,0.2963,Corporate,Salem,Tamil Nadu
O52031,2025-05-29,C1277,P2038,5.0,0.15,Binders Product 39,Office Supplies,Binders,69402.41,51424.61,294960.24,37837.19,0.1283,Corporate,Salem,Telangana
O52032,2025-08-29,C1202,P2077,4.0,0.15,Laptops Product 78,Technology,Laptops,47839.89,34926.79,162655.63,22948.47,0.1411,Consumer,Salem,Karnataka
O52033,2025-09-29,C1065,P2055,5.0,0.2,Binders Product 56,Office Supplies,Binders,16705.54,9805.04,66822.16,17796.96,0.2663,Consumer,Salem,Delhi
O52034,2025-02-28,C1107,P2027,3.0,0.25,Storage Product 28,Furniture,Storage,6685.15,5650.89,15041.59,-1911.08,-0.1271,Corporate,Coimbatore,Karnataka
O52035,2025-10-14,C1267,P2074,4.0,0.1,Paper Product 75,Office Supplies,Paper,63885.75,44320.26,229988.7,52707.66,0.2292,Corporate,Coimbatore,Kerala
O52036,2025-07-21,C1221,P2038,5.0,0.25,Binders Product 39,Office Supplies,Binders,69402.41,51424.61,260259.04,3135.99,0.012,Consumer,Madurai,Karnataka
O52037,2025-02-01,C1291,P2024,1.0,0.2,Storage Product 25,Furniture,Storage,71728.84,53529.53,57383.07,3853.54,0.0672,Consumer,Salem,Tamil Nadu
O52038,2025-06-11,C1017,P2020,5.0,0.1,Phones Product 21,Technology,Phones,42879.1,36071.45,192955.95,12598.7,0.0653,Consumer,Coimbatore,Karnataka
O52039,2025-09-12,C1089,P2009,3.0,0.05,Storage Product 10,Furniture,Storage,50209.76,29789.99,143097.82,53727.85,0.3755,Consumer,Mumbai,Karnataka
O52040,2025-09-11,C1180,P2042,2.0,0.1,Storage Product 43,Furniture,Storage,19092.63,15390.19,34366.73,3586.35,0.1044,Consumer,Madurai,Maharashtra
O52041,2025-01-09,C1254,P2014,2.0,0.1,Chairs Product 15,Furniture,Chairs,12221.58,8595.65,21998.84,4807.54,0.2185,Consumer,Delhi,Karnataka
O52042,2025-05-19,C1454,P2047,5.0,0.15,Chairs Product 48,Furniture,Chairs,77562.16,49266.25,329639.18,83307.93,0.2527,Consumer,Pune,Kerala
O52043,2025-01-10,C1252,P2020,2.0,0.15,Phones Product 21,Technology,Phones,42879.1,36071.45,72894.47,751.57,0.0103,Home Office,Chennai,Maharashtra
O52044,2025-08-02,C1256,P2059,5.0,0.15,Chairs Product 60,Furniture,Chairs,38547.8,29927.33,163828.15,14191.5,0.0866,Home Office,Kochi,Telangana
O52045,2025-09-30,C1382,P2049,3.0,0.1,Accessories Product 50,Technology,Accessories,36467.03,22897.52,98460.98,29768.42,0.3023,Corporate,Hyderabad,Maharashtra
O52046,2025-11-20,C1441,P2022,2.0,0.05,Accessories Product 23,Technology,Accessories,16308.47,12700.29,30986.09,5585.51,0.1803,Home Office,Salem,Tamil Nadu
O52047,2025-02-17,C1345,P2012,1.0,0.2,Laptops Product 13,Technology,Laptops,16281.82,11596.34,13025.46,1429.12,0.1097,Corporate,Salem,Tamil Nadu
O52048,2025-04-21,C1086,P2068,5.0,0.1,Binders Product 69,Office Supplies,Binders,73518.62,55006.72,330833.79,55800.19,0.1687,Corporate,Bengaluru,Maharashtra
O52049,2025-06-02,C1089,P2003,2.0,0.3,Chairs Product 4,Furniture,Chairs,72789.1,60628.14,101904.74,-19351.54,-0.1899,Consumer,Mumbai,Karnataka
O52050,2025-05-03,C1236,P2077,3.0,0.05,Laptops Product 78,Technology,Laptops,47839.89,34926.79,136343.69,31563.32,0.2315,Consumer,Salem,Maharashtra
O52051,2025-12-23,C1389,P2071,3.0,0.25,Paper Product 72,Office Supplies,Paper,79468.95,63440.16,178805.14,-11515.34,-0.0644,Corporate,Delhi,Karnataka
O52052,2025-04-12,C1069,P2008,1.0,0.0,Paper Product 9,Office Supplies,Paper,12546.55,8779.06,12546.55,3767.49,0.3003,Home Office,Chennai,Kerala
O52053,2025-08-29,C1043,P2034,3.0,0.05,Stationery Product 35,Office Supplies,Stationery,6797.66,4643.32,19373.33,5443.37,0.281,Home Office,Madurai,Maharashtra
O52054,2025-11-17,C1199,P2020,3.0,0.0,Phones Product 21,Technology,Phones,42879.1,36071.45,128637.3,20422.95,0.1588,Corporate,Delhi,Tamil Nadu
O52055,2025-07-10,C1151,P2057,2.0,0.15,Laptops Product 58,Technology,Laptops,10032.16,7014.74,17054.67,3025.19,0.1774,Consumer,Chennai,Karnataka
O52056,2025-08-05,C1085,P2017,5.0,0.2,Stationery Product 18,Office Supplies,Stationery,38596.4,22564.5,154385.6,41563.1,0.2692,Consumer,Coimbatore,Tamil Nadu
O52057,2025-02-20,C1018,P2071,4.0,0.1,Paper Product 72,Office Supplies,Paper,79468.95,63440.16,286088.22,32327.58,0.113,Consumer,Pune,Tamil Nadu
O52058,2025-10-19,C1100,P2042,3.0,0.25,Storage Product 43,Furniture,Storage,19092.63,15390.19,42958.42,-3212.15,-0.0748,Consumer,Pune,Kerala
O52059,2025-03-22,C1401,P2005,3.0,0.15,Tables Product 6,Furniture,Tables,18627.38,11555.02,47499.82,12834.76,0.2702,Home Office,Hyderabad,Delhi
O52060,2025-03-29,C1094,P2077,4.0,0.15,Laptops Product 78,Technology,Laptops,47839.89,34926.79,162655.63,22948.47,0.1411,Corporate,Delhi,Maharashtra
O52061,2025-07-13,C1253,P2066,3.0,0.2,Stationery Product 67,Office Supplies,Stationery,54754.87,39098.68,131411.69,14115.65,0.1074,Consumer,Chennai,Maharashtra
O52062,2025-04-14,C1356,P2011,2.0,0.1,Tables Product 12,Furniture,Tables,47986.68,36009.74,86376.02,14356.54,0.1662,Consumer,Pune,Karnataka
O52063,2025-09-28,C1029,P2011,2.0,0.1,Tables Product 12,Furniture,Tables,47986.68,36009.74,86376.02,14356.54,0.1662,Consumer,Chennai,Maharashtra
O52064,2025-04-06,C1248,P2065,4.0,0.25,Binders Product 66,Office Supplies,Binders,20647.93,15864.6,61943.79,-1514.61,-0.0245,Home Office,Bengaluru,Karnataka
O52065,2025-07-17,C1425,P2001,3.0,0.25,Tables Product 2,Furniture,Tables,61893.98,38740.54,139261.46,23039.84,0.1654,Consumer,Coimbatore,Karnataka
O52066,2025-01-01,C1032,P2014,3.0,0.3,Chairs Product 15,Furniture,Chairs,12221.58,8595.65,25665.32,-121.63,-0.0047,Consumer,Bengaluru,Karnataka
O52067,2025-06-16,C1457,P2022,5.0,0.25,Accessories Product 23,Technology,Accessories,16308.47,12700.29,61156.76,-2344.69,-0.0383,Consumer,Chennai,Maharashtra
O52068,2025-05-06,C1228,P2028,3.0,0.05,Tables Product 29,Furniture,Tables,62771.45,44486.02,178898.63,45440.57,0.254,Home Office,Salem,Karnataka
O52069,2025-11-09,C1011,P2006,2.0,0.2,Laptops Product 7,Technology,Laptops,57279.45,42140.92,91647.12,7365.28,0.0804,Home Office,Mumbai,Kerala
O52070,2025-03-22,C1117,P2027,1.0,0.1,Storage Product 28,Furniture,Storage,6685.15,5650.89,6016.64,365.75,0.0608,Consumer,Hyderabad,Tamil Nadu
O52071,2025-09-08,C1349,P2013,1.0,0.3,Phones Product 14,Technology,Phones,26276.26,19570.22,18393.38,-1176.84,-0.064,Corporate,Delhi,Maharashtra
O52072,2025-06-18,C1154,P2043,1.0,0.1,Tables Product 44,Furniture,Tables,14620.74,9187.52,13158.67,3971.15,0.3018,Home Office,Bengaluru,Tamil Nadu
O52073,2025-03-14,C1422,P2029,1.0,0.15,Phones Product 30,Technology,Phones,35257.0,27824.57,29968.45,2143.88,0.0715,Consumer,Mumbai,Tamil Nadu
O52074,2025-05-21,C1392,P2031,3.0,0.1,Phones Product 32,Technology,Phones,27150.59,16564.55,73306.59,23612.94,0.3221,Consumer,Bengaluru,Maharashtra
O52075,2025-03-11,C1245,P2069,3.0,0.1,Binders Product 70,Office Supplies,Binders,31690.99,24240.66,85565.67,12843.69,0.1501,Home Office,Delhi,Delhi
O52076,2025-09-19,C1404,P2005,5.0,0.0,Tables Product 6,Furniture,Tables,18627.38,11555.02,93136.9,35361.8,0.3797,Consumer,Mumbai,Tamil Nadu
O52077,2025-12-06,C1331,P2026,3.0,0.25,Binders Product 27,Office Supplies,Binders,50136.78,40537.07,112807.76,-8803.45,-0.078,Corporate,Pune,Delhi
O52078,2025-11-04,C1246,P2023,1.0,0.2,Binders Product 24,Office Supplies,Binders,13648.36,7977.57,10918.69,2941.12,0.2694,Consumer,Salem,Karnataka
O52079,2025-09-02,C1028,P2033,4.0,0.05,Accessories Product 34,Technology,Accessories,18507.84,16264.51,70329.79,5271.75,0.075,Corporate,Chennai,Tamil Nadu
O52080,2025-01-03,C1160,P2039,4.0,0.2,Chairs Product 40,Furniture,Chairs,31822.56,23868.26,101832.19,6359.15,0.0624,Consumer,Pune,Telangana
O52081,2025-12-03,C1234,P2046,2.0,0.15,Chairs Product 47,Furniture,Chairs,53110.92,30880.61,90288.56,28527.34,0.316,Consumer,Chennai,Tamil Nadu
O52082,2025-03-04,C1189,P2078,2.0,0.1,Tables Product 79,Furniture,Tables,6133.72,4595.0,11040.7,1850.7,0.1676,Consumer,Bengaluru,Tamil Nadu
O52083,2025-02-18,C1116,P2074,3.0,0.05,Paper Product 75,Office Supplies,Paper,63885.75,44320.26,182074.39,49113.61,0.2697,Corporate,Pune,Telangana
O52084,2025-03-17,C1270,P2023,4.0,0.2,Binders Product 24,Office Supplies,Binders,13648.36,7977.57,43674.75,11764.47,0.2694,Corporate,Hyderabad,Delhi
O52085,2025-06-24,C1257,P2064,1.0,0.15,Accessories Product 65,Technology,Accessories,53906.39,37542.43,45820.43,8278.0,0.1807,Corporate,Hyderabad,Delhi
O52086,2025-04-19,C1179,P2017,1.0,0.15,Stationery Product 18,Office Supplies,Stationery,38596.4,22564.5,32806.94,10242.44,0.3122,Consumer,Chennai,Tamil Nadu
O52087,2025-07-02,C1486,P2043,1.0,0.15,Tables Product 44,Furniture,Tables,14620.74,9187.52,12427.63,3240.11,0.2607,Consumer,Madurai,Maharashtra
O52088,2025-07-11,C1372,P2075,3.0,0.0,Binders Product 76,Office Supplies,Binders,43695.78,24115.72,131087.34,58740.18,0.4481,Consumer,Pune,Telangana
O52089,2025-03-06,C1171,P2056,3.0,0.1,Phones Product 57,Technology,Phones,10100.77,6325.84,27272.08,8294.56,0.3041,Consumer,Bengaluru,Delhi
O52090,2025-12-03,C1437,P2027,5.0,0.05,Storage Product 28,Furniture,Storage,6685.15,5650.89,31754.46,3500.01,0.1102,Corporate,Kochi,Maharashtra
O52091,2025-09-28,C1273,P2070,1.0,0.05,Phones Product 71,Technology,Phones,79953.27,45246.36,75955.61,30709.25,0.4043,Home Office,Mumbai,Maharashtra
O52092,2025-04-10,C1258,P2022,1.0,0.15,Accessories Product 23,Technology,Accessories,16308.47,12700.29,13862.2,1161.91,0.0838,Consumer,Bengaluru,Kerala
O52093,2025-02-01,C1134,P2033,3.0,0.25,Accessories Product 34,Technology,Accessories,18507.84,16264.51,41642.64,-7150.89,-0.1717,Home Office,Salem,Delhi
O52094,2025-12-18,C1170,P2010,3.0,0.1,Phones Product 11,Technology,Phones,49447.03,40193.38,133506.98,12926.84,0.0968,Corporate,Salem,Delhi
O52095,2025-05-08,C1209,P2034,5.0,0.05,Stationery Product 35,Office Supplies,Stationery,6797.66,4643.32,32288.88,9072.28,0.281,Consumer,Mumbai,Maharashtra
O52096,2025-12-05,C1235,P2041,5.0,0.15,Laptops Product 42,Technology,Laptops,17089.78,12912.68,72631.56,8068.16,0.1111,Corporate,Pune,Kerala
O52097,2025-02-12,C1421,P2027,2.0,0.2,Storage Product 28,Furniture,Storage,6685.15,5650.89,10696.24,-605.54,-0.0566,Corporate,Hyderabad,Karnataka
O52098,2025-03-19,C1420,P2077,4.0,0.15,Laptops Product 78,Technology,Laptops,47839.89,34926.79,162655.63,22948.47,0.1411,Corporate,Bengaluru,Maharashtra
O52099,2025-11-10,C1185,P2023,1.0,0.2,Binders Product 24,Office Supplies,Binders,13648.36,7977.57,10918.69,2941.12,0.2694,Corporate,Hyderabad,Kerala
O52100,2025-10-16,C1416,P2007,1.0,0.15,Storage Product 8,Furniture,Storage,77465.02,47348.43,65845.27,18496.84,0.2809,Consumer,Mumbai,Delhi
O52101,2025-09-27,C1363,P2052,5.0,0.2,Chairs Product 53,Furniture,Chairs,20426.46,13656.17,81705.84,13424.99,0.1643,Consumer,Hyderabad,Tamil Nadu
O52102,2025-06-11,C1442,P2071,5.0,0.05,Paper Product 72,Office Supplies,Paper,79468.95,63440.16,377477.51,60276.71,0.1597,Consumer,Delhi,Tamil Nadu
O52103,2025-07-08,C1094,P2003,2.0,0.1,Chairs Product 4,Furniture,Chairs,72789.1,60628.14,131020.38,9764.1,0.0745,Corporate,Delhi,Maharashtra
O52104,2025-09-04,C1377,P2004,4.0,0.1,Stationery Product 5,Office Supplies,Stationery,22154.95,19379.22,79757.82,2240.94,0.0281,Consumer,Coimbatore,Telangana
O52105,2025-08-04,C1010,P2048,2.0,0.1,Storage Product 49,Furniture,Storage,47196.49,35282.94,84953.68,14387.8,0.1694,Consumer,Kochi,Kerala
O52106,2025-11-11,C1067,P2029,4.0,0.25,Phones Product 30,Technology,Phones,35257.0,27824.57,105771.0,-5527.28,-0.0523,Corporate,Bengaluru,Telangana
O52107,2025-12-05,C1378,P2071,1.0,0.2,Paper Product 72,Office Supplies,Paper,79468.95,63440.16,63575.16,135.0,0.0021,Corporate,Mumbai,Maharashtra
O52108,2025-06-17,C1209,P2062,2.0,0.05,Storage Product 63,Furniture,Storage,2688.9,1752.13,5108.91,1604.65,0.3141,Consumer,Mumbai,Maharashtra
O52109,2025-12-05,C1195,P2046,5.0,0.05,Chairs Product 47,Furniture,Chairs,53110.92,30880.61,252276.87,97873.82,0.388,Consumer,Pune,Tamil Nadu
O52110,2025-07-12,C1368,P2025,2.0,0.1,Storage Product 26,Furniture,Storage,43441.32,34057.56,78194.38,10079.26,0.1289,Consumer,Delhi,Karnataka
O52111,2025-10-10,C1097,P2056,2.0,0.1,Phones Product 57,Technology,Phones,10100.77,6325.84,18181.39,5529.71,0.3041,Consumer,Kochi,Delhi
O52112,2025-12-02,C1092,P2036,1.0,0.15,Tables Product 37,Furniture,Tables,76874.21,52831.76,65343.08,12511.32,0.1915,Corporate,Pune,Karnataka
O52113,2025-01-13,C1471,P2006,5.0,0.25,Laptops Product 7,Technology,Laptops,57279.45,42140.92,214797.94,4093.34,0.0191,Home Office,Chennai,Tamil Nadu
O52114,2025-08-28,C1021,P2039,5.0,0.25,Chairs Product 40,Furniture,Chairs,31822.56,23868.26,119334.6,-6.7,-0.0001,Consumer,Chennai,Maharashtra
O52115,2025-11-16,C1449,P2038,3.0,0.15,Binders Product 39,Office Supplies,Binders,69402.41,51424.61,176976.15,22702.32,0.1283,Consumer,Mumbai,Delhi
O52116,2025-05-27,C1171,P2061,3.0,0.2,Storage Product 62,Furniture,Storage,41881.88,27770.86,100516.51,17203.93,0.1712,Consumer,Bengaluru,Delhi
O52117,2025-07-23,C1382,P2077,3.0,0.1,Laptops Product 78,Technology,Laptops,47839.89,34926.79,129167.7,24387.33,0.1888,Corporate,Hyderabad,Maharashtra
O52118,2025-03-21,C1133,P2052,1.0,0.05,Chairs Product 53,Furniture,Chairs,20426.46,13656.17,19405.14,5748.97,0.2963,Consumer,Kochi,Delhi
O52119,2025-02-12,C1425,P2003,2.0,0.1,Chairs Product 4,Furniture,Chairs,72789.1,60628.14,131020.38,9764.1,0.0745,Consumer,Coimbatore,Karnataka
O52120,2025-03-30,C1024,P2024,5.0,0.15,Storage Product 25,Furniture,Storage,71728.84,53529.53,304847.57,37199.92,0.122,Consumer,Kochi,Maharashtra
O52121,2025-05-28,C1184,P2006,5.0,0.15,Laptops Product 7,Technology,Laptops,57279.45,42140.92,243437.66,32733.06,0.1345,Consumer,Chennai,Tamil Nadu
O52122,2025-04-05,C1084,P2027,2.0,0.05,Storage Product 28,Furniture,Storage,6685.15,5650.89,12701.78,1400.0,0.1102,Consumer,Coimbatore,Karnataka
O52123,2025-05-31,C1054,P2068,5.0,0.1,Binders Product 69,Office Supplies,Binders,73518.62,55006.72,330833.79,55800.19,0.1687,Corporate,Bengaluru,Delhi
O52124,2025-01-02,C1250,P2066,2.0,0.1,Stationery Product 67,Office Supplies,Stationery,54754.87,39098.68,98558.77,20361.41,0.2066,Consumer,Chennai,Delhi
O52125,2025-01-22,C1143,P2019,1.0,0.25,Chairs Product 20,Furniture,Chairs,44904.0,24841.99,33678.0,8836.01,0.2624,Consumer,Delhi,Telangana
O52126,2025-11-09,C1350,P2010,1.0,0.1,Phones Product 11,Technology,Phones,49447.03,40193.38,44502.33,4308.95,0.0968,Consumer,Chennai,Maharashtra
O52127,2025-11-24,C1397,P2066,1.0,0.2,Stationery Product 67,Office Supplies,Stationery,54754.87,39098.68,43803.9,4705.22,0.1074,Consumer,Chennai,Telangana
O52128,2025-01-07,C1166,P2006,2.0,0.2,Laptops Product 7,Technology,Laptops,57279.45,42140.92,91647.12,7365.28,0.0804,Consumer,Bengaluru,Maharashtra
O52129,2025-07-25,C1411,P2022,2.0,0.05,Accessories Product 23,Technology,Accessories,16308.47,12700.29,30986.09,5585.51,0.1803,Home Office,Mumbai,Tamil Nadu
O52130,2025-04-24,C1223,P2060,4.0,0.15,Laptops Product 61,Technology,Laptops,51237.86,42856.01,174208.72,2784.68,0.016,Consumer,Bengaluru,Delhi
O52131,2025-09-29,C1219,P2070,5.0,0.25,Phones Product 71,Technology,Phones,79953.27,45246.36,299824.76,73592.96,0.2455,Corporate,Madurai,Karnataka
O52132,2025-03-24,C1178,P2033,5.0,0.1,Accessories Product 34,Technology,Accessories,18507.84,16264.51,83285.28,1962.73,0.0236,Home Office,Mumbai,Telangana
O52133,2025-06-28,C1118,P2018,4.0,0.25,Laptops Product 19,Technology,Laptops,45801.09,25468.21,137403.27,35530.43,0.2586,Home Office,Pune,Telangana
O52134,2025-07-29,C1432,P2057,4.0,0.05,Laptops Product 58,Technology,Laptops,10032.16,7014.74,38122.21,10063.25,0.264,Corporate,Pune,Delhi
O52135,2025-11-24,C1264,P2008,1.0,0.0,Paper Product 9,Office Supplies,Paper,12546.55,8779.06,12546.55,3767.49,0.3003,Home Office,Kochi,Maharashtra
O52136,2025-05-04,C1441,P2047,4.0,0.25,Chairs Product 48,Furniture,Chairs,77562.16,49266.25,232686.48,35621.48,0.1531,Home Office,Salem,Tamil Nadu
O52137,2025-04-23,C1428,P2040,2.0,0.2,Tables Product 41,Furniture,Tables,52504.24,46067.43,84006.78,-8128.08,-0.0968,Consumer,Coimbatore,Delhi
O52138,2025-01-12,C1149,P2047,3.0,0.3,Chairs Product 48,Furniture,Chairs,77562.16,49266.25,162880.54,15081.79,0.0926,Consumer,Delhi,Karnataka
O52139,2025-05-06,C1415,P2044,2.0,0.15,Stationery Product 45,Office Supplies,Stationery,33218.58,19028.06,56471.59,18415.47,0.3261,Consumer,Hyderabad,Telangana
O52140,2025-02-22,C1452,P2024,4.0,0.25,Storage Product 25,Furniture,Storage,71728.84,53529.53,215186.52,1068.4,0.005,Consumer,Salem,Karnataka
O52141,2025-11-27,C1214,P2077,5.0,0.2,Laptops Product 78,Technology,Laptops,47839.89,34926.79,191359.56,16725.61,0.0874,Corporate,Salem,Maharashtra
O52142,2025-10-10,C1196,P2024,2.0,0.2,Storage Product 25,Furniture,Storage,71728.84,53529.53,114766.14,7707.08,0.0672,Corporate,Pune,Kerala
O52143,2025-05-20,C1041,P2018,5.0,0.15,Laptops Product 19,Technology,Laptops,45801.09,25468.21,194654.63,67313.58,0.3458,Consumer,Bengaluru,Tamil Nadu
O52144,2025-04-07,C1052,P2038,2.0,0.1,Binders Product 39,Office Supplies,Binders,69402.41,51424.61,124924.34,22075.12,0.1767,Home Office,Mumbai,Delhi
O52145,2025-01-05,C1479,P2078,5.0,0.25,Tables Product 79,Furniture,Tables,6133.72,4595.0,23001.45,26.45,0.0011,Consumer,Madurai,Kerala
O52146,2025-02-26,C1442,P2079,2.0,0.1,Tables Product 80,Furniture,Tables,60819.74,43495.05,109475.53,22485.43,0.2054,Consumer,Delhi,Tamil Nadu
O52147,2025-11-30,C1329,P2026,5.0,0.15,Binders Product 27,Office Supplies,Binders,50136.78,40537.07,213081.32,10395.97,0.0488,Consumer,Madurai,Maharashtra
O52148,2025-03-10,C1250,P2073,3.0,0.1,Tables Product 74,Furniture,Tables,74076.28,51453.16,200005.96,45646.48,0.2282,Consumer,Chennai,Delhi
O52149,2025-04-28,C1294,P2062,1.0,0.15,Storage Product 63,Furniture,Storage,2688.9,1752.13,2285.56,533.43,0.2334,Consumer,Kochi,Kerala
O52150,2025-02-28,C1377,P2067,2.0,0.1,Storage Product 68,Furniture,Storage,45777.6,25636.72,82399.68,31126.24,0.3777,Consumer,Coimbatore,Telangana
O52151,2025-02-02,C1270,P2018,3.0,0.0,Laptops Product 19,Technology,Laptops,45801.09,25468.21,137403.27,60998.64,0.4439,Corporate,Hyderabad,Delhi
O52152,2025-11-14,C1454,P2027,1.0,0.2,Storage Product 28,Furniture,Storage,6685.15,5650.89,5348.12,-302.77,-0.0566,Consumer,Pune,Kerala
O52153,2025-02-19,C1412,P2077,2.0,0.1,Laptops Product 78,Technology,Laptops,47839.89,34926.79,86111.8,16258.22,0.1888,Home Office,Kochi,Maharashtra
O52154,2025-01-19,C1122,P2032,3.0,0.15,Stationery Product 33,Office Supplies,Stationery,3779.83,2280.57,9638.57,2796.86,0.2902,Consumer,Bengaluru,Karnataka
O52155,2025-08-02,C1366,P2009,3.0,0.05,Storage Product 10,Furniture,Storage,50209.76,29789.99,143097.82,53727.85,0.3755,Home Office,Kochi,Karnataka
O52156,2025-07-16,C1386,P2029,3.0,0.0,Phones Product 30,Technology,Phones,35257.0,27824.57,105771.0,22297.29,0.2108,Consumer,Pune,Maharashtra
O52157,2025-02-16,C1338,P2021,4.0,0.05,Laptops Product 22,Technology,Laptops,6562.71,4469.1,24938.3,7061.9,0.2832,Consumer,Salem,Maharashtra
O52158,2025-06-16,C1265,P2002,5.0,0.15,Accessories Product 3,Technology,Accessories,76083.83,45638.81,323356.28,95162.23,0.2943,Corporate,Madurai,Kerala
O52159,2025-10-16,C1347,P2074,1.0,0.0,Paper Product 75,Office Supplies,Paper,63885.75,44320.26,63885.75,19565.49,0.3063,Consumer,Delhi,Telangana
O52160,2025-05-21,C1028,P2047,5.0,0.25,Chairs Product 48,Furniture,Chairs,77562.16,49266.25,290858.1,44526.85,0.1531,Corporate,Chennai,Tamil Nadu
O52161,2025-03-25,C1462,P2001,5.0,0.05,Tables Product 2,Furniture,Tables,61893.98,38740.54,293996.41,100293.71,0.3411,Corporate,Chennai,Karnataka
O52162,2025-07-01,C1034,P2075,5.0,0.05,Binders Product 76,Office Supplies,Binders,43695.78,24115.72,207554.96,86976.36,0.4191,Home Office,Kochi,Telangana
O52163,2025-03-20,C1005,P2053,3.0,0.05,Accessories Product 54,Technology,Accessories,58991.24,45367.54,168125.03,32022.41,0.1905,Consumer,Hyderabad,Karnataka
O52164,2025-08-03,C1395,P2005,3.0,0.0,Tables Product 6,Furniture,Tables,18627.38,11555.02,93136.9,35361.8,0.3797,Home Office,Salem,Telangana
O52165,2025-01-14,C1110,P2039,4.0,0.2,Chairs Product 40,Furniture,Chairs,31822.56,23868.26,101832.19,6359.15,0.0624,Consumer,Coimbatore,Delhi
O52166,2025-08-03,C1293,P2001,2.0,0.2,Tables Product 2,Furniture,Tables,61893.98,38740.54,99030.37,21549.29,0.2176,Consumer,Mumbai,Kerala
O52167,2025-05-08,C1076,P2072,3.0,0.15,Accessories Product 73,Technology,Accessories,59154.4,49684.38,150843.72,1790.58,0.0119,Corporate,Kochi,Telangana
O52168,2025-11-06,C1348,P2001,1.0,0.05,Tables Product 2,Furniture,Tables,61893.98,38740.54,58799.28,20058.74,0.3411,Consumer,Kochi,Delhi
O52169,2025-09-05,C1146,P2073,2.0,0.1,Tables Product 74,Furniture,Tables,74076.28,51453.16,133337.3,30430.98,0.2282,Corporate,Salem,Telangana
O52170,2025-01-29,C1066,P2054,2.0,0.1,Chairs Product 55,Furniture,Chairs,56519.23,39410.95,101734.61,22912.71,0.2252,Consumer,Salem,Delhi
O52171,2025-10-07,C1391,P2071,2.0,0.25,Paper Product 72,Office Supplies,Paper,79468.95,63440.16,119203.42,-7676.9,-0.0644,Consumer,Salem,Delhi
O52172,2025-12-04,C1007,P2059,5.0,0.05,Chairs Product 60,Furniture,Chairs,38547.8,29927.33,183102.05,33465.4,0.1828,Home Office,Salem,Delhi
O52173,2025-11-15,C1121,P2005,5.0,0.15,Tables Product 6,Furniture,Tables,18627.38,11555.02,79166.37,21391.27,0.2702,Home Office,Mumbai,Telangana
O52174,2025-07-21,C1339,P2018,3.0,0.1,Laptops Product 19,Technology,Laptops,45801.09,25468.21,123662.94,47258.31,0.3822,Consumer,Mumbai,Telangana
O52175,2025-12-27,C1174,P2026,5.0,0.1,Binders Product 27,Office Supplies,Binders,50136.78,40537.07,225615.51,22930.16,0.1016,Corporate,Madurai,Telangana
O52176,2025-02-26,C1387,P2000,5.0,0.1,Laptops Product 1,Technology,Laptops,13340.82,10836.58,60033.69,5850.79,0.0975,Consumer,Delhi,Maharashtra
O52177,2025-08-06,C1178,P2032,5.0,0.0,Stationery Product 33,Office Supplies,Stationery,3779.83,2280.57,18899.15,7496.3,0.3966,Home Office,Mumbai,Telangana
O52178,2025-03-03,C1084,P2039,3.0,0.2,Chairs Product 40,Furniture,Chairs,31822.56,23868.26,76374.14,4769.36,0.0624,Consumer,Coimbatore,Karnataka
O52179,2025-06-06,C1450,P2031,3.0,0.05,Phones Product 32,Technology,Phones,27150.59,16564.55,77379.18,27685.53,0.3578,Corporate,Chennai,Karnataka
O52180,2025-07-21,C1044,P2068,4.0,0.15,Binders Product 69,Office Supplies,Binders,73518.62,55006.72,249963.31,29936.43,0.1198,Consumer,Kochi,Kerala
O52181,2025-01-17,C1135,P2016,4.0,0.0,Laptops Product 17,Technology,Laptops,60637.62,52413.59,242550.48,32896.12,0.1356,Consumer,Chennai,Maharashtra
O52182,2025-11-18,C1342,P2007,4.0,0.25,Storage Product 8,Furniture,Storage,77465.02,47348.43,232395.06,43001.34,0.185,Consumer,Madurai,Karnataka
O52183,2025-01-06,C1015,P2056,4.0,0.05,Phones Product 57,Technology,Phones,10100.77,6325.84,38382.93,13079.57,0.3408,Consumer,Coimbatore,Delhi
O52184,2025-02-27,C1332,P2041,2.0,0.2,Laptops Product 42,Technology,Laptops,17089.78,12912.68,27343.65,1518.29,0.0555,Consumer,Delhi,Tamil Nadu
O52185,2025-11-21,C1194,P2008,2.0,0.2,Paper Product 9,Office Supplies,Paper,12546.55,8779.06,20074.48,2516.36,0.1254,Consumer,Coimbatore,Karnataka
O52186,2025-11-14,C1495,P2034,4.0,0.25,Stationery Product 35,Office Supplies,Stationery,6797.66,4643.32,20392.98,1819.7,0.0892,Consumer,Pune,Delhi
O52187,2025-06-18,C1008,P2070,4.0,0.1,Phones Product 71,Technology,Phones,79953.27,45246.36,287831.77,106846.33,0.3712,Corporate,Coimbatore,Delhi
O52188,2025-03-23,C1315,P2078,1.0,0.15,Tables Product 79,Furniture,Tables,6133.72,4595.0,5213.66,618.66,0.1187,Corporate,Mumbai,Maharashtra
O52189,2025-08-07,C1333,P2052,2.0,0.1,Chairs Product 53,Furniture,Chairs,20426.46,13656.17,36767.63,9455.29,0.2572,Consumer,Hyderabad,Tamil Nadu
O52190,2025-06-26,C1332,P2053,1.0,0.05,Accessories Product 54,Technology,Accessories,58991.24,45367.54,56041.68,10674.14,0.1905,Consumer,Delhi,Tamil Nadu
O52191,2025-07-23,C1326,P2024,1.0,0.1,Storage Product 25,Furniture,Storage,71728.84,53529.53,64555.96,11026.43,0.1708,Consumer,Salem,Karnataka
O52192,2025-03-12,C1014,P2066,5.0,0.05,Stationery Product 67,Office Supplies,Stationery,54754.87,39098.68,260085.63,64592.23,0.2483,Consumer,Pune,Maharashtra
O52193,2025-09-23,C1326,P2061,3.0,0.3,Storage Product 62,Furniture,Storage,41881.88,27770.86,87951.95,4639.37,0.0527,Consumer,Salem,Karnataka
O52194,2025-04-08,C1101,P2054,2.0,0.0,Chairs Product 55,Furniture,Chairs,56519.23,39410.95,113038.46,34216.56,0.3027,Corporate,Chennai,Maharashtra
O52195,2025-12-11,C1225,P2045,4.0,0.15,Tables Product 46,Furniture,Tables,69698.77,48576.61,236975.82,42669.38,0.1801,Consumer,Kochi,Kerala
O52196,2025-10-18,C1424,P2023,4.0,0.15,Binders Product 24,Office Supplies,Binders,13648.36,7977.57,46404.42,14494.14,0.3123,Consumer,Salem,Karnataka
O52197,2025-07-27,C1277,P2045,3.0,0.15,Tables Product 46,Furniture,Tables,69698.77,48576.61,177731.86,32002.03,0.1801,Corporate,Salem,Telangana
O52198,2025-01-02,C1407,P2021,2.0,0.15,Laptops Product 22,Technology,Laptops,6562.71,4469.1,11156.61,2218.41,0.1988,Consumer,Madurai,Tamil Nadu
O52199,2025-05-04,C1112,P2010,4.0,0.05,Phones Product 11,Technology,Phones,49447.03,40193.38,187898.71,27125.19,0.1444,Home Office,Mumbai,Delhi
O52200,2025-10-07,C1484,P2047,4.0,0.15,Chairs Product 48,Furniture,Chairs,77562.16,49266.25,263711.34,66646.34,0.2527,Corporate,Coimbatore,Maharashtra
O52201,2025-03-15,C1427,P2007,5.0,0.1,Storage Product 8,Furniture,Storage,77465.02,47348.43,348592.59,111850.44,0.3209,Home Office,Coimbatore,Maharashtra
O52202,2025-06-15,C1000,P2038,1.0,0.25,Binders Product 39,Office Supplies,Binders,69402.41,51424.61,52051.81,627.2,0.012,Consumer,Salem,Maharashtra
O52203,2025-01-22,C1265,P2034,4.0,0.2,Stationery Product 35,Office Supplies,Stationery,6797.66,4643.32,21752.51,3179.23,0.1462,Corporate,Madurai,Kerala
O52204,2025-06-03,C1490,P2048,2.0,0.3,Storage Product 49,Furniture,Storage,47196.49,35282.94,66075.09,-4490.79,-0.068,Consumer,Pune,Telangana
O52205,2025-10-22,C1207,P2045,3.0,0.0,Tables Product 46,Furniture,Tables,69698.77,48576.61,209096.31,63366.48,0.303,Corporate,Salem,Karnataka
O52206,2025-08-07,C1109,P2037,5.0,0.1,Paper Product 38,Office Supplies,Paper,27871.02,18741.67,125419.59,31711.24,0.2528,Consumer,Kochi,Kerala
O52207,2025-06-06,C1199,P2007,2.0,0.05,Storage Product 8,Furniture,Storage,77465.02,47348.43,147183.54,52486.68,0.3566,Corporate,Delhi,Tamil Nadu
O52208,2025-08-18,C1439,P2053,5.0,0.0,Accessories Product 54,Technology,Accessories,58991.24,45367.54,294956.2,68118.5,0.2309,Consumer,Chennai,Telangana
O52209,2025-01-20,C1368,P2036,1.0,0.05,Tables Product 37,Furniture,Tables,76874.21,52831.76,73030.5,20198.74,0.2766,Consumer,Delhi,Karnataka
O52210,2025-02-10,C1472,P2039,4.0,0.15,Chairs Product 40,Furniture,Chairs,31822.56,23868.26,108196.7,12723.66,0.1176,Consumer,Coimbatore,Delhi
O52211,2025-05-28,C1305,P2033,2.0,0.05,Accessories Product 34,Technology,Accessories,18507.84,16264.51,35164.9,2635.88,0.075,Home Office,Coimbatore,Delhi
O52212,2025-04-18,C1011,P2078,3.0,0.1,Tables Product 79,Furniture,Tables,6133.72,4595.0,16561.04,2776.04,0.1676,Home Office,Mumbai,Kerala
O52213,2025-03-25,C1344,P2016,1.0,0.2,Laptops Product 17,Technology,Laptops,60637.62,52413.59,48510.1,-3903.49,-0.0805,Consumer,Hyderabad,Delhi
O52214,2025-11-18,C1464,P2032,1.0,0.15,Stationery Product 33,Office Supplies,Stationery,3779.83,2280.57,3212.86,932.29,0.2902,Home Office,Bengaluru,Telangana
O52215,2025-11-05,C1187,P2046,5.0,0.1,Chairs Product 47,Furniture,Chairs,53110.92,30880.61,238999.14,84596.09,0.354,Consumer,Hyderabad,Telangana
O52216,2025-10-17,C1153,P2051,1.0,0.1,Chairs Product 52,Furniture,Chairs,34641.74,21896.2,31177.57,9281.37,0.2977,Consumer,Chennai,Maharashtra
O52217,2025-11-19,C1493,P2079,2.0,0.1,Tables Product 80,Furniture,Tables,60819.74,43495.05,109475.53,22485.43,0.2054,Consumer,Madurai,Karnataka
O52218,2025-05-14,C1367,P2008,5.0,0.05,Paper Product 9,Office Supplies,Paper,12546.55,8779.06,59596.11,15700.81,0.2635,Home Office,Hyderabad,Kerala
O52219,2025-07-26,C1333,P2032,1.0,0.15,Stationery Product 33,Office Supplies,Stationery,3779.83,2280.57,3212.86,932.29,0.2902,Consumer,Hyderabad,Tamil Nadu
O52220,2025-10-10,C1424,P2059,3.0,0.1,Chairs Product 60,Furniture,Chairs,38547.8,29927.33,104079.06,14297.07,0.1374,Consumer,Salem,Karnataka
O52221,2025-09-23,C1419,P2076,2.0,0.2,Phones Product 77,Technology,Phones,31874.96,24846.67,50999.94,1306.6,0.0256,Corporate,Mumbai,Telangana
O52222,2025-03-14,C1376,P2020,3.0,0.2,Phones Product 21,Technology,Phones,42879.1,36071.45,102909.84,-5304.51,-0.0515,Corporate,Pune,Delhi
O52223,2025-12-18,C1278,P2057,3.0,0.15,Laptops Product 58,Technology,Laptops,10032.16,7014.74,25582.01,4537.79,0.1774,Corporate,Madurai,Maharashtra
O52224,2025-02-17,C1170,P2068,5.0,0.1,Binders Product 69,Office Supplies,Binders,73518.62,55006.72,330833.79,55800.19,0.1687,Corporate,Salem,Delhi
O52225,2025-11-22,C1133,P2009,4.0,0.05,Storage Product 10,Furniture,Storage,50209.76,29789.99,190797.09,71637.13,0.3755,Consumer,Kochi,Delhi
O52226,2025-08-21,C1494,P2005,5.0,0.2,Tables Product 6,Furniture,Tables,18627.38,11555.02,74509.52,16734.42,0.2246,Consumer,Bengaluru,Karnataka
O52227,2025-04-10,C1452,P2012,2.0,0.1,Laptops Product 13,Technology,Laptops,16281.82,11596.34,29307.28,6114.6,0.2086,Consumer,Salem,Karnataka
O52228,2025-02-28,C1426,P2064,2.0,0.05,Accessories Product 65,Technology,Accessories,53906.39,37542.43,102422.14,27337.28,0.2669,Consumer,Madurai,Telangana
O52229,2025-09-15,C1024,P2019,5.0,0.05,Chairs Product 20,Furniture,Chairs,44904.0,24841.99,213294.0,89084.05,0.4177,Consumer,Kochi,Maharashtra
O52230,2025-03-06,C1017,P2056,4.0,0.05,Phones Product 57,Technology,Phones,10100.77,6325.84,38382.93,13079.57,0.3408,Consumer,Coimbatore,Karnataka
O52231,2025-03-24,C1189,P2045,5.0,0.2,Tables Product 46,Furniture,Tables,69698.77,48576.61,278795.08,35912.03,0.1288,Consumer,Bengaluru,Tamil Nadu
O52232,2025-06-03,C1140,P2007,2.0,0.05,Storage Product 8,Furniture,Storage,77465.02,47348.43,147183.54,52486.68,0.3566,Home Office,Chennai,Telangana
O52233,2025-09-23,C1042,P2009,4.0,0.1,Storage Product 10,Furniture,Storage,50209.76,29789.99,180755.14,61595.18,0.3408,Consumer,Kochi,Karnataka
O52234,2025-11-05,C1333,P2072,2.0,0.1,Accessories Product 73,Technology,Accessories,59154.4,49684.38,106477.92,7109.16,0.0668,Consumer,Hyderabad,Tamil Nadu
O52235,2025-03-20,C1283,P2066,4.0,0.15,Stationery Product 67,Office Supplies,Stationery,54754.87,39098.68,186166.56,29771.84,0.1599,Consumer,Kochi,Karnataka
O52236,2025-11-11,C1145,P2010,4.0,0.2,Phones Product 11,Technology,Phones,49447.03,40193.38,158230.5,-2543.02,-0.0161,Consumer,Mumbai,Delhi
O52237,2025-05-30,C1314,P2011,5.0,0.2,Tables Product 12,Furniture,Tables,47986.68,36009.74,191946.72,11898.02,0.062,Corporate,Chennai,Delhi
O52238,2025-02-17,C1443,P2009,5.0,0.1,Storage Product 10,Furniture,Storage,50209.76,29789.99,225943.92,76993.97,0.3408,Consumer,Coimbatore,Karnataka
O52239,2025-09-05,C1318,P2024,5.0,0.0,Storage Product 25,Furniture,Storage,71728.84,53529.53,358644.2,90996.55,0.2537,Consumer,Madurai,Delhi
O52240,2025-10-05,C1440,P2048,4.0,0.1,Storage Product 49,Furniture,Storage,47196.49,35282.94,169907.36,28775.6,0.1694,Consumer,Chennai,Tamil Nadu
O52241,2025-12-22,C1091,P2048,4.0,0.15,Storage Product 49,Furniture,Storage,47196.49,35282.94,160468.07,19336.31,0.1205,Corporate,Chennai,Maharashtra
O52242,2025-04-08,C1178,P2010,2.0,0.15,Phones Product 11,Technology,Phones,49447.03,40193.38,84059.95,3673.19,0.0437,Home Office,Mumbai,Telangana
O52243,2025-01-25,C1055,P2061,3.0,0.15,Storage Product 62,Furniture,Storage,41881.88,27770.86,106798.79,23486.21,0.2199,Home Office,Hyderabad,Tamil Nadu
O52244,2025-10-11,C1154,P2035,5.0,0.05,Phones Product 36,Technology,Phones,2743.0,1741.9,13029.25,4319.75,0.3315,Home Office,Bengaluru,Tamil Nadu
O52245,2025-10-28,C1159,P2038,2.0,0.15,Binders Product 39,Office Supplies,Binders,69402.41,51424.61,117984.1,15134.88,0.1283,Corporate,Madurai,Maharashtra
O52246,2025-03-09,C1110,P2052,2.0,0.05,Chairs Product 53,Furniture,Chairs,20426.46,13656.17,38810.27,11497.93,0.2963,Consumer,Coimbatore,Delhi
O52247,2025-01-07,C1136,P2077,1.0,0.2,Laptops Product 78,Technology,Laptops,47839.89,34926.79,38271.91,3345.12,0.0874,Consumer,Kochi,Tamil Nadu
O52248,2025-11-01,C1231,P2055,5.0,0.1,Binders Product 56,Office Supplies,Binders,16705.54,9805.04,75174.93,26149.73,0.3479,Consumer,Hyderabad,Telangana
O52249,2025-05-17,C1479,P2000,2.0,0.15,Laptops Product 1,Technology,Laptops,13340.82,10836.58,22679.39,1006.23,0.0444,Consumer,Madurai,Kerala
O52250,2025-06-13,C1467,P2055,1.0,0.0,Binders Product 56,Office Supplies,Binders,16705.54,9805.04,16705.54,6900.5,0.4131,Home Office,Bengaluru,Delhi
O52251,2025-03-24,C1219,P2003,5.0,0.1,Chairs Product 4,Furniture,Chairs,72789.1,60628.14,327550.95,24410.25,0.0745,Corporate,Madurai,Karnataka
O52252,2025-05-18,C1480,P2029,4.0,0.15,Phones Product 30,Technology,Phones,35257.0,27824.57,119873.8,8575.52,0.0715,Corporate,Bengaluru,Kerala
O52253,2025-03-14,C1067,P2011,1.0,0.05,Tables Product 12,Furniture,Tables,47986.68,36009.74,45587.35,9577.61,0.2101,Corporate,Bengaluru,Telangana
O52254,2025-08-25,C1301,P2034,4.0,0.2,Stationery Product 35,Office Supplies,Stationery,6797.66,4643.32,21752.51,3179.23,0.1462,Consumer,Hyderabad,Kerala
O52255,2025-02-15,C1248,P2076,3.0,0.15,Phones Product 77,Technology,Phones,31874.96,24846.67,81281.15,6741.14,0.0829,Home Office,Bengaluru,Karnataka
O52256,2025-04-16,C1481,P2051,3.0,0.15,Chairs Product 52,Furniture,Chairs,34641.74,21896.2,88336.44,22647.84,0.2564,Corporate,Delhi,Telangana
O52257,2025-10-15,C1495,P2030,3.0,0.1,Chairs Product 31,Furniture,Chairs,38498.53,28996.9,103946.03,16955.33,0.1631,Consumer,Pune,Delhi
O52258,2025-09-19,C1322,P2067,3.0,0.1,Storage Product 68,Furniture,Storage,45777.6,25636.72,123599.52,46689.36,0.3777,Corporate,Pune,Tamil Nadu
O52259,2025-06-25,C1409,P2051,2.0,0.15,Chairs Product 52,Furniture,Chairs,34641.74,21896.2,58890.96,15098.56,0.2564,Consumer,Pune,Telangana
O52260,2025-06-15,C1391,P2079,3.0,0.1,Tables Product 80,Furniture,Tables,60819.74,43495.05,164213.3,33728.15,0.2054,Consumer,Salem,Delhi
O52261,2025-05-25,C1005,P2006,2.0,0.15,Laptops Product 7,Technology,Laptops,57279.45,42140.92,97375.06,13093.22,0.1345,Consumer,Hyderabad,Karnataka
O52262,2025-11-26,C1463,P2021,2.0,0.1,Laptops Product 22,Technology,Laptops,6562.71,4469.1,11812.88,2874.68,0.2434,Corporate,Pune,Kerala
O52263,2025-10-10,C1279,P2074,5.0,0.05,Paper Product 75,Office Supplies,Paper,63885.75,44320.26,303457.31,81856.01,0.2697,Corporate,Bengaluru,Delhi
O52264,2025-02-23,C1431,P2055,2.0,0.05,Binders Product 56,Office Supplies,Binders,16705.54,9805.04,31740.53,12130.45,0.3822,Corporate,Salem,Karnataka
O52265,2025-06-27,C1486,P2057,2.0,0.0,Laptops Product 58,Technology,Laptops,10032.16,7014.74,20064.32,6034.84,0.3008,Consumer,Madurai,Maharashtra
O52266,2025-09-01,C1093,P2063,3.0,0.1,Binders Product 64,Office Supplies,Binders,58712.04,35437.77,158522.51,52209.2,0.3293,Consumer,Madurai,Delhi
O52267,2025-12-07,C1428,P2011,2.0,0.15,Tables Product 12,Furniture,Tables,47986.68,36009.74,81577.36,9557.88,0.1172,Consumer,Coimbatore,Delhi
O52268,2025-05-07,C1268,P2006,4.0,0.2,Laptops Product 7,Technology,Laptops,57279.45,42140.92,183294.24,14730.56,0.0804,Consumer,Pune,Tamil Nadu
O52269,2025-09-28,C1196,P2054,3.0,0.05,Chairs Product 55,Furniture,Chairs,56519.23,39410.95,161079.81,42846.96,0.266,Corporate,Pune,Kerala
O52270,2025-05-12,C1024,P2061,1.0,0.1,Storage Product 62,Furniture,Storage,41881.88,27770.86,31411.41,3640.55,0.1159,Consumer,Kochi,Maharashtra
O52271,2025-04-03,C1147,P2072,3.0,0.1,Accessories Product 73,Technology,Accessories,59154.4,49684.38,159716.88,10663.74,0.0668,Consumer,Pune,Maharashtra
O52272,2025-03-14,C1117,P2076,2.0,0.25,Phones Product 77,Technology,Phones,31874.96,24846.67,47812.44,-1880.9,-0.0393,Consumer,Hyderabad,Tamil Nadu
O52273,2025-09-05,C1337,P2054,4.0,0.15,Chairs Product 55,Furniture,Chairs,56519.23,39410.95,192165.38,34521.58,0.1796,Corporate,Hyderabad,Tamil Nadu
O52274,2025-12-14,C1366,P2035,3.0,0.15,Phones Product 36,Technology,Phones,2743.0,1741.9,6994.65,1768.95,0.2529,Home Office,Kochi,Karnataka
O52275,2025-09-30,C1337,P2023,4.0,0.0,Binders Product 24,Office Supplies,Binders,13648.36,7977.57,54593.44,22683.16,0.4155,Corporate,Hyderabad,Tamil Nadu
O52276,2025-02-12,C1065,P2043,1.0,0.05,Tables Product 44,Furniture,Tables,14620.74,9187.52,13889.7,4702.18,0.3385,Consumer,Salem,Delhi
O52277,2025-02-10,C1457,P2016,1.0,0.0,Laptops Product 17,Technology,Laptops,60637.62,52413.59,60637.62,8224.03,0.1356,Consumer,Chennai,Maharashtra
O52278,2025-06-19,C1300,P2001,5.0,0.15,Tables Product 2,Furniture,Tables,61893.98,38740.54,263049.42,69346.72,0.2636,Consumer,Delhi,Telangana
O52279,2025-07-31,C1369,P2012,5.0,0.1,Laptops Product 13,Technology,Laptops,16281.82,11596.34,73268.19,15286.49,0.2086,Consumer,Pune,Tamil Nadu
O52280,2025-06-17,C1174,P2030,3.0,0.2,Chairs Product 31,Furniture,Chairs,38498.53,28996.9,92396.47,5405.77,0.0585,Corporate,Madurai,Telangana
O52281,2025-02-08,C1318,P2027,5.0,0.1,Storage Product 28,Furniture,Storage,6685.15,5650.89,30083.18,1828.73,0.0608,Consumer,Madurai,Delhi
O52282,2025-09-02,C1075,P2059,4.0,0.2,Chairs Product 60,Furniture,Chairs,38547.8,29927.33,123352.96,3643.64,0.0295,Corporate,Kochi,Maharashtra
O52283,2025-05-31,C1494,P2026,5.0,0.05,Binders Product 27,Office Supplies,Binders,50136.78,40537.07,238149.7,35464.35,0.1489,Consumer,Bengaluru,Karnataka
O52284,2025-04-21,C1460,P2014,4.0,0.05,Chairs Product 15,Furniture,Chairs,12221.58,8595.65,46442.0,12059.4,0.2597,Consumer,Pune,Kerala
O52285,2025-02-16,C1113,P2078,5.0,0.1,Tables Product 79,Furniture,Tables,6133.72,4595.0,27601.74,4626.74,0.1676,Corporate,Madurai,Karnataka
O52286,2025-03-04,C1110,P2032,5.0,0.1,Stationery Product 33,Office Supplies,Stationery,3779.83,2280.57,17009.24,5606.39,0.3296,Consumer,Coimbatore,Delhi
O52287,2025-08-13,C1248,P2019,5.0,0.1,Chairs Product 20,Furniture,Chairs,44904.0,24841.99,202068.0,77858.05,0.3853,Home Office,Bengaluru,Karnataka
O52288,2025-03-10,C1438,P2041,2.0,0.2,Laptops Product 42,Technology,Laptops,17089.78,12912.68,27343.65,1518.29,0.0555,Corporate,Pune,Delhi
O52289,2025-10-26,C1202,P2011,2.0,0.0,Tables Product 12,Furniture,Tables,47986.68,36009.74,95973.36,23953.88,0.2496,Consumer,Salem,Karnataka
O52290,2025-10-17,C1146,P2072,5.0,0.1,Accessories Product 73,Technology,Accessories,59154.4,49684.38,266194.8,17772.9,0.0668,Corporate,Salem,Telangana
O52291,2025-10-23,C1034,P2022,4.0,0.2,Accessories Product 23,Technology,Accessories,16308.47,12700.29,52187.1,1385.94,0.0266,Home Office,Kochi,Telangana
O52292,2025-07-22,C1486,P2071,3.0,0.0,Paper Product 72,Office Supplies,Paper,79468.95,63440.16,238406.85,48086.37,0.2017,Consumer,Madurai,Maharashtra
O52293,2025-03-02,C1308,P2013,1.0,0.25,Phones Product 14,Technology,Phones,26276.26,19570.22,19707.2,136.98,0.007,Corporate,Madurai,Tamil Nadu
O52294,2025-11-14,C1025,P2024,2.0,0.3,Storage Product 25,Furniture,Storage,71728.84,53529.53,100420.38,-6638.68,-0.0661,Corporate,Delhi,Kerala
O52295,2025-11-10,C1237,P2076,5.0,0.0,Phones Product 77,Technology,Phones,31874.96,24846.67,159374.8,35141.45,0.2205,Consumer,Bengaluru,Delhi
O52296,2025-06-10,C1013,P2030,1.0,0.1,Chairs Product 31,Furniture,Chairs,38498.53,28996.9,34648.68,5651.78,0.1631,Consumer,Delhi,Delhi
O52297,2025-11-27,C1373,P2053,2.0,0.1,Accessories Product 54,Technology,Accessories,58991.24,45367.54,106184.23,15449.15,0.1455,Corporate,Madurai,Telangana
O52298,2025-01-16,C1044,P2004,3.0,0.2,Stationery Product 5,Office Supplies,Stationery,22154.95,19379.22,53171.88,-4965.78,-0.0934,Consumer,Kochi,Kerala
O52299,2025-12-04,C1427,P2012,4.0,0.15,Laptops Product 13,Technology,Laptops,16281.82,11596.34,55358.19,8972.83,0.1621,Home Office,Coimbatore,Maharashtra
O52300,2025-04-04,C1215,P2027,5.0,0.15,Storage Product 28,Furniture,Storage,6685.15,5650.89,28411.89,157.44,0.0055,Consumer,Salem,Karnataka
O52301,2025-10-31,C1232,P2042,3.0,0.2,Storage Product 43,Furniture,Storage,19092.63,15390.19,45822.31,-348.26,-0.0076,Consumer,Salem,Karnataka
O52302,2025-05-18,C1192,P2046,2.0,0.05,Chairs Product 47,Furniture,Chairs,53110.92,30880.61,100910.75,39149.53,0.388,Home Office,Hyderabad,Delhi
O52303,2025-12-04,C1050,P2070,5.0,0.2,Phones Product 71,Technology,Phones,79953.27,45246.36,319813.08,93581.28,0.2926,Home Office,Chennai,Tamil Nadu
O52304,2025-02-07,C1426,P2037,1.0,0.15,Paper Product 38,Office Supplies,Paper,27871.02,18741.67,23690.37,4948.7,0.2089,Consumer,Madurai,Telangana
O52305,2025-05-07,C1374,P2066,4.0,0.15,Stationery Product 67,Office Supplies,Stationery,54754.87,39098.68,186166.56,29771.84,0.1599,Consumer,Delhi,Karnataka
O52306,2025-10-02,C1213,P2061,2.0,0.2,Storage Product 62,Furniture,Storage,41881.88,27770.86,67011.01,11469.29,0.1712,Consumer,Kochi,Telangana
O52307,2025-06-13,C1150,P2038,4.0,0.15,Binders Product 39,Office Supplies,Binders,69402.41,51424.61,235968.19,30269.75,0.1283,Home Office,Hyderabad,Tamil Nadu
O52308,2025-11-15,C1439,P2036,5.0,0.05,Tables Product 37,Furniture,Tables,76874.21,52831.76,365152.5,100993.7,0.2766,Consumer,Chennai,Telangana
O52309,2025-03-18,C1274,P2007,3.0,0.1,Storage Product 8,Furniture,Storage,77465.02,47348.43,209155.55,67110.26,0.3209,Consumer,Chennai,Tamil Nadu
O52310,2025-06-23,C1337,P2051,4.0,0.1,Chairs Product 52,Furniture,Chairs,34641.74,21896.2,124710.26,37125.46,0.2977,Corporate,Hyderabad,Tamil Nadu
O52311,2025-12-24,C1075,P2032,1.0,0.0,Stationery Product 33,Office Supplies,Stationery,3779.83,2280.57,3779.83,1499.26,0.3966,Corporate,Kochi,Maharashtra
O52312,2025-11-17,C1438,P2041,2.0,0.25,Laptops Product 42,Technology,Laptops,17089.78,12912.68,25634.67,-190.69,-0.0074,Corporate,Pune,Delhi
O52313,2025-04-01,C1219,P2075,1.0,0.05,Binders Product 76,Office Supplies,Binders,43695.78,24115.72,41510.99,17395.27,0.4191,Corporate,Madurai,Karnataka
O52314,2025-08-26,C1347,P2026,4.0,0.15,Binders Product 27,Office Supplies,Binders,50136.78,40537.07,170465.05,8316.77,0.0488,Consumer,Delhi,Telangana
O52315,2025-09-21,C1443,P2007,3.0,0.1,Storage Product 8,Furniture,Storage,77465.02,47348.43,209155.55,67110.26,0.3209,Consumer,Coimbatore,Karnataka
O52316,2025-06-28,C1186,P2022,3.0,0.0,Accessories Product 23,Technology,Accessories,16308.47,12700.29,48925.41,10824.54,0.2212,Corporate,Mumbai,Delhi
O52317,2025-07-28,C1288,P2063,1.0,0.25,Binders Product 64,Office Supplies,Binders,58712.04,35437.77,44034.03,8596.26,0.1952,Consumer,Bengaluru,Maharashtra
O52318,2025-03-14,C1402,P2019,5.0,0.2,Chairs Product 20,Furniture,Chairs,44904.0,24841.99,179616.0,55406.05,0.3085,Consumer,Salem,Telangana
O52319,2025-04-17,C1027,P2015,5.0,0.1,Tables Product 16,Furniture,Tables,38551.13,28836.5,173480.08,29297.58,0.1689,Consumer,Salem,Karnataka
O52320,2025-12-11,C1378,P2016,3.0,0.05,Laptops Product 17,Technology,Laptops,60637.62,52413.59,172817.22,15576.45,0.0901,Corporate,Mumbai,Maharashtra
O52321,2025-10-22,C1179,P2079,1.0,0.05,Tables Product 80,Furniture,Tables,60819.74,43495.05,57778.75,14283.7,0.2472,Consumer,Chennai,Tamil Nadu
O52322,2025-10-11,C1252,P2018,1.0,0.1,Laptops Product 19,Technology,Laptops,45801.09,25468.21,41220.98,15752.77,0.3822,Home Office,Chennai,Maharashtra
O52323,2025-12-19,C1125,P2007,1.0,0.05,Storage Product 8,Furniture,Storage,77465.02,47348.43,73591.77,26243.34,0.3566,Consumer,Delhi,Telangana
O52324,2025-07-01,C1176,P2037,4.0,0.1,Paper Product 38,Office Supplies,Paper,27871.02,18741.67,100335.67,25368.99,0.2528,Corporate,Delhi,Kerala
O52325,2025-02-06,C1036,P2037,5.0,0.25,Paper Product 38,Office Supplies,Paper,27871.02,18741.67,104516.33,10807.98,0.1034,Consumer,Salem,Kerala
O52326,2025-05-17,C1409,P2052,5.0,0.15,Chairs Product 53,Furniture,Chairs,20426.46,13656.17,86812.45,18531.6,0.2135,Consumer,Pune,Telangana
O52327,2025-12-04,C1098,P2030,4.0,0.2,Chairs Product 31,Furniture,Chairs,38498.53,28996.9,123195.3,7207.7,0.0585,Consumer,Hyderabad,Telangana
O52328,2025-02-25,C1097,P2043,2.0,0.15,Tables Product 44,Furniture,Tables,14620.74,9187.52,24855.26,6480.22,0.2607,Consumer,Kochi,Delhi
O52329,2025-07-06,C1126,P2059,4.0,0.1,Chairs Product 60,Furniture,Chairs,38547.8,29927.33,138772.08,19062.76,0.1374,Corporate,Bengaluru,Telangana
O52330,2025-12-07,C1482,P2075,1.0,0.2,Binders Product 76,Office Supplies,Binders,43695.78,24115.72,34956.62,10840.9,0.3101,Consumer,Delhi,Telangana
O52331,2025-09-15,C1167,P2016,4.0,0.1,Laptops Product 17,Technology,Laptops,60637.62,52413.59,218295.43,8641.07,0.0396,Consumer,Madurai,Kerala
O52332,2025-02-27,C1079,P2078,1.0,0.2,Tables Product 79,Furniture,Tables,6133.72,4595.0,4906.98,311.98,0.0636,Consumer,Madurai,Maharashtra
O52333,2025-12-29,C1293,P2072,3.0,0.1,Accessories Product 73,Technology,Accessories,59154.4,49684.38,159716.88,10663.74,0.0668,Consumer,Mumbai,Kerala
O52334,2025-05-03,C1332,P2038,1.0,0.05,Binders Product 39,Office Supplies,Binders,69402.41,51424.61,65932.29,14507.68,0.22,Consumer,Delhi,Tamil Nadu
O52335,2025-07-07,C1125,P2041,5.0,0.2,Laptops Product 42,Technology,Laptops,17089.78,12912.68,68359.12,3795.72,0.0555,Consumer,Delhi,Telangana
O52336,2025-08-18,C1342,P2047,4.0,0.15,Chairs Product 48,Furniture,Chairs,77562.16,49266.25,263711.34,66646.34,0.2527,Consumer,Madurai,Karnataka
O52337,2025-06-17,C1309,P2011,1.0,0.2,Tables Product 12,Furniture,Tables,47986.68,36009.74,38389.34,2379.6,0.062,Consumer,Pune,Kerala
O52338,2025-04-24,C1149,P2017,2.0,0.25,Stationery Product 18,Office Supplies,Stationery,38596.4,22564.5,57894.6,12765.6,0.2205,Consumer,Delhi,Karnataka
O52339,2025-09-09,C1015,P2078,3.0,0.0,Tables Product 79,Furniture,Tables,6133.72,4595.0,18401.16,4616.16,0.2509,Consumer,Coimbatore,Delhi
O52340,2025-04-17,C1027,P2005,2.0,0.1,Tables Product 6,Furniture,Tables,18627.38,11555.02,33529.28,10419.24,0.3108,Consumer,Salem,Karnataka
O52341,2025-02-06,C1495,P2042,2.0,0.1,Storage Product 43,Furniture,Storage,19092.63,15390.19,34366.73,3586.35,0.1044,Consumer,Pune,Delhi
O52342,2025-12-01,C1418,P2034,2.0,0.15,Stationery Product 35,Office Supplies,Stationery,6797.66,4643.32,11556.02,2269.38,0.1964,Corporate,Delhi,Maharashtra
O52343,2025-04-02,C1443,P2053,3.0,0.2,Accessories Product 54,Technology,Accessories,58991.24,45367.54,141578.98,5476.36,0.0387,Consumer,Coimbatore,Karnataka
O52344,2025-01-18,C1172,P2061,3.0,0.1,Storage Product 62,Furniture,Storage,41881.88,27770.86,113081.08,29768.5,0.2632,Consumer,Bengaluru,Karnataka
O52345,2025-12-20,C1045,P2068,3.0,0.15,Binders Product 69,Office Supplies,Binders,73518.62,55006.72,187472.48,22452.32,0.1198,Corporate,Kochi,Telangana
O52346,2025-03-04,C1327,P2015,3.0,0.15,Tables Product 16,Furniture,Tables,38551.13,28836.5,98305.38,11795.88,0.12,Corporate,Salem,Telangana
O52347,2025-05-30,C1235,P2007,2.0,0.05,Storage Product 8,Furniture,Storage,77465.02,47348.43,147183.54,52486.68,0.3566,Corporate,Pune,Kerala
O52348,2025-05-19,C1438,P2030,5.0,0.2,Chairs Product 31,Furniture,Chairs,38498.53,28996.9,153994.12,9009.62,0.0585,Corporate,Pune,Delhi
O52349,2025-07-05,C1213,P2009,5.0,0.15,Storage Product 10,Furniture,Storage,50209.76,29789.99,213391.48,64441.53,0.302,Consumer,Kochi,Telangana
O52350,2025-07-04,C1084,P2055,3.0,0.25,Binders Product 56,Office Supplies,Binders,16705.54,9805.04,37587.47,8172.35,0.2174,Consumer,Coimbatore,Karnataka
O52351,2025-07-24,C1281,P2075,4.0,0.1,Binders Product 76,Office Supplies,Binders,43695.78,24115.72,157304.81,60841.93,0.3868,Consumer,Kochi,Karnataka
O52352,2025-09-17,C1231,P2069,1.0,0.05,Binders Product 70,Office Supplies,Binders,31690.99,24240.66,30106.44,5865.78,0.1948,Consumer,Hyderabad,Telangana
O52353,2025-08-02,C1084,P2019,4.0,0.1,Chairs Product 20,Furniture,Chairs,44904.0,24841.99,161654.4,62286.44,0.3853,Consumer,Coimbatore,Karnataka
O52354,2025-09-13,C1408,P2004,4.0,0.0,Stationery Product 5,Office Supplies,Stationery,22154.95,19379.22,88619.8,11102.92,0.1253,Home Office,Bengaluru,Maharashtra
O52355,2025-05-15,C1488,P2022,4.0,0.25,Accessories Product 23,Technology,Accessories,16308.47,12700.29,48925.41,-1875.75,-0.0383,Home Office,Coimbatore,Tamil Nadu
O52356,2025-03-02,C1064,P2008,5.0,0.0,Paper Product 9,Office Supplies,Paper,12546.55,8779.06,62732.75,18837.45,0.3003,Consumer,Coimbatore,Tamil Nadu
O52357,2025-12-29,C1133,P2057,1.0,0.2,Laptops Product 58,Technology,Laptops,10032.16,7014.74,8025.73,1010.99,0.126,Consumer,Kochi,Delhi
O52358,2025-11-06,C1150,P2058,4.0,0.1,Paper Product 59,Office Supplies,Paper,8533.72,6340.06,30721.39,5361.15,0.1745,Home Office,Hyderabad,Tamil Nadu
O52359,2025-03-29,C1114,P2079,3.0,0.1,Tables Product 80,Furniture,Tables,60819.74,43495.05,164213.3,33728.15,0.2054,Corporate,Madurai,Kerala
O52360,2025-11-20,C1063,P2053,5.0,0.0,Accessories Product 54,Technology,Accessories,58991.24,45367.54,294956.2,68118.5,0.2309,Consumer,Delhi,Tamil Nadu
O52361,2025-07-26,C1342,P2045,3.0,0.15,Tables Product 46,Furniture,Tables,69698.77,48576.61,177731.86,32002.03,0.1801,Consumer,Madurai,Karnataka
O52362,2025-05-09,C1426,P2021,3.0,0.15,Laptops Product 22,Technology,Laptops,6562.71,4469.1,16734.91,3327.61,0.1988,Consumer,Madurai,Telangana
O52363,2025-11-07,C1362,P2063,4.0,0.1,Binders Product 64,Office Supplies,Binders,58712.04,35437.77,211363.34,69612.26,0.3293,Consumer,Bengaluru,Maharashtra
O52364,2025-01-03,C1406,P2007,3.0,0.25,Storage Product 8,Furniture,Storage,77465.02,47348.43,174296.3,32251.01,0.185,Consumer,Salem,Telangana
O52365,2025-08-30,C1351,P2019,1.0,0.1,Chairs Product 20,Furniture,Chairs,44904.0,24841.99,40413.6,15571.61,0.3853,Home Office,Salem,Tamil Nadu
O52366,2025-05-01,C1157,P2050,3.0,0.1,Phones Product 51,Technology,Phones,26671.88,18619.55,72014.08,16155.43,0.2243,Corporate,Salem,Tamil Nadu
O52367,2025-04-12,C1076,P2077,4.0,0.15,Laptops Product 78,Technology,Laptops,47839.89,34926.79,162655.63,22948.47,0.1411,Corporate,Kochi,Telangana
O52368,2025-02-07,C1490,P2038,3.0,0.05,Binders Product 39,Office Supplies,Binders,69402.41,51424.61,197796.87,43523.04,0.22,Consumer,Pune,Telangana
O52369,2025-12-07,C1145,P2036,5.0,0.25,Tables Product 37,Furniture,Tables,76874.21,52831.76,288278.29,24119.49,0.0837,Consumer,Mumbai,Delhi
O52370,2025-05-13,C1342,P2049,5.0,0.1,Accessories Product 50,Technology,Accessories,36467.03,22897.52,164101.64,49614.04,0.3023,Consumer,Madurai,Karnataka
O52371,2025-07-21,C1462,P2033,5.0,0.0,Accessories Product 34,Technology,Accessories,18507.84,16264.51,92539.2,11216.65,0.1212,Corporate,Chennai,Karnataka
O52372,2025-12-14,C1224,P2074,2.0,0.1,Paper Product 75,Office Supplies,Paper,63885.75,44320.26,114994.35,26353.83,0.2292,Consumer,Pune,Telangana
O52373,2025-01-21,C1404,P2032,5.0,0.15,Stationery Product 33,Office Supplies,Stationery,3779.83,2280.57,16064.28,4661.43,0.2902,Consumer,Mumbai,Tamil Nadu
O52374,2025-08-30,C1312,P2030,5.0,0.1,Chairs Product 31,Furniture,Chairs,38498.53,28996.9,173243.38,28258.88,0.1631,Consumer,Chennai,Kerala
O52375,2025-04-19,C1102,P2053,2.0,0.15,Accessories Product 54,Technology,Accessories,58991.24,45367.54,100285.11,9550.03,0.0952,Consumer,Delhi,Tamil Nadu
O52376,2025-10-30,C1406,P2043,5.0,0.0,Tables Product 44,Furniture,Tables,14620.74,9187.52,73103.7,27166.1,0.3716,Consumer,Salem,Telangana
O52377,2025-03-25,C1346,P2033,4.0,0.1,Accessories Product 34,Technology,Accessories,18507.84,16264.51,66628.22,1570.18,0.0236,Corporate,Coimbatore,Telangana
O52378,2025-03-24,C1300,P2070,5.0,0.2,Phones Product 71,Technology,Phones,79953.27,45246.36,319813.08,93581.28,0.2926,Consumer,Delhi,Telangana
O52379,2025-10-18,C1427,P2061,5.0,0.0,Storage Product 62,Furniture,Storage,41881.88,27770.86,209409.4,70555.1,0.3369,Home Office,Coimbatore,Maharashtra
O52380,2025-03-10,C1465,P2022,2.0,0.2,Accessories Product 23,Technology,Accessories,16308.47,12700.29,26093.55,692.97,0.0266,Consumer,Coimbatore,Tamil Nadu
O52381,2025-05-09,C1087,P2045,4.0,0.0,Tables Product 46,Furniture,Tables,69698.77,48576.61,278795.08,84488.64,0.303,Corporate,Coimbatore,Tamil Nadu
O52382,2025-07-15,C1370,P2055,3.0,0.2,Binders Product 56,Office Supplies,Binders,16705.54,9805.04,40093.3,10678.18,0.2663,Consumer,Salem,Tamil Nadu
O52383,2025-05-20,C1302,P2006,1.0,0.1,Laptops Product 7,Technology,Laptops,57279.45,42140.92,51551.5,9410.58,0.1825,Consumer,Mumbai,Delhi
O52384,2025-10-10,C1167,P2060,4.0,0.15,Laptops Product 61,Technology,Laptops,51237.86,42856.01,174208.72,2784.68,0.016,Consumer,Madurai,Kerala
O52385,2025-11-08,C1434,P2002,3.0,0.05,Accessories Product 3,Technology,Accessories,76083.83,45638.81,216838.92,79922.49,0.3686,Consumer,Madurai,Maharashtra
O52386,2025-08-22,C1169,P2037,4.0,0.0,Paper Product 38,Office Supplies,Paper,27871.02,18741.67,111484.08,36517.4,0.3276,Corporate,Delhi,Telangana
O52387,2025-01-23,C1134,P2033,3.0,0.05,Accessories Product 34,Technology,Accessories,18507.84,16264.51,52747.34,3953.81,0.075,Home Office,Salem,Delhi
O52388,2025-06-02,C1049,P2043,3.0,0.05,Tables Product 44,Furniture,Tables,14620.74,9187.52,41669.11,14106.55,0.3385,Consumer,Bengaluru,Kerala
O52389,2025-10-04,C1431,P2029,4.0,0.1,Phones Product 30,Technology,Phones,35257.0,27824.57,126925.2,15626.92,0.1231,Corporate,Salem,Karnataka
O52390,2025-03-02,C1339,P2016,2.0,0.1,Laptops Product 17,Technology,Laptops,60637.62,52413.59,109147.72,4320.54,0.0396,Consumer,Mumbai,Telangana
O52391,2025-11-15,C1346,P2058,4.0,0.15,Paper Product 59,Office Supplies,Paper,8533.72,6340.06,29014.65,3654.41,0.126,Corporate,Coimbatore,Telangana
O52392,2025-02-21,C1133,P2009,4.0,0.2,Storage Product 10,Furniture,Storage,50209.76,29789.99,160671.23,41511.27,0.2584,Consumer,Kochi,Delhi
O52393,2025-12-10,C1346,P2017,3.0,0.15,Stationery Product 18,Office Supplies,Stationery,38596.4,22564.5,98420.82,30727.32,0.3122,Corporate,Coimbatore,Telangana
O52394,2025-06-02,C1136,P2044,1.0,0.15,Stationery Product 45,Office Supplies,Stationery,33218.58,19028.06,28235.79,9207.73,0.3261,Consumer,Kochi,Tamil Nadu
O52395,2025-08-25,C1244,P2058,3.0,0.1,Paper Product 59,Office Supplies,Paper,8533.72,6340.06,23041.04,4020.86,0.1745,Consumer,Salem,Kerala
O52396,2025-11-07,C1108,P2061,5.0,0.1,Storage Product 62,Furniture,Storage,41881.88,27770.86,188468.46,49614.16,0.2632,Consumer,Salem,Maharashtra
O52397,2025-10-29,C1312,P2058,4.0,0.1,Paper Product 59,Office Supplies,Paper,8533.72,6340.06,30721.39,5361.15,0.1745,Consumer,Chennai,Kerala
O52398,2025-02-01,C1286,P2048,4.0,0.2,Storage Product 49,Furniture,Storage,47196.49,35282.94,151028.77,9897.01,0.0655,Consumer,Coimbatore,Tamil Nadu
O52399,2025-02-24,C1020,P2062,2.0,0.05,Storage Product 63,Furniture,Storage,2688.9,1752.13,5108.91,1604.65,0.3141,Corporate,Salem,Telangana
O52400,2025-12-18,C1089,P2031,3.0,0.0,Phones Product 32,Technology,Phones,27150.59,16564.55,81451.77,31758.12,0.3899,Consumer,Mumbai,Karnataka
O52401,2025-02-05,C1295,P2009,2.0,0.15,Storage Product 10,Furniture,Storage,50209.76,29789.99,85356.59,25776.61,0.302,Consumer,Bengaluru,Telangana
O52402,2025-04-20,C1111,P2010,4.0,0.05,Phones Product 11,Technology,Phones,49447.03,40193.38,187898.71,27125.19,0.1444,Consumer,Bengaluru,Karnataka
O52403,2025-06-26,C1300,P2069,3.0,0.25,Binders Product 70,Office Supplies,Binders,31690.99,24240.66,71304.73,-1417.25,-0.0199,Consumer,Delhi,Telangana
O52404,2025-12-28,C1076,P2061,3.0,0.2,Storage Product 62,Furniture,Storage,41881.88,27770.86,100516.51,17203.93,0.1712,Corporate,Kochi,Telangana
O52405,2025-11-10,C1176,P2046,5.0,0.0,Chairs Product 47,Furniture,Chairs,53110.92,30880.61,265554.6,111151.55,0.4186,Corporate,Delhi,Kerala
O52406,2025-10-22,C1342,P2033,5.0,0.05,Accessories Product 34,Technology,Accessories,18507.84,16264.51,87912.24,6589.69,0.075,Consumer,Madurai,Karnataka
O52407,2025-12-02,C1147,P2016,1.0,0.1,Laptops Product 17,Technology,Laptops,60637.62,52413.59,54573.86,2160.27,0.0396,Consumer,Pune,Maharashtra
O52408,2025-04-07,C1100,P2053,5.0,0.15,Accessories Product 54,Technology,Accessories,58991.24,45367.54,250712.77,23875.07,0.0952,Consumer,Pune,Kerala
O52409,2025-08-01,C1245,P2075,3.0,0.05,Binders Product 76,Office Supplies,Binders,43695.78,24115.72,124532.97,52185.81,0.4191,Home Office,Delhi,Delhi
O52410,2025-11-13,C1116,P2039,5.0,0.15,Chairs Product 40,Furniture,Chairs,31822.56,23868.26,135245.88,15904.58,0.1176,Corporate,Pune,Telangana
O52411,2025-05-17,C1091,P2018,1.0,0.15,Laptops Product 19,Technology,Laptops,45801.09,25468.21,38930.93,13462.72,0.3458,Corporate,Chennai,Maharashtra
O52412,2025-01-06,C1400,P2066,4.0,0.1,Stationery Product 67,Office Supplies,Stationery,54754.87,39098.68,197117.53,40722.81,0.2066,Consumer,Delhi,Tamil Nadu
O52413,2025-04-19,C1027,P2052,5.0,0.0,Chairs Product 53,Furniture,Chairs,20426.46,13656.17,102132.3,33851.45,0.3314,Consumer,Salem,Karnataka
O52414,2025-02-04,C1424,P2063,3.0,0.2,Binders Product 64,Office Supplies,Binders,58712.04,35437.77,140908.9,34595.59,0.2455,Consumer,Salem,Karnataka
O52415,2025-02-08,C1449,P2046,4.0,0.05,Chairs Product 47,Furniture,Chairs,53110.92,30880.61,201821.5,78299.06,0.388,Consumer,Mumbai,Delhi
O52416,2025-05-30,C1024,P2005,3.0,0.2,Tables Product 6,Furniture,Tables,18627.38,11555.02,44705.71,10040.65,0.2246,Consumer,Kochi,Maharashtra
O52417,2025-04-28,C1057,P2015,4.0,0.1,Tables Product 16,Furniture,Tables,38551.13,28836.5,138784.07,23438.07,0.1689,Consumer,Chennai,Telangana
O52418,2025-09-18,C1497,P2071,3.0,0.15,Paper Product 72,Office Supplies,Paper,79468.95,63440.16,202645.82,12325.34,0.0608,Consumer,Pune,Maharashtra
O52419,2025-03-28,C1296,P2017,5.0,0.2,Stationery Product 18,Office Supplies,Stationery,38596.4,22564.5,154385.6,41563.1,0.2692,Corporate,Kochi,Karnataka
O52420,2025-03-17,C1133,P2051,5.0,0.2,Chairs Product 52,Furniture,Chairs,34641.74,21896.2,138566.96,29085.96,0.2099,Consumer,Kochi,Delhi
O52421,2025-11-09,C1330,P2047,1.0,0.1,Chairs Product 48,Furniture,Chairs,77562.16,49266.25,69805.94,20539.69,0.2942,Consumer,Bengaluru,Maharashtra
O52422,2025-08-02,C1248,P2042,4.0,0.05,Storage Product 43,Furniture,Storage,19092.63,15390.19,72551.99,10991.23,0.1515,Home Office,Bengaluru,Karnataka
O52423,2025-10-12,C1037,P2038,1.0,0.2,Binders Product 39,Office Supplies,Binders,69402.41,51424.61,55521.93,4097.32,0.0738,Consumer,Chennai,Maharashtra
O52424,2025-08-27,C1389,P2048,2.0,0.1,Storage Product 49,Furniture,Storage,47196.49,35282.94,84953.68,14387.8,0.1694,Corporate,Delhi,Karnataka
O52425,2025-06-14,C1428,P2011,5.0,0.05,Tables Product 12,Furniture,Tables,47986.68,36009.74,227936.73,47888.03,0.2101,Consumer,Coimbatore,Delhi
O52426,2025-03-28,C1074,P2009,4.0,0.25,Storage Product 10,Furniture,Storage,50209.76,29789.99,150629.28,31469.32,0.2089,Corporate,Madurai,Karnataka
O52427,2025-05-21,C1141,P2070,1.0,0.05,Phones Product 71,Technology,Phones,79953.27,45246.36,75955.61,30709.25,0.4043,Consumer,Delhi,Telangana
O52428,2025-06-09,C1321,P2054,1.0,0.0,Chairs Product 55,Furniture,Chairs,56519.23,39410.95,56519.23,17108.28,0.3027,Corporate,Pune,Karnataka
O52429,2025-02-15,C1167,P2000,2.0,0.0,Laptops Product 1,Technology,Laptops,13340.82,10836.58,26681.64,5008.48,0.1877,Consumer,Madurai,Kerala
O52430,2025-04-22,C1258,P2048,1.0,0.15,Storage Product 49,Furniture,Storage,47196.49,35282.94,40117.02,4834.08,0.1205,Consumer,Bengaluru,Kerala
O52431,2025-02-14,C1372,P2035,3.0,0.15,Phones Product 36,Technology,Phones,2743.0,1741.9,6994.65,1768.95,0.2529,Consumer,Pune,Telangana
O52432,2025-09-04,C1354,P2020,5.0,0.1,Phones Product 21,Technology,Phones,42879.1,36071.45,192955.95,12598.7,0.0653,Consumer,Pune,Delhi
O52433,2025-04-14,C1224,P2036,1.0,0.1,Tables Product 37,Furniture,Tables,76874.21,52831.76,69186.79,16355.03,0.2364,Consumer,Pune,Telangana
O52434,2025-03-26,C1151,P2023,1.0,0.1,Binders Product 24,Office Supplies,Binders,13648.36,7977.57,12283.52,4305.95,0.3505,Consumer,Chennai,Karnataka
O52435,2025-05-14,C1018,P2054,2.0,0.15,Chairs Product 55,Furniture,Chairs,56519.23,39410.95,96082.69,17260.79,0.1796,Consumer,Pune,Tamil Nadu
O52436,2025-04-18,C1145,P2024,3.0,0.0,Storage Product 25,Furniture,Storage,71728.84,53529.53,215186.52,54597.93,0.2537,Consumer,Mumbai,Delhi
O52437,2025-01-18,C1447,P2006,1.0,0.25,Laptops Product 7,Technology,Laptops,57279.45,42140.92,42959.59,818.67,0.0191,Corporate,Chennai,Delhi
O52438,2025-04-04,C1240,P2070,5.0,0.05,Phones Product 71,Technology,Phones,79953.27,45246.36,379778.03,153546.23,0.4043,Home Office,Pune,Karnataka
O52439,2025-05-30,C1371,P2070,5.0,0.3,Phones Product 71,Technology,Phones,79953.27,45246.36,279836.44,53604.64,0.1916,Consumer,Salem,Maharashtra
O52440,2025-09-03,C1380,P2023,1.0,0.05,Binders Product 24,Office Supplies,Binders,13648.36,7977.57,12965.94,4988.37,0.3847,Consumer,Pune,Karnataka
O52441,2025-10-16,C1343,P2010,3.0,0.2,Phones Product 11,Technology,Phones,49447.03,40193.38,118672.87,-1907.27,-0.0161,Consumer,Chennai,Karnataka
O52442,2025-07-28,C1236,P2072,5.0,0.05,Accessories Product 73,Technology,Accessories,59154.4,49684.38,280983.4,32561.5,0.1159,Consumer,Salem,Maharashtra
O52443,2025-05-06,C1034,P2011,5.0,0.0,Tables Product 12,Furniture,Tables,47986.68,36009.74,239933.4,59884.7,0.2496,Home Office,Kochi,Telangana
O52444,2025-08-23,C1189,P2034,3.0,0.2,Stationery Product 35,Office Supplies,Stationery,6797.66,4643.32,16314.38,2384.42,0.1462,Consumer,Bengaluru,Tamil Nadu
O52445,2025-05-02,C1000,P2062,3.0,0.2,Storage Product 63,Furniture,Storage,2688.9,1752.13,6453.36,1196.97,0.1855,Consumer,Salem,Maharashtra
O52446,2025-05-18,C1483,P2067,1.0,0.1,Storage Product 68,Furniture,Storage,45777.6,25636.72,41199.84,15563.12,0.3777,Corporate,Bengaluru,Kerala
O52447,2025-04-25,C1152,P2056,4.0,0.15,Phones Product 57,Technology,Phones,10100.77,6325.84,34342.62,9039.26,0.2632,Consumer,Pune,Karnataka
O52448,2025-06-11,C1428,P2012,2.0,0.15,Laptops Product 13,Technology,Laptops,16281.82,11596.34,27679.09,4486.41,0.1621,Consumer,Coimbatore,Delhi
O52449,2025-07-20,C1432,P2022,4.0,0.2,Accessories Product 23,Technology,Accessories,16308.47,12700.29,52187.1,1385.94,0.0266,Corporate,Pune,Delhi
O52450,2025-08-22,C1125,P2038,4.0,0.1,Binders Product 39,Office Supplies,Binders,69402.41,51424.61,249848.68,44150.24,0.1767,Consumer,Delhi,Telangana
O52451,2025-01-28,C1490,P2079,5.0,0.1,Tables Product 80,Furniture,Tables,60819.74,43495.05,273688.83,56213.58,0.2054,Consumer,Pune,Telangana
O52452,2025-01-11,C1481,P2011,3.0,0.1,Tables Product 12,Furniture,Tables,47986.68,36009.74,129564.04,21534.82,0.1662,Corporate,Delhi,Telangana
O52453,2025-07-25,C1344,P2033,5.0,0.1,Accessories Product 34,Technology,Accessories,18507.84,16264.51,83285.28,1962.73,0.0236,Consumer,Hyderabad,Delhi
O52454,2025-06-16,C1399,P2070,2.0,0.25,Phones Product 71,Technology,Phones,79953.27,45246.36,119929.9,29437.18,0.2455,Corporate,Kochi,Maharashtra
O52455,2025-09-04,C1225,P2074,1.0,0.05,Paper Product 75,Office Supplies,Paper,63885.75,44320.26,60691.46,16371.2,0.2697,Consumer,Kochi,Kerala
O52456,2025-02-16,C1220,P2030,2.0,0.05,Chairs Product 31,Furniture,Chairs,38498.53,28996.9,73147.21,15153.41,0.2072,Corporate,Mumbai,Telangana
O52457,2025-09-03,C1402,P2061,5.0,0.15,Storage Product 62,Furniture,Storage,41881.88,27770.86,177997.99,39143.69,0.2199,Consumer,Salem,Telangana
O52458,2025-05-07,C1406,P2012,5.0,0.15,Laptops Product 13,Technology,Laptops,16281.82,11596.34,69197.74,11216.04,0.1621,Consumer,Salem,Telangana
O52459,2025-05-27,C1210,P2030,5.0,0.05,Chairs Product 31,Furniture,Chairs,38498.53,28996.9,182868.02,37883.52,0.2072,Consumer,Chennai,Tamil Nadu
O52460,2025-04-28,C1024,P2001,5.0,0.1,Tables Product 2,Furniture,Tables,61893.98,38740.54,278522.91,84820.21,0.3045,Consumer,Kochi,Maharashtra
O52461,2025-06-01,C1015,P2014,4.0,0.25,Chairs Product 15,Furniture,Chairs,12221.58,8595.65,36664.74,2282.14,0.0622,Consumer,Coimbatore,Delhi
O52462,2025-03-13,C1181,P2056,1.0,0.05,Phones Product 57,Technology,Phones,10100.77,6325.84,9595.73,3269.89,0.3408,Consumer,Salem,Tamil Nadu
O52463,2025-12-29,C1498,P2074,4.0,0.15,Paper Product 75,Office Supplies,Paper,63885.75,44320.26,217211.55,39930.51,0.1838,Home Office,Salem,Kerala
O52464,2025-05-17,C1328,P2033,5.0,0.15,Accessories Product 34,Technology,Accessories,18507.84,16264.51,78658.32,-2664.23,-0.0339,Consumer,Bengaluru,Delhi
O52465,2025-06-24,C1128,P2067,3.0,0.1,Storage Product 68,Furniture,Storage,45777.6,25636.72,123599.52,46689.36,0.3777,Consumer,Kochi,Tamil Nadu
O52466,2025-10-16,C1041,P2074,4.0,0.25,Paper Product 75,Office Supplies,Paper,63885.75,44320.26,191657.25,14376.21,0.075,Consumer,Bengaluru,Tamil Nadu
O52467,2025-01-19,C1402,P2028,5.0,0.15,Tables Product 29,Furniture,Tables,62771.45,44486.02,266778.66,44348.56,0.1662,Consumer,Salem,Telangana
O52468,2025-07-14,C1480,P2065,5.0,0.1,Binders Product 66,Office Supplies,Binders,20647.93,15864.6,92915.68,13592.68,0.1463,Corporate,Bengaluru,Kerala
O52469,2025-11-26,C1417,P2015,1.0,0.15,Tables Product 16,Furniture,Tables,38551.13,28836.5,32768.46,3931.96,0.12,Consumer,Kochi,Kerala
O52470,2025-06-24,C1335,P2038,2.0,0.15,Binders Product 39,Office Supplies,Binders,69402.41,51424.61,117984.1,15134.88,0.1283,Consumer,Hyderabad,Kerala
O52471,2025-12-20,C1235,P2076,4.0,0.15,Phones Product 77,Technology,Phones,31874.96,24846.67,108374.86,8988.18,0.0829,Corporate,Pune,Kerala
O52472,2025-05-21,C1359,P2036,4.0,0.2,Tables Product 37,Furniture,Tables,76874.21,52831.76,245997.47,34670.43,0.1409,Consumer,Hyderabad,Telangana
O52473,2025-09-03,C1438,P2020,4.0,0.1,Phones Product 21,Technology,Phones,42879.1,36071.45,154364.76,10078.96,0.0653,Corporate,Pune,Delhi
O52474,2025-04-03,C1401,P2043,5.0,0.1,Tables Product 44,Furniture,Tables,14620.74,9187.52,65793.33,19855.73,0.3018,Home Office,Hyderabad,Delhi
O52475,2025-08-27,C1033,P2018,1.0,0.05,Laptops Product 19,Technology,Laptops,45801.09,25468.21,43511.04,18042.83,0.4147,Home Office,Chennai,Karnataka
O52476,2025-07-24,C1344,P2070,5.0,0.0,Phones Product 71,Technology,Phones,79953.27,45246.36,399766.35,173534.55,0.4341,Consumer,Hyderabad,Delhi
O52477,2025-02-17,C1380,P2007,5.0,0.0,Storage Product 8,Furniture,Storage,77465.02,47348.43,387325.1,150582.95,0.3888,Consumer,Pune,Karnataka
O52478,2025-09-02,C1044,P2076,3.0,0.2,Phones Product 77,Technology,Phones,31874.96,24846.67,76499.9,1959.89,0.0256,Consumer,Kochi,Kerala
O52479,2025-11-16,C1133,P2065,1.0,0.15,Binders Product 66,Office Supplies,Binders,20647.93,15864.6,17550.74,1686.14,0.0961,Consumer,Kochi,Delhi
O52480,2025-11-13,C1020,P2040,4.0,0.15,Tables Product 41,Furniture,Tables,52504.24,46067.43,178514.42,-5755.3,-0.0322,Corporate,Salem,Telangana
O52481,2025-10-22,C1121,P2074,2.0,0.15,Paper Product 75,Office Supplies,Paper,63885.75,44320.26,108605.78,19965.26,0.1838,Home Office,Mumbai,Telangana
O52482,2025-05-08,C1069,P2069,4.0,0.2,Binders Product 70,Office Supplies,Binders,31690.99,24240.66,101411.17,4448.53,0.0439,Home Office,Chennai,Kerala
O52483,2025-12-10,C1351,P2060,5.0,0.1,Laptops Product 61,Technology,Laptops,51237.86,42856.01,230570.37,16290.32,0.0707,Home Office,Salem,Tamil Nadu
O52484,2025-10-09,C1360,P2025,1.0,0.2,Storage Product 26,Furniture,Storage,43441.32,34057.56,34753.06,695.5,0.02,Consumer,Coimbatore,Telangana
O52485,2025-01-17,C1047,P2070,1.0,0.1,Phones Product 71,Technology,Phones,79953.27,45246.36,71957.94,26711.58,0.3712,Consumer,Delhi,Karnataka
O52486,2025-03-12,C1490,P2069,1.0,0.25,Binders Product 70,Office Supplies,Binders,31690.99,24240.66,23768.24,-472.42,-0.0199,Consumer,Pune,Telangana
O52487,2025-09-26,C1038,P2028,3.0,0.15,Tables Product 29,Furniture,Tables,62771.45,44486.02,160067.2,26609.14,0.1662,Corporate,Kochi,Maharashtra
O52488,2025-11-21,C1286,P2065,4.0,0.05,Binders Product 66,Office Supplies,Binders,20647.93,15864.6,78462.13,15003.73,0.1912,Consumer,Coimbatore,Tamil Nadu
O52489,2025-10-09,C1489,P2018,3.0,0.15,Laptops Product 19,Technology,Laptops,45801.09,25468.21,116792.78,40388.15,0.3458,Home Office,Madurai,Delhi
O52490,2025-11-01,C1009,P2067,2.0,0.15,Storage Product 68,Furniture,Storage,45777.6,25636.72,77821.92,26548.48,0.3411,Corporate,Bengaluru,Telangana
O52491,2025-01-07,C1029,P2057,5.0,0.05,Laptops Product 58,Technology,Laptops,10032.16,7014.74,47652.76,12579.06,0.264,Consumer,Chennai,Maharashtra
O52492,2025-11-10,C1243,P2069,3.0,0.15,Binders Product 70,Office Supplies,Binders,31690.99,24240.66,80812.02,8090.04,0.1001,Consumer,Kochi,Karnataka
O52493,2025-11-01,C1273,P2056,3.0,0.1,Phones Product 57,Technology,Phones,10100.77,6325.84,27272.08,8294.56,0.3041,Home Office,Mumbai,Maharashtra
O52494,2025-04-13,C1443,P2036,5.0,0.0,Tables Product 37,Furniture,Tables,76874.21,52831.76,384371.05,120212.25,0.3128,Consumer,Coimbatore,Karnataka
O52495,2025-11-05,C1087,P2060,1.0,0.25,Laptops Product 61,Technology,Laptops,51237.86,42856.01,38428.4,-4427.61,-0.1152,Corporate,Coimbatore,Tamil Nadu
O52496,2025-07-12,C1243,P2029,5.0,0.15,Phones Product 30,Technology,Phones,35257.0,27824.57,149842.25,10719.4,0.0715,Consumer,Kochi,Karnataka
O52497,2025-08-29,C1380,P2070,4.0,0.2,Phones Product 71,Technology,Phones,79953.27,45246.36,255850.46,74865.02,0.2926,Consumer,Pune,Karnataka
O52498,2025-03-03,C1328,P2072,5.0,0.15,Accessories Product 73,Technology,Accessories,59154.4,49684.38,251406.2,2984.3,0.0119,Consumer,Bengaluru,Delhi
O52499,2025-01-17,C1478,P2024,1.0,0.1,Storage Product 25,Furniture,Storage,71728.84,53529.53,64555.96,11026.43,0.1708,Home Office,Madurai,Maharashtra
